distance_km,weight_kg,price,payment_method,order_hour,is_fraud,data_source
29.55,74.31,968,Wallet,12,1,synthetic
51.55,43.65,620,Prepaid,11,0,synthetic
592.39,8.52,685,COD,7,0,synthetic
573.65,114.1,1935,Prepaid,4,0,synthetic
54.9,10.47,225,Prepaid,16,0,real_openml_creditcard_42397
149.74,28.41,526,Wallet,4,1,synthetic
696.71,63.56,1440,Wallet,18,0,synthetic
81.14,61.63,863,Prepaid,1,0,synthetic
93.68,8.14,232,COD,11,0,real_openml_creditcard_42397
374.84,115.55,1774,COD,6,0,synthetic
471.23,58.06,1171,Prepaid,10,0,synthetic
560.84,46.27,1110,Prepaid,13,0,synthetic
36.46,53.1,720,Prepaid,19,0,real_openml_creditcard_42397
132.71,1.21,184,COD,20,0,real_openml_creditcard_42397
231.19,1.08,271,Wallet,11,0,real_openml_creditcard_42397
378.96,116.25,1786,Wallet,0,0,synthetic
3.4,10.58,180,Prepaid,16,0,real_openml_creditcard_42397
152.85,1.2,202,Wallet,20,0,real_openml_creditcard_42397
292.37,10.86,443,Wallet,2,0,synthetic
4.44,68.75,879,Wallet,8,1,synthetic
497.19,63.46,1259,Wallet,11,0,synthetic
174.15,73.78,1092,Wallet,10,0,synthetic
40.34,7.97,182,Prepaid,13,0,real_openml_creditcard_42397
328.18,14.39,518,Prepaid,8,0,real_openml_creditcard_42397
208.4,20.11,479,COD,16,0,synthetic
7.23,11.62,196,Prepaid,21,0,real_openml_creditcard_42397
62.78,7.96,202,COD,13,0,real_openml_creditcard_42397
661.36,85.95,1677,COD,19,0,synthetic
291.72,31.7,693,Wallet,19,0,real_openml_creditcard_42397
281.55,108.87,1610,Prepaid,2,0,synthetic
97.65,30.84,508,Wallet,1,0,synthetic
275.01,14.37,470,Wallet,23,0,real_openml_creditcard_42397
30.85,10.52,204,Wallet,11,0,real_openml_creditcard_42397
93.88,4.38,187,Prepaid,18,0,real_openml_creditcard_42397
624.56,43.37,1132,Wallet,16,0,synthetic
188.15,21.22,474,Wallet,21,0,real_openml_creditcard_42397
79.99,5.58,189,Wallet,12,0,real_openml_creditcard_42397
757.58,24.44,1025,Prepaid,9,0,synthetic
38.58,8.36,185,Wallet,11,0,real_openml_creditcard_42397
77.26,6.54,198,COD,19,0,real_openml_creditcard_42397
83.04,5.69,193,COD,21,0,real_openml_creditcard_42397
373.98,31.69,767,COD,11,0,synthetic
532.22,40.01,1009,COD,4,0,synthetic
354.58,76.42,1286,Prepaid,8,0,synthetic
196.73,4.33,279,Prepaid,8,0,real_openml_creditcard_42397
13.19,10.18,184,Wallet,19,0,real_openml_creditcard_42397
169.91,26.26,518,Wallet,9,0,real_openml_creditcard_42397
186.81,26.22,533,Wallet,6,0,synthetic
706.59,8.17,784,Prepaid,15,0,real_openml_creditcard_42397
196.94,103.21,1466,Wallet,14,0,synthetic
88.63,4.27,181,COD,12,0,real_openml_creditcard_42397
623.77,111.8,1953,COD,9,0,real_openml_creditcard_42397
123.12,1.93,184,Wallet,22,0,real_openml_creditcard_42397
35.67,10.99,214,Prepaid,21,0,real_openml_creditcard_42397
752.55,51.65,1347,COD,0,0,synthetic
330.96,55.34,1012,Wallet,12,0,real_openml_creditcard_42397
501.32,41.14,995,Prepaid,14,0,synthetic
777.48,95.45,1895,Wallet,8,0,synthetic
209.6,10.7,367,Wallet,23,0,real_openml_creditcard_42397
354.55,6.41,446,Wallet,19,0,real_openml_creditcard_42397
560.03,78.43,1495,COD,2,0,synthetic
146.71,44.42,715,Prepaid,7,0,synthetic
421.71,23.79,715,Wallet,21,0,real_openml_creditcard_42397
57.81,6.66,182,Prepaid,17,0,real_openml_creditcard_42397
780.3,1.18,766,COD,22,0,synthetic
17.28,12.54,216,Wallet,21,0,real_openml_creditcard_42397
271.4,62.65,1046,Wallet,22,0,synthetic
668.91,26.11,965,Prepaid,13,0,synthetic
147.84,2.41,212,Wallet,8,0,real_openml_creditcard_42397
775.64,10.74,877,Prepaid,15,0,real_openml_creditcard_42397
716.54,89.78,1772,Prepaid,1,0,synthetic
766.38,70.33,1584,Wallet,16,0,synthetic
789.42,23.07,1037,Prepaid,17,0,synthetic
599.63,119.41,2023,Wallet,8,0,synthetic
31.76,9.53,193,COD,8,0,real_openml_creditcard_42397
42.73,8.46,190,Prepaid,16,0,real_openml_creditcard_42397
244.99,6.04,343,Prepaid,14,0,real_openml_creditcard_42397
753.0,39.22,1198,Wallet,1,0,synthetic
633.31,97.06,1785,COD,17,0,synthetic
744.67,64.28,1492,Wallet,18,0,synthetic
755.83,115.16,2112,Wallet,7,0,synthetic
459.86,39.72,940,COD,10,0,synthetic
310.64,18.15,547,Prepaid,0,0,synthetic
68.23,7.97,207,Wallet,19,0,real_openml_creditcard_42397
33.53,14.82,258,Wallet,11,0,real_openml_creditcard_42397
88.12,4.39,182,COD,23,0,real_openml_creditcard_42397
743.66,76.11,1633,COD,4,0,synthetic
263.65,65.72,1076,Prepaid,23,0,synthetic
721.31,27.15,1025,Wallet,6,0,synthetic
669.25,99.05,1841,Prepaid,22,0,synthetic
508.49,11.64,647,Wallet,17,0,synthetic
125.76,2.9,198,Wallet,10,0,real_openml_creditcard_42397
63.75,16.47,305,Wallet,14,0,real_openml_creditcard_42397
76.79,12.26,266,Prepaid,8,0,synthetic
1652.93,84.95,2557,COD,13,0,real_openml_creditcard_42397
241.53,27.3,595,COD,16,0,real_openml_creditcard_42397
171.75,7.7,297,Prepaid,16,0,real_openml_creditcard_42397
364.84,1.05,391,Wallet,11,0,real_openml_creditcard_42397
116.61,7.67,247,Wallet,11,0,real_openml_creditcard_42397
767.7,93.43,1862,Prepaid,21,0,synthetic
51.74,37.2,543,Prepaid,11,0,real_openml_creditcard_42397
287.12,53.0,944,Wallet,6,0,synthetic
514.17,100.16,1715,Prepaid,16,0,synthetic
18.09,18.29,286,COD,4,0,synthetic
221.66,52.89,884,COD,22,0,synthetic
415.03,5.53,490,Prepaid,14,0,synthetic
975.05,14.04,1096,Wallet,3,0,real_openml_creditcard_42397
31.45,9.81,196,Wallet,22,0,real_openml_creditcard_42397
734.84,24.25,1002,Wallet,18,0,synthetic
119.34,111.47,1495,Wallet,2,0,synthetic
135.54,1.08,185,Wallet,17,0,real_openml_creditcard_42397
696.91,77.42,1606,COD,21,0,synthetic
630.88,58.11,1315,Wallet,9,1,synthetic
13.39,14.25,233,Wallet,20,0,real_openml_creditcard_42397
112.65,4.05,200,COD,19,0,real_openml_creditcard_42397
30.03,8.91,184,Wallet,14,0,real_openml_creditcard_42397
345.56,5.88,432,Prepaid,6,0,synthetic
655.74,39.06,1109,COD,19,0,synthetic
679.06,108.13,1959,Prepaid,20,0,synthetic
755.53,114.02,2098,COD,3,0,synthetic
604.18,24.28,885,Wallet,18,0,synthetic
60.7,49.02,693,Wallet,12,0,synthetic
381.71,95.14,1535,COD,15,0,synthetic
473.84,71.97,1340,Wallet,6,1,synthetic
148.9,9.53,298,COD,1,0,synthetic
633.7,9.56,735,Wallet,5,0,synthetic
779.92,59.46,1465,Prepaid,21,0,synthetic
52.6,47.14,663,Wallet,7,0,synthetic
57.56,31.52,480,Wallet,14,0,real_openml_creditcard_42397
32.09,9.93,198,Wallet,23,0,real_openml_creditcard_42397
675.49,48.29,1237,Wallet,23,0,synthetic
87.49,11.19,263,Prepaid,10,0,real_openml_creditcard_42397
326.54,87.29,1391,COD,11,0,synthetic
323.13,14.91,520,Wallet,5,0,synthetic
176.18,9.54,323,COD,9,0,real_openml_creditcard_42397
355.54,103.52,1612,Prepaid,1,0,synthetic
446.2,75.97,1363,Wallet,22,0,synthetic
65.8,8.9,216,Prepaid,0,0,real_openml_creditcard_42397
22.66,12.13,216,Prepaid,8,0,real_openml_creditcard_42397
21.97,9.94,189,Wallet,17,0,real_openml_creditcard_42397
225.97,16.39,450,Wallet,15,0,real_openml_creditcard_42397
155.61,0.58,197,Prepaid,23,0,real_openml_creditcard_42397
52.45,21.68,357,COD,5,1,synthetic
60.85,4.95,164,Prepaid,19,0,synthetic
291.19,111.86,1654,Wallet,12,0,synthetic
23.07,9.77,188,Prepaid,14,0,real_openml_creditcard_42397
62.29,11.75,247,Prepaid,0,0,real_openml_creditcard_42397
108.29,5.46,213,Wallet,14,0,real_openml_creditcard_42397
230.13,95.92,1408,Prepaid,11,0,synthetic
48.89,111.14,1428,COD,16,0,synthetic
31.19,71.34,934,Prepaid,16,1,synthetic
376.01,52.02,1013,Wallet,6,0,synthetic
219.23,56.47,925,Prepaid,21,0,synthetic
218.06,1.65,266,COD,9,0,real_openml_creditcard_42397
133.42,4.58,225,COD,20,0,real_openml_creditcard_42397
25.62,108.16,1371,Wallet,14,0,synthetic
136.27,111.43,1510,COD,18,0,synthetic
141.53,3.64,221,COD,19,0,real_openml_creditcard_42397
172.94,93.64,1329,COD,14,0,synthetic
179.94,91.41,1309,Wallet,9,1,synthetic
742.32,4.61,773,COD,5,0,synthetic
371.18,18.4,605,Prepaid,18,0,synthetic
116.37,5.11,216,Wallet,14,0,real_openml_creditcard_42397
656.97,49.3,1233,Prepaid,0,0,synthetic
239.91,115.29,1649,Prepaid,0,0,synthetic
313.08,42.16,838,Wallet,18,1,synthetic
141.83,4.28,229,Wallet,20,0,real_openml_creditcard_42397
621.54,97.36,1778,Wallet,5,0,synthetic
514.98,90.06,1594,COD,20,0,synthetic
766.0,24.2,1030,COD,22,0,synthetic
642.46,5.4,693,Wallet,17,0,synthetic
38.66,9.52,199,Wallet,10,0,real_openml_creditcard_42397
127.67,1.59,184,COD,18,0,real_openml_creditcard_42397
33.63,81.98,1064,COD,6,0,synthetic
453.49,35.3,882,Prepaid,11,0,synthetic
752.39,47.44,1296,Prepaid,10,0,synthetic
39.43,8.96,193,COD,10,0,real_openml_creditcard_42397
613.86,63.71,1367,Wallet,9,0,real_openml_creditcard_42397
8.08,10.48,183,COD,16,0,real_openml_creditcard_42397
136.34,56.79,854,COD,1,0,synthetic
19.37,11.13,201,Prepaid,12,0,real_openml_creditcard_42397
133.73,90.37,1255,Prepaid,15,0,synthetic
97.13,11.05,270,COD,22,0,real_openml_creditcard_42397
89.62,5.94,202,Prepaid,20,0,real_openml_creditcard_42397
1499.93,76.34,2316,COD,16,0,real_openml_creditcard_42397
731.29,96.25,1863,Wallet,13,0,synthetic
107.07,5.39,211,Wallet,19,0,real_openml_creditcard_42397
407.66,112.27,1764,Wallet,21,0,synthetic
336.31,21.39,609,COD,2,0,synthetic
585.05,4.33,629,Wallet,21,0,synthetic
98.21,54.69,795,COD,14,0,synthetic
355.77,57.07,1055,Wallet,18,0,synthetic
427.36,4.48,488,Wallet,23,0,synthetic
255.62,42.83,794,Wallet,12,0,real_openml_creditcard_42397
683.77,48.29,1245,Wallet,9,0,synthetic
446.17,67.62,1263,Wallet,23,0,synthetic
648.75,2.8,667,COD,19,0,synthetic
791.63,5.92,834,COD,8,0,synthetic
341.08,85.39,1382,Prepaid,17,0,synthetic
122.48,1.81,182,COD,22,0,real_openml_creditcard_42397
99.02,7.57,230,COD,18,0,real_openml_creditcard_42397
699.19,21.86,942,COD,0,0,synthetic
97.41,8.86,244,COD,19,0,real_openml_creditcard_42397
193.15,34.28,635,COD,13,0,synthetic
366.9,134.4,1993,Prepaid,15,0,real_openml_creditcard_42397
385.99,82.79,1391,Wallet,6,0,synthetic
415.19,36.06,856,COD,7,0,synthetic
616.99,92.77,1718,Prepaid,8,0,synthetic
178.87,11.92,354,COD,9,0,real_openml_creditcard_42397
4.27,67.61,865,COD,13,0,synthetic
67.72,100.53,1317,COD,13,0,synthetic
34.29,8.43,182,COD,22,0,real_openml_creditcard_42397
183.12,19.27,446,Prepaid,14,0,real_openml_creditcard_42397
630.65,15.05,798,COD,17,0,synthetic
546.63,15.83,732,COD,22,0,synthetic
66.06,6.05,182,Prepaid,23,0,real_openml_creditcard_42397
767.51,61.7,1481,Wallet,10,0,synthetic
158.01,16.3,388,Wallet,9,0,synthetic
136.14,25.81,482,COD,3,0,synthetic
51.13,9.25,207,Prepaid,21,0,real_openml_creditcard_42397
294.92,76.08,1228,Prepaid,15,0,synthetic
111.42,7.81,244,Wallet,11,0,real_openml_creditcard_42397
167.78,14.33,373,Prepaid,16,0,real_openml_creditcard_42397
619.25,101.77,1829,COD,1,0,synthetic
328.58,26.65,666,Wallet,15,0,synthetic
731.73,98.93,1896,Wallet,14,0,synthetic
193.15,26.52,542,COD,15,0,synthetic
174.22,14.77,384,COD,12,0,real_openml_creditcard_42397
134.42,16.25,366,COD,11,0,real_openml_creditcard_42397
69.61,19.41,346,COD,18,0,synthetic
132.26,13.0,325,Wallet,21,0,real_openml_creditcard_42397
320.65,33.24,737,Prepaid,0,0,synthetic
74.87,29.38,470,Wallet,11,0,synthetic
438.5,90.62,1532,Prepaid,7,1,synthetic
366.16,3.75,425,Wallet,15,0,synthetic
449.63,20.73,703,Wallet,12,0,synthetic
795.27,14.52,940,Prepaid,21,0,synthetic
319.06,108.55,1640,Wallet,20,0,synthetic
27.73,25.37,379,Wallet,5,0,synthetic
104.36,6.34,220,Wallet,13,0,real_openml_creditcard_42397
185.4,2.85,251,Prepaid,14,0,real_openml_creditcard_42397
261.93,34.83,704,Wallet,19,0,synthetic
197.38,119.87,1666,COD,14,0,synthetic
338.12,63.52,1117,Prepaid,22,0,synthetic
307.57,51.12,940,Prepaid,18,0,synthetic
144.2,3.02,216,Wallet,10,0,real_openml_creditcard_42397
10.21,16.15,253,Prepaid,21,0,real_openml_creditcard_42397
33.22,97.58,1251,Wallet,21,0,synthetic
857.26,37.04,1266,Prepaid,12,0,real_openml_creditcard_42397
49.17,7.65,186,COD,17,0,real_openml_creditcard_42397
38.87,8.08,182,Wallet,7,0,real_openml_creditcard_42397
338.44,69.84,1193,Wallet,8,0,synthetic
222.17,79.18,1200,COD,3,0,synthetic
98.65,64.67,915,COD,14,0,synthetic
20.59,35.62,496,Prepaid,21,0,real_openml_creditcard_42397
171.23,16.16,398,Prepaid,1,0,real_openml_creditcard_42397
760.76,109.68,2051,Prepaid,3,0,synthetic
93.17,4.76,191,Prepaid,0,0,real_openml_creditcard_42397
55.47,6.76,181,Prepaid,9,0,real_openml_creditcard_42397
518.07,110.43,1841,COD,4,0,synthetic
789.61,43.28,1280,COD,1,0,synthetic
69.57,8.62,216,Prepaid,5,0,real_openml_creditcard_42397
16.52,17.18,271,COD,18,0,real_openml_creditcard_42397
568.21,85.44,1587,Wallet,0,1,synthetic
75.85,26.98,442,COD,12,0,real_openml_creditcard_42397
289.78,0.77,320,COD,14,0,synthetic
363.64,85.66,1405,COD,11,0,synthetic
351.78,24.31,658,COD,23,0,synthetic
769.92,29.41,1096,COD,4,0,synthetic
58.34,9.96,222,Prepaid,15,0,real_openml_creditcard_42397
17.35,97.37,1234,Wallet,9,0,synthetic
162.18,3.09,233,Prepaid,13,0,real_openml_creditcard_42397
629.43,73.39,1497,Wallet,8,0,synthetic
92.51,4.15,183,Wallet,23,0,real_openml_creditcard_42397
15.14,11.45,201,Wallet,5,0,real_openml_creditcard_42397
597.16,25.43,893,Prepaid,14,0,synthetic
4.11,15.94,245,Wallet,16,0,real_openml_creditcard_42397
122.08,2.09,185,Prepaid,19,0,real_openml_creditcard_42397
101.07,8.42,242,Prepaid,11,0,real_openml_creditcard_42397
110.18,5.74,218,COD,17,0,real_openml_creditcard_42397
470.25,97.66,1645,Wallet,6,0,synthetic
52.76,7.13,183,COD,5,0,real_openml_creditcard_42397
44.38,104.01,1338,COD,7,0,synthetic
206.18,39.67,712,Prepaid,14,0,synthetic
51.9,7.11,182,COD,7,0,real_openml_creditcard_42397
350.63,60.22,1088,COD,5,0,synthetic
28.93,80.94,1047,Prepaid,20,0,synthetic
365.35,57.62,1070,COD,14,0,synthetic
218.7,83.6,1250,COD,9,0,real_openml_creditcard_42397
439.69,100.29,1649,Prepaid,13,1,synthetic
103.58,3.4,184,Prepaid,8,0,real_openml_creditcard_42397
649.69,109.72,1951,Wallet,2,1,synthetic
145.19,2.86,215,COD,10,0,real_openml_creditcard_42397
141.71,5.62,245,Prepaid,8,0,real_openml_creditcard_42397
129.38,4.13,216,COD,9,0,real_openml_creditcard_42397
204.38,46.62,793,COD,4,0,synthetic
155.36,1.01,202,Prepaid,16,0,real_openml_creditcard_42397
315.56,68.72,1159,Prepaid,14,0,synthetic
200.83,116.99,1635,COD,0,1,synthetic
337.58,41.33,850,Wallet,11,0,synthetic
142.79,1.46,196,COD,18,0,real_openml_creditcard_42397
428.86,37.86,890,COD,16,0,synthetic
619.12,28.23,946,Wallet,10,0,real_openml_creditcard_42397
417.66,33.05,823,Prepaid,3,0,synthetic
4.45,27.67,386,Wallet,16,0,real_openml_creditcard_42397
1.37,22.68,323,COD,3,0,synthetic
8.47,12.78,211,Prepaid,2,0,real_openml_creditcard_42397
167.92,115.24,1584,Prepaid,11,0,synthetic
375.99,31.17,762,COD,23,0,synthetic
295.48,3.76,361,COD,15,0,real_openml_creditcard_42397
553.3,39.1,1017,COD,3,0,synthetic
209.46,119.55,1673,Prepaid,7,0,synthetic
76.91,6.23,194,Prepaid,12,0,real_openml_creditcard_42397
511.98,84.16,1521,COD,17,0,synthetic
132.17,48.91,756,Prepaid,19,0,synthetic
600.88,44.29,1122,Wallet,4,0,synthetic
64.79,8.56,211,COD,17,0,real_openml_creditcard_42397
169.1,5.9,273,Prepaid,22,0,real_openml_creditcard_42397
52.3,12.91,252,Prepaid,22,0,real_openml_creditcard_42397
110.88,13.85,316,Prepaid,14,0,real_openml_creditcard_42397
147.11,49.79,780,Wallet,0,0,synthetic
634.74,58.1,1319,Wallet,3,0,synthetic
789.86,43.85,1287,Wallet,21,1,synthetic
357.94,58.32,1072,Prepaid,20,0,synthetic
417.84,12.83,580,COD,8,0,real_openml_creditcard_42397
188.57,96.44,1377,COD,13,0,real_openml_creditcard_42397
207.59,79.72,1193,COD,9,0,synthetic
139.88,0.51,182,Prepaid,14,0,real_openml_creditcard_42397
687.96,10.75,798,Prepaid,2,0,synthetic
11.72,101.01,1273,Prepaid,22,0,synthetic
306.92,50.13,928,Wallet,17,0,synthetic
664.03,34.89,1066,Prepaid,23,0,synthetic
4.15,3.7,98,COD,8,0,synthetic
739.5,91.88,1818,Prepaid,10,0,synthetic
149.49,16.2,379,Wallet,17,0,real_openml_creditcard_42397
91.52,4.05,181,Prepaid,14,0,real_openml_creditcard_42397
34.97,14.29,253,COD,19,0,real_openml_creditcard_42397
61.86,8.19,204,Prepaid,14,0,real_openml_creditcard_42397
126.16,9.29,275,COD,2,0,real_openml_creditcard_42397
623.63,78.6,1554,Wallet,13,0,synthetic
12.94,108.94,1369,COD,18,0,synthetic
770.94,44.88,1282,COD,18,0,synthetic
773.35,4.93,805,Prepaid,14,0,synthetic
192.92,96.06,1376,COD,9,0,synthetic
101.65,7.71,234,Wallet,21,0,real_openml_creditcard_42397
674.92,13.79,823,Wallet,5,0,synthetic
289.54,10.91,442,Wallet,14,0,synthetic
98.57,3.61,182,Prepaid,7,0,real_openml_creditcard_42397
472.83,101.16,1689,COD,21,0,synthetic
641.4,23.37,908,COD,21,0,synthetic
459.67,82.27,1451,COD,12,0,synthetic
296.24,17.23,523,Prepaid,9,0,synthetic
507.38,117.83,1921,Prepaid,19,0,synthetic
106.66,2.83,180,Wallet,22,0,real_openml_creditcard_42397
11.85,23.69,345,COD,15,0,real_openml_creditcard_42397
155.82,1.23,205,COD,18,0,real_openml_creditcard_42397
16.54,9.68,181,COD,14,0,real_openml_creditcard_42397
176.91,1.34,225,Prepaid,11,0,synthetic
261.33,2.49,315,COD,8,0,synthetic
522.29,84.42,1533,Wallet,6,0,synthetic
119.9,2.09,183,COD,21,0,real_openml_creditcard_42397
2.0,51.22,666,Prepaid,3,0,synthetic
263.15,2.52,317,Wallet,18,0,synthetic
59.51,13.54,266,Wallet,9,0,real_openml_creditcard_42397
619.2,103.92,1854,Wallet,17,0,synthetic
323.25,7.59,432,COD,17,0,real_openml_creditcard_42397
527.08,11.85,667,COD,23,0,synthetic
109.19,5.23,211,COD,11,0,real_openml_creditcard_42397
129.52,1.2,181,Prepaid,11,0,real_openml_creditcard_42397
38.99,9.99,205,Prepaid,0,0,real_openml_creditcard_42397
83.65,16.31,321,COD,20,0,real_openml_creditcard_42397
768.88,32.49,1132,COD,14,0,synthetic
314.41,89.89,1412,Wallet,12,0,synthetic
181.58,57.91,908,COD,19,0,synthetic
2.05,32.82,446,Prepaid,15,0,synthetic
190.23,6.07,294,Wallet,9,0,real_openml_creditcard_42397
508.09,43.56,1030,Wallet,8,0,synthetic
51.51,8.97,204,COD,0,0,real_openml_creditcard_42397
318.6,17.33,545,Wallet,4,0,synthetic
43.94,7.62,181,Wallet,9,0,real_openml_creditcard_42397
85.42,5.51,193,COD,22,0,real_openml_creditcard_42397
78.95,10.58,248,Prepaid,16,0,real_openml_creditcard_42397
530.67,57.86,1222,Wallet,15,0,synthetic
555.39,101.8,1771,COD,2,0,synthetic
274.58,44.78,834,COD,11,0,synthetic
372.11,71.27,1240,Wallet,11,0,synthetic
8.22,11.72,198,COD,22,0,real_openml_creditcard_42397
329.81,8.16,445,COD,20,0,synthetic
137.93,0.91,185,Wallet,19,0,real_openml_creditcard_42397
228.37,20.68,504,Prepaid,20,0,synthetic
55.61,19.5,334,COD,13,0,real_openml_creditcard_42397
72.62,14.47,289,Prepaid,7,0,synthetic
606.12,99.47,1789,Wallet,21,0,synthetic
676.42,76.24,1574,Wallet,20,0,synthetic
76.92,6.9,202,Prepaid,8,0,real_openml_creditcard_42397
103.58,4.98,203,COD,19,0,real_openml_creditcard_42397
460.41,28.54,807,COD,22,0,synthetic
17.03,15.64,253,Prepaid,8,0,real_openml_creditcard_42397
341.68,29.96,717,COD,20,0,synthetic
798.05,96.74,1929,Prepaid,6,0,synthetic
362.55,99.84,1574,Prepaid,3,0,synthetic
299.33,19.22,550,COD,10,0,real_openml_creditcard_42397
215.96,15.89,435,Prepaid,2,0,real_openml_creditcard_42397
207.79,50.53,843,Wallet,16,0,synthetic
796.22,103.64,2010,Prepaid,1,0,synthetic
472.32,97.24,1642,Prepaid,9,0,synthetic
8.4,10.37,182,COD,16,0,real_openml_creditcard_42397
343.84,113.74,1724,Prepaid,20,0,synthetic
619.93,115.2,1990,Prepaid,3,0,synthetic
366.93,4.71,437,Prepaid,11,0,synthetic
604.37,27.18,920,Prepaid,15,0,synthetic
161.63,2.13,221,COD,8,0,real_openml_creditcard_42397
615.3,87.83,1658,COD,14,0,synthetic
121.64,109.66,1475,Wallet,1,0,synthetic
79.52,53.18,760,Wallet,1,0,synthetic
670.39,32.78,1047,Prepaid,7,0,synthetic
437.23,16.83,645,Wallet,22,0,synthetic
255.07,64.53,1054,COD,9,0,synthetic
21.62,32.18,456,COD,13,0,synthetic
75.4,5.68,186,Wallet,22,0,real_openml_creditcard_42397
145.26,3.36,221,Prepaid,18,0,real_openml_creditcard_42397
59.75,7.44,193,COD,8,0,real_openml_creditcard_42397
45.5,17.67,303,Prepaid,11,0,real_openml_creditcard_42397
127.66,32.13,550,COD,15,0,synthetic
242.7,39.3,740,COD,1,0,real_openml_creditcard_42397
584.05,79.85,1534,Wallet,9,0,synthetic
137.39,1.11,187,COD,18,0,real_openml_creditcard_42397
583.01,37.85,1029,Prepaid,18,0,synthetic
44.55,16.58,289,Wallet,15,0,real_openml_creditcard_42397
421.87,13.86,596,COD,13,0,real_openml_creditcard_42397
612.63,14.93,781,Prepaid,6,0,synthetic
692.05,9.43,786,Prepaid,9,0,synthetic
470.11,102.11,1698,Prepaid,9,0,synthetic
3.38,100.07,1254,COD,2,0,synthetic
34.74,8.98,189,Prepaid,10,0,real_openml_creditcard_42397
130.08,12.99,323,Prepaid,23,0,real_openml_creditcard_42397
137.46,55.66,842,COD,7,0,synthetic
635.44,75.53,1528,Wallet,17,0,synthetic
124.07,1.86,184,COD,23,0,real_openml_creditcard_42397
666.87,85.17,1672,Prepaid,18,0,synthetic
5.23,10.61,182,Wallet,22,0,real_openml_creditcard_42397
798.23,54.1,1418,COD,1,0,synthetic
591.13,25.21,885,COD,1,0,synthetic
21.97,110.1,1391,Wallet,2,0,synthetic
272.8,8.79,401,Prepaid,22,0,real_openml_creditcard_42397
332.63,4.39,402,COD,14,0,real_openml_creditcard_42397
450.48,5.31,519,COD,4,0,synthetic
113.18,113.65,1516,Wallet,12,0,synthetic
235.06,31.52,640,Wallet,23,0,synthetic
128.8,3.42,207,Wallet,16,0,real_openml_creditcard_42397
108.61,96.05,1300,Prepaid,19,0,synthetic
118.64,3.19,195,Wallet,21,0,real_openml_creditcard_42397
255.01,89.97,1359,Wallet,9,0,synthetic
306.84,117.61,1737,Wallet,11,0,synthetic
350.98,57.14,1052,Prepaid,17,1,synthetic
270.91,5.6,361,COD,9,0,real_openml_creditcard_42397
257.87,77.65,1214,Wallet,17,0,synthetic
439.73,63.38,1206,COD,23,0,synthetic
142.96,85.79,1208,Wallet,22,0,synthetic
454.97,66.48,1257,Wallet,15,0,synthetic
655.93,73.16,1518,Wallet,6,0,synthetic
199.07,74.62,1125,Wallet,16,0,synthetic
93.46,4.16,184,Prepaid,13,0,real_openml_creditcard_42397
56.12,7.46,190,COD,23,0,real_openml_creditcard_42397
84.76,4.56,181,Prepaid,10,0,real_openml_creditcard_42397
485.45,21.59,746,Prepaid,12,0,real_openml_creditcard_42397
605.32,8.47,696,COD,16,0,synthetic
94.8,12.14,281,Wallet,19,0,real_openml_creditcard_42397
595.76,43.31,1106,COD,13,0,synthetic
97.24,4.71,194,Prepaid,19,0,real_openml_creditcard_42397
362.55,101.2,1591,COD,12,0,synthetic
412.4,100.18,1623,Prepaid,13,0,synthetic
78.18,96.54,1279,Wallet,3,0,synthetic
449.81,55.61,1122,Prepaid,20,0,synthetic
247.21,108.84,1579,Prepaid,22,0,synthetic
487.07,5.92,559,COD,7,0,synthetic
34.45,115.03,1461,Prepaid,6,0,synthetic
1386.52,160.68,3226,Wallet,2,0,real_openml_creditcard_42397
421.87,16.28,625,COD,7,0,real_openml_creditcard_42397
754.05,26.13,1042,COD,20,0,synthetic
276.12,20.54,545,Wallet,15,0,real_openml_creditcard_42397
795.57,80.59,1733,Prepaid,9,0,synthetic
2.28,16.08,245,COD,8,0,real_openml_creditcard_42397
610.78,109.72,1916,Wallet,7,0,synthetic
559.15,63.25,1312,COD,12,0,synthetic
745.52,8.38,822,Prepaid,4,0,synthetic
769.73,36.25,1178,Wallet,7,1,synthetic
404.0,9.32,525,Wallet,16,0,synthetic
157.03,86.7,1232,COD,8,0,synthetic
60.69,40.59,592,Wallet,15,0,synthetic
4.26,16.68,254,COD,19,0,real_openml_creditcard_42397
540.27,17.8,750,Prepaid,7,0,synthetic
228.15,24.93,555,COD,8,0,synthetic
75.14,67.66,930,COD,0,0,synthetic
599.19,113.92,1956,Prepaid,6,0,synthetic
155.42,0.68,198,Wallet,13,0,real_openml_creditcard_42397
728.69,56.83,1388,COD,9,0,synthetic
688.37,38.79,1135,Prepaid,8,0,synthetic
132.8,1.04,182,COD,11,0,real_openml_creditcard_42397
110.7,28.94,497,COD,4,0,synthetic
38.53,33.35,485,Prepaid,12,0,synthetic
87.06,8.05,225,COD,17,0,real_openml_creditcard_42397
106.13,9.62,261,COD,12,0,real_openml_creditcard_42397
565.05,93.72,1683,Wallet,0,0,synthetic
608.79,85.87,1628,COD,16,0,synthetic
17.37,11.2,200,COD,20,0,real_openml_creditcard_42397
585.61,11.48,715,Wallet,12,0,synthetic
88.76,98.2,1308,Prepaid,5,0,synthetic
756.4,26.55,1049,Prepaid,8,0,synthetic
728.76,15.9,897,Wallet,20,0,synthetic
45.01,7.62,182,Prepaid,0,0,real_openml_creditcard_42397
175.48,0.92,219,Prepaid,9,0,real_openml_creditcard_42397
619.91,109.86,1926,COD,16,0,synthetic
434.26,93.76,1566,COD,21,0,synthetic
34.16,9.02,189,Prepaid,18,0,real_openml_creditcard_42397
596.34,106.32,1863,Prepaid,6,0,synthetic
22.86,22.7,343,Prepaid,11,0,real_openml_creditcard_42397
254.9,8.24,378,Wallet,14,0,synthetic
245.25,41.43,768,Prepaid,1,0,synthetic
14.77,62.9,818,Prepaid,13,0,synthetic
52.93,17.86,312,Prepaid,14,0,real_openml_creditcard_42397
89.99,4.25,182,COD,21,0,real_openml_creditcard_42397
15.81,62.65,816,Prepaid,10,0,real_openml_creditcard_42397
424.67,33.41,833,Prepaid,3,0,synthetic
71.92,6.36,191,Wallet,18,0,real_openml_creditcard_42397
63.58,13.65,271,COD,13,0,real_openml_creditcard_42397
181.18,14.16,383,Prepaid,10,0,real_openml_creditcard_42397
14.8,74.34,955,Prepaid,2,0,synthetic
2.86,104.3,1304,Wallet,11,0,synthetic
74.16,106.52,1395,Prepaid,22,0,synthetic
170.57,8.12,301,Prepaid,15,0,real_openml_creditcard_42397
36.3,48.45,664,COD,1,0,synthetic
754.1,78.22,1667,Prepaid,4,0,synthetic
426.06,53.99,1081,Wallet,4,0,synthetic
403.1,18.45,634,COD,20,0,synthetic
497.86,74.34,1390,COD,4,0,synthetic
360.89,9.18,485,Prepaid,22,0,real_openml_creditcard_42397
767.82,17.39,950,COD,13,0,synthetic
404.3,21.34,670,Wallet,23,0,synthetic
90.63,4.79,189,Wallet,9,0,real_openml_creditcard_42397
323.28,110.84,1671,COD,1,0,synthetic
25.81,108.25,1372,Wallet,7,0,synthetic
631.31,69.42,1451,Prepaid,15,0,synthetic
57.83,60.06,823,Prepaid,6,0,synthetic
515.83,26.59,833,COD,23,0,synthetic
216.64,100.29,1448,Prepaid,9,0,synthetic
376.99,76.79,1311,COD,11,0,synthetic
205.22,1.03,247,Wallet,19,0,real_openml_creditcard_42397
184.75,9.06,325,Prepaid,9,0,real_openml_creditcard_42397
56.61,8.09,198,COD,21,0,real_openml_creditcard_42397
445.78,28.48,793,Prepaid,7,0,synthetic
772.58,78.67,1689,Wallet,8,0,synthetic
96.4,7.35,225,Wallet,9,0,real_openml_creditcard_42397
374.53,5.24,450,Wallet,13,0,real_openml_creditcard_42397
206.22,102.91,1471,Prepaid,16,0,synthetic
107.03,2.97,182,Prepaid,22,0,real_openml_creditcard_42397
55.97,10.8,230,Prepaid,8,0,real_openml_creditcard_42397
3.7,4.33,105,Prepaid,6,0,synthetic
127.61,1.76,186,COD,15,0,real_openml_creditcard_42397
442.99,105.1,1710,Wallet,5,0,synthetic
5.15,53.37,695,COD,0,0,synthetic
162.99,11.44,334,COD,18,0,real_openml_creditcard_42397
141.67,3.04,214,Wallet,0,0,real_openml_creditcard_42397
200.88,69.73,1068,COD,17,0,synthetic
19.37,24.66,363,Prepaid,8,0,synthetic
668.13,48.02,1228,COD,21,0,synthetic
589.4,60.75,1309,Prepaid,0,0,synthetic
625.45,105.77,1882,COD,15,0,synthetic
239.11,2.15,291,Wallet,15,0,real_openml_creditcard_42397
586.6,57.29,1265,Wallet,21,0,synthetic
263.55,68.81,1113,Prepaid,21,0,synthetic
604.35,48.02,1170,Prepaid,22,0,synthetic
650.44,8.9,742,Prepaid,6,0,synthetic
440.55,92.37,1555,COD,9,0,synthetic
618.18,52.74,1239,COD,21,0,synthetic
470.04,112.24,1820,Wallet,1,0,synthetic
221.05,16.82,451,COD,5,0,synthetic
216.27,32.36,633,COD,8,0,real_openml_creditcard_42397
43.59,9.73,206,Prepaid,1,0,real_openml_creditcard_42397
123.23,4.59,216,Prepaid,8,0,real_openml_creditcard_42397
72.24,8.33,215,Prepaid,18,0,real_openml_creditcard_42397
600.14,66.8,1392,Wallet,5,0,synthetic
23.41,2.67,103,Prepaid,19,0,synthetic
281.88,114.17,1674,Prepaid,21,0,synthetic
79.78,12.27,269,Wallet,2,0,real_openml_creditcard_42397
33.55,64.66,856,Prepaid,12,0,synthetic
601.43,75.49,1497,Prepaid,7,0,synthetic
767.61,41.91,1244,COD,6,0,synthetic
467.63,112.79,1824,Prepaid,17,0,synthetic
401.47,26.8,733,Wallet,10,1,synthetic
523.1,36.28,956,COD,20,0,synthetic
45.33,7.85,185,Prepaid,10,0,real_openml_creditcard_42397
45.4,7.59,182,Wallet,19,0,real_openml_creditcard_42397
558.45,63.63,1316,Prepaid,15,0,synthetic
722.81,57.39,1389,Prepaid,16,0,synthetic
418.22,72.16,1292,COD,1,0,synthetic
19.49,9.54,182,COD,18,0,real_openml_creditcard_42397
711.51,8.51,792,Prepaid,0,0,synthetic
189.23,93.02,1337,COD,0,0,synthetic
665.94,28.12,987,Wallet,21,0,synthetic
12.45,11.9,204,COD,21,0,real_openml_creditcard_42397
66.91,5.9,181,Prepaid,22,0,real_openml_creditcard_42397
190.53,23.67,505,Prepaid,14,0,synthetic
28.3,56.52,754,Prepaid,13,0,synthetic
5.68,10.74,184,COD,13,0,real_openml_creditcard_42397
42.69,8.88,195,Wallet,22,0,real_openml_creditcard_42397
94.33,18.84,361,COD,17,0,real_openml_creditcard_42397
191.73,97.6,1394,Prepaid,5,0,synthetic
491.78,0.93,504,COD,8,0,synthetic
561.07,62.08,1300,Prepaid,2,0,synthetic
660.4,55.5,1310,Wallet,14,0,synthetic
390.35,100.64,1609,Prepaid,9,0,synthetic
284.84,96.63,1466,COD,17,0,synthetic
125.87,12.06,308,Wallet,8,0,real_openml_creditcard_42397
116.15,3.62,198,Wallet,11,0,real_openml_creditcard_42397
780.53,91.73,1853,Wallet,15,0,synthetic
85.86,5.89,198,COD,22,0,real_openml_creditcard_42397
766.36,119.48,2173,COD,23,0,synthetic
581.12,24.89,872,Wallet,20,0,synthetic
126.23,4.87,222,Prepaid,13,0,real_openml_creditcard_42397
226.71,3.08,291,Prepaid,21,0,real_openml_creditcard_42397
16.7,26.5,383,COD,12,0,real_openml_creditcard_42397
448.95,27.44,783,COD,16,0,synthetic
44.0,7.7,182,Prepaid,22,0,real_openml_creditcard_42397
496.8,70.59,1344,Prepaid,13,0,synthetic
504.76,11.48,642,COD,14,0,real_openml_creditcard_42397
196.86,60.65,955,COD,20,0,synthetic
300.87,1.48,339,Prepaid,4,0,synthetic
141.41,8.06,274,COD,7,0,real_openml_creditcard_42397
620.64,45.75,1158,COD,5,1,synthetic
372.83,3.56,428,Prepaid,22,0,synthetic
52.29,51.53,715,COD,11,0,synthetic
759.22,12.21,880,Prepaid,21,0,synthetic
16.47,116.37,1461,Prepaid,13,0,synthetic
276.33,58.4,1000,COD,23,0,synthetic
12.09,11.26,196,Prepaid,22,0,real_openml_creditcard_42397
246.74,51.24,887,COD,20,0,synthetic
141.8,1.17,192,COD,10,0,synthetic
753.94,78.64,1672,Wallet,19,0,synthetic
60.42,6.55,183,Prepaid,7,0,real_openml_creditcard_42397
28.46,3.23,114,COD,16,0,synthetic
469.46,78.62,1416,COD,14,0,synthetic
334.41,110.55,1678,Wallet,15,0,synthetic
326.58,70.66,1192,COD,0,0,synthetic
120.56,2.12,184,Prepaid,2,0,real_openml_creditcard_42397
791.54,11.31,898,Prepaid,6,0,synthetic
184.94,112.91,1571,COD,14,0,synthetic
76.02,6.13,192,Wallet,16,0,real_openml_creditcard_42397
265.28,87.35,1337,Prepaid,17,0,synthetic
147.77,23.08,460,Prepaid,21,0,real_openml_creditcard_42397
53.36,32.14,484,Prepaid,2,0,synthetic
16.42,10.02,185,Prepaid,7,0,real_openml_creditcard_42397
238.85,6.86,347,Wallet,1,0,synthetic
154.37,23.34,469,Wallet,4,0,real_openml_creditcard_42397
458.67,8.64,566,Prepaid,7,0,synthetic
11.38,14.48,234,Prepaid,11,0,real_openml_creditcard_42397
459.94,87.55,1514,Wallet,7,0,synthetic
666.18,35.47,1075,COD,16,0,synthetic
574.97,104.16,1817,Wallet,5,0,synthetic
773.96,4.9,805,Prepaid,18,0,synthetic
604.8,99.28,1786,COD,16,0,synthetic
281.96,7.59,395,Wallet,20,0,synthetic
390.81,96.66,1562,Prepaid,11,0,synthetic
41.83,9.95,207,Wallet,0,0,real_openml_creditcard_42397
119.22,34.36,570,Prepaid,2,0,synthetic
18.75,10.51,193,Prepaid,23,0,real_openml_creditcard_42397
157.99,2.98,228,Wallet,3,0,real_openml_creditcard_42397
72.44,6.15,189,Wallet,20,0,real_openml_creditcard_42397
263.01,11.22,421,COD,14,0,synthetic
736.81,83.37,1714,COD,0,0,synthetic
200.52,16.38,427,Wallet,3,0,real_openml_creditcard_42397
606.19,78.46,1537,COD,9,0,synthetic
247.66,2.34,301,Prepaid,11,0,real_openml_creditcard_42397
185.11,10.15,338,Wallet,1,0,synthetic
19.28,9.72,184,Wallet,21,0,real_openml_creditcard_42397
568.58,71.72,1422,Prepaid,7,0,synthetic
602.75,16.13,786,COD,10,0,synthetic
207.22,17.77,450,Wallet,23,0,synthetic
203.92,97.1,1399,Wallet,21,0,synthetic
55.83,8.48,202,Wallet,20,0,real_openml_creditcard_42397
440.14,83.22,1445,Prepaid,21,0,synthetic
437.61,20.27,687,Prepaid,23,0,synthetic
86.2,11.2,262,COD,15,0,real_openml_creditcard_42397
21.57,65.51,856,COD,8,0,synthetic
360.03,59.24,1085,Prepaid,21,0,synthetic
716.24,44.28,1226,Prepaid,17,0,real_openml_creditcard_42397
60.94,8.93,212,Wallet,22,0,real_openml_creditcard_42397
86.74,10.41,253,COD,11,0,real_openml_creditcard_42397
46.17,62.35,840,Prepaid,8,0,synthetic
32.21,8.58,182,Wallet,21,0,real_openml_creditcard_42397
94.8,7.22,222,Prepaid,8,0,real_openml_creditcard_42397
328.9,117.39,1755,COD,0,0,synthetic
549.87,104.98,1805,Prepaid,5,0,synthetic
323.61,77.87,1276,Prepaid,13,0,synthetic
27.22,9.04,183,COD,12,0,real_openml_creditcard_42397
455.84,29.68,816,Prepaid,15,0,synthetic
56.48,116.16,1495,Wallet,22,0,synthetic
751.16,107.49,2016,Prepaid,20,0,synthetic
44.87,7.63,182,COD,20,0,real_openml_creditcard_42397
359.87,31.83,756,COD,13,0,synthetic
156.97,1.48,209,COD,10,0,real_openml_creditcard_42397
143.14,2.1,204,COD,13,0,real_openml_creditcard_42397
84.85,16.97,330,COD,14,0,real_openml_creditcard_42397
629.71,41.78,1118,Prepaid,15,0,synthetic
117.9,2.07,181,Prepaid,5,0,real_openml_creditcard_42397
18.93,62.5,817,COD,14,0,synthetic
572.91,58.35,1266,COD,1,0,synthetic
400.49,80.12,1372,Prepaid,15,0,synthetic
672.51,99.45,1849,Wallet,16,0,synthetic
763.54,37.88,1192,Prepaid,10,0,synthetic
652.91,105.73,1906,Prepaid,16,0,synthetic
765.42,77.11,1664,COD,17,0,synthetic
129.05,59.01,874,COD,10,0,synthetic
71.74,5.79,184,COD,18,0,real_openml_creditcard_42397
306.12,90.9,1416,Prepaid,22,0,synthetic
551.12,42.99,1062,Prepaid,18,0,synthetic
48.9,8.08,191,COD,19,0,real_openml_creditcard_42397
507.5,67.01,1311,Wallet,2,0,synthetic
676.52,107.16,1945,Prepaid,14,0,synthetic
574.69,13.48,729,Wallet,19,0,real_openml_creditcard_42397
426.89,48.42,1015,Wallet,7,0,synthetic
17.59,9.93,185,Wallet,15,0,real_openml_creditcard_42397
180.17,20.9,463,Prepaid,19,0,real_openml_creditcard_42397
768.98,40.08,1223,Wallet,12,0,synthetic
71.66,5.79,184,COD,4,0,real_openml_creditcard_42397
318.66,112.84,1691,Prepaid,8,0,synthetic
502.84,8.42,604,Prepaid,7,0,synthetic
105.06,4.79,202,COD,19,0,real_openml_creditcard_42397
445.22,102.71,1683,COD,8,0,synthetic
291.74,13.87,479,COD,19,0,real_openml_creditcard_42397
332.29,69.42,1182,COD,2,0,synthetic
287.89,63.71,1074,Prepaid,23,0,synthetic
97.68,4.92,197,Prepaid,10,0,real_openml_creditcard_42397
97.62,108.54,1440,Wallet,5,0,synthetic
687.83,37.99,1125,Wallet,16,0,synthetic
111.41,2.73,183,Wallet,5,0,real_openml_creditcard_42397
569.4,49.8,1160,COD,14,0,real_openml_creditcard_42397
57.95,26.9,425,COD,22,0,real_openml_creditcard_42397
547.85,118.02,1959,COD,9,0,synthetic
605.38,80.55,1561,Wallet,20,0,synthetic
380.62,115.4,1777,Wallet,22,0,synthetic
43.84,50.5,695,COD,19,0,synthetic
219.0,100.97,1459,COD,14,0,synthetic
69.48,88.83,1178,Prepaid,13,0,synthetic
436.47,43.51,965,Prepaid,4,0,synthetic
138.93,14.0,343,Wallet,22,0,real_openml_creditcard_42397
254.8,12.39,428,COD,14,0,real_openml_creditcard_42397
165.72,114.0,1567,Prepaid,6,0,synthetic
18.87,25.25,370,Wallet,14,0,real_openml_creditcard_42397
96.4,3.85,183,Prepaid,20,0,real_openml_creditcard_42397
735.07,68.01,1528,Wallet,17,0,synthetic
124.02,51.02,774,Prepaid,9,0,synthetic
55.95,16.39,297,COD,13,0,real_openml_creditcard_42397
177.3,25.57,516,COD,19,0,synthetic
757.76,97.89,1907,COD,8,0,synthetic
204.61,71.74,1095,Prepaid,0,0,synthetic
145.37,9.01,289,Prepaid,11,0,real_openml_creditcard_42397
342.79,136.21,1993,COD,22,0,real_openml_creditcard_42397
540.11,109.28,1848,COD,17,0,synthetic
26.27,9.03,182,Wallet,20,0,real_openml_creditcard_42397
546.22,14.83,720,COD,14,0,synthetic
43.61,112.87,1444,Wallet,15,0,synthetic
795.28,6.7,846,COD,5,0,synthetic
38.01,11.9,227,Wallet,21,0,real_openml_creditcard_42397
30.84,10.85,208,COD,11,0,real_openml_creditcard_42397
230.2,58.32,957,COD,5,0,synthetic
117.21,16.63,355,COD,21,0,real_openml_creditcard_42397
767.51,78.48,1682,Prepaid,16,0,synthetic
15.82,11.9,207,Wallet,11,0,real_openml_creditcard_42397
202.47,4.81,290,Wallet,15,0,real_openml_creditcard_42397
228.91,0.83,266,COD,21,0,real_openml_creditcard_42397
22.13,16.76,271,COD,22,0,real_openml_creditcard_42397
520.97,87.7,1571,Wallet,10,0,synthetic
486.12,119.36,1920,COD,10,0,synthetic
240.47,79.83,1224,COD,20,0,synthetic
311.09,28.0,666,COD,17,0,real_openml_creditcard_42397
34.07,68.53,903,Prepaid,19,0,real_openml_creditcard_42397
84.06,28.03,462,Prepaid,18,0,real_openml_creditcard_42397
176.28,0.61,216,Wallet,15,0,real_openml_creditcard_42397
56.24,20.85,351,COD,16,0,synthetic
100.59,3.46,182,COD,21,0,real_openml_creditcard_42397
783.68,96.34,1911,Wallet,13,0,synthetic
12.65,19.88,300,COD,22,0,synthetic
51.86,9.36,209,Wallet,1,0,real_openml_creditcard_42397
616.79,13.52,767,Wallet,4,0,synthetic
41.71,111.61,1427,Prepaid,7,0,synthetic
31.94,79.23,1029,Wallet,21,0,synthetic
32.46,8.57,182,Wallet,15,0,real_openml_creditcard_42397
250.73,4.03,324,Prepaid,18,0,real_openml_creditcard_42397
648.58,11.78,775,Wallet,19,0,synthetic
459.6,73.38,1344,Wallet,20,0,synthetic
190.34,9.8,339,Prepaid,17,0,synthetic
235.66,25.24,565,Prepaid,8,0,synthetic
180.52,96.87,1375,Prepaid,7,0,synthetic
268.65,4.02,340,Wallet,14,0,real_openml_creditcard_42397
127.47,3.52,207,Wallet,14,0,real_openml_creditcard_42397
447.32,23.83,739,Prepaid,16,0,synthetic
89.73,5.31,195,Prepaid,7,0,synthetic
493.62,13.8,660,Wallet,7,0,synthetic
181.74,2.62,245,Prepaid,8,0,real_openml_creditcard_42397
48.74,7.59,185,Wallet,19,0,real_openml_creditcard_42397
36.17,10.62,210,Prepaid,13,0,synthetic
758.62,113.82,2099,Wallet,23,0,synthetic
110.8,2.77,183,COD,7,0,real_openml_creditcard_42397
10.84,15.77,249,Wallet,21,0,real_openml_creditcard_42397
369.28,2.72,415,Prepaid,14,0,synthetic
203.05,39.83,711,Prepaid,22,0,synthetic
315.82,104.99,1594,COD,7,0,synthetic
666.23,110.08,1971,Prepaid,0,0,synthetic
187.82,71.92,1082,Prepaid,4,0,synthetic
666.08,24.32,941,Wallet,22,0,synthetic
89.35,10.13,252,Wallet,0,0,real_openml_creditcard_42397
440.26,75.39,1351,Wallet,10,0,synthetic
779.22,95.96,1903,COD,4,0,synthetic
84.87,5.97,198,COD,21,0,real_openml_creditcard_42397
120.79,4.61,214,COD,9,0,real_openml_creditcard_42397
563.56,36.48,995,Prepaid,4,0,synthetic
133.08,2.35,198,COD,11,0,real_openml_creditcard_42397
221.36,15.24,432,Prepaid,6,0,synthetic
248.96,63.86,1040,Wallet,13,0,synthetic
151.27,6.32,262,Prepaid,17,0,real_openml_creditcard_42397
469.52,109.82,1790,COD,1,0,synthetic
397.04,59.76,1124,Prepaid,15,0,synthetic
75.64,5.33,182,Wallet,22,0,real_openml_creditcard_42397
314.95,110.66,1661,COD,15,0,synthetic
549.96,9.97,665,Wallet,14,0,synthetic
67.94,110.55,1438,Wallet,19,0,synthetic
555.89,96.53,1709,COD,8,0,synthetic
379.92,6.63,471,COD,10,0,synthetic
410.17,56.63,1099,Prepaid,14,0,synthetic
684.61,75.91,1577,Wallet,19,0,synthetic
350.02,6.0,437,Prepaid,11,0,real_openml_creditcard_42397
227.24,35.75,684,Wallet,17,0,synthetic
671.07,104.59,1909,COD,18,0,synthetic
172.71,12.55,356,COD,18,0,real_openml_creditcard_42397
608.89,72.91,1473,Prepaid,10,0,synthetic
307.08,116.16,1720,Prepaid,1,0,synthetic
715.13,71.33,1550,Wallet,9,0,synthetic
601.79,104.94,1851,COD,15,0,synthetic
428.85,20.67,684,COD,3,0,synthetic
517.18,61.11,1249,Wallet,14,0,synthetic
27.36,8.95,182,COD,3,0,real_openml_creditcard_42397
99.14,10.48,265,Prepaid,12,0,real_openml_creditcard_42397
615.74,22.42,873,Prepaid,3,0,synthetic
791.83,32.04,1147,COD,4,0,synthetic
51.81,8.7,201,Wallet,18,0,real_openml_creditcard_42397
93.95,111.72,1475,COD,1,0,synthetic
538.9,45.2,1077,Prepaid,9,1,synthetic
87.55,4.52,183,Prepaid,9,0,real_openml_creditcard_42397
598.66,12.97,744,Wallet,23,0,synthetic
54.95,10.05,220,Prepaid,21,0,real_openml_creditcard_42397
776.76,49.93,1348,COD,16,0,synthetic
272.79,1.71,316,Prepaid,11,0,real_openml_creditcard_42397
146.0,1.55,200,Wallet,6,0,real_openml_creditcard_42397
794.95,96.65,1925,COD,11,0,synthetic
167.86,2.16,227,COD,6,0,real_openml_creditcard_42397
316.96,88.25,1394,Prepaid,22,0,synthetic
41.13,20.42,332,COD,14,0,real_openml_creditcard_42397
351.78,25.64,674,Wallet,20,0,synthetic
131.42,16.39,365,Wallet,18,0,real_openml_creditcard_42397
125.35,4.77,220,Prepaid,17,0,real_openml_creditcard_42397
107.31,85.11,1168,Wallet,11,0,synthetic
748.2,86.61,1763,Prepaid,11,0,synthetic
357.03,1.2,386,Prepaid,0,0,synthetic
45.19,10.36,215,Wallet,19,0,real_openml_creditcard_42397
97.53,7.6,229,Wallet,20,0,real_openml_creditcard_42397
675.16,67.56,1468,Wallet,13,0,synthetic
18.37,10.12,188,Wallet,13,0,real_openml_creditcard_42397
434.23,45.05,981,Wallet,1,0,synthetic
105.91,4.97,205,Prepaid,14,0,real_openml_creditcard_42397
181.34,2.65,245,Prepaid,21,0,real_openml_creditcard_42397
733.37,89.69,1786,COD,14,0,synthetic
71.99,91.61,1214,COD,23,0,synthetic
134.64,1.07,184,COD,19,0,real_openml_creditcard_42397
590.47,107.98,1877,Prepaid,16,0,synthetic
266.83,114.44,1663,COD,18,0,synthetic
53.6,8.48,200,COD,0,0,real_openml_creditcard_42397
236.97,1.56,282,Prepaid,20,0,real_openml_creditcard_42397
196.2,36.45,664,Wallet,11,0,real_openml_creditcard_42397
63.85,6.38,184,COD,17,0,real_openml_creditcard_42397
61.64,78.96,1053,Prepaid,10,0,synthetic
190.19,2.65,253,Prepaid,20,0,real_openml_creditcard_42397
220.2,7.65,340,Prepaid,13,0,real_openml_creditcard_42397
171.21,13.08,361,Wallet,7,0,real_openml_creditcard_42397
404.78,106.24,1689,Wallet,17,0,synthetic
75.34,5.35,182,Prepaid,11,0,real_openml_creditcard_42397
771.17,93.78,1869,Prepaid,16,0,synthetic
574.54,39.74,1044,Prepaid,9,0,synthetic
39.58,17.03,290,Wallet,13,0,real_openml_creditcard_42397
514.31,67.04,1317,Prepaid,4,0,synthetic
562.84,82.81,1550,Wallet,1,0,synthetic
775.45,73.85,1634,Wallet,9,0,synthetic
696.31,94.2,1807,Prepaid,8,0,synthetic
760.34,25.97,1046,COD,5,0,synthetic
485.14,38.35,947,Wallet,17,0,synthetic
9.42,10.46,184,Wallet,6,0,real_openml_creditcard_42397
678.49,24.43,954,Wallet,3,0,synthetic
602.67,8.86,699,COD,10,0,synthetic
15.95,12.22,211,COD,15,0,real_openml_creditcard_42397
96.48,5.43,202,Wallet,9,0,real_openml_creditcard_42397
74.66,3.52,159,COD,11,0,synthetic
595.01,57.42,1275,COD,15,1,synthetic
400.06,49.16,1000,Wallet,21,0,synthetic
121.81,42.73,672,COD,16,1,synthetic
107.16,3.88,193,Wallet,21,0,real_openml_creditcard_42397
13.39,11.16,196,Wallet,11,0,real_openml_creditcard_42397
109.75,7.44,238,Prepaid,17,0,real_openml_creditcard_42397
65.04,3.19,147,COD,6,0,synthetic
587.01,87.66,1630,Wallet,23,0,synthetic
210.72,29.11,589,COD,21,0,synthetic
427.39,77.88,1369,Prepaid,20,0,synthetic
102.38,7.07,227,Wallet,10,0,real_openml_creditcard_42397
608.97,39.7,1074,Wallet,9,0,synthetic
123.82,5.3,225,Wallet,19,0,real_openml_creditcard_42397
174.59,116.59,1606,Prepaid,21,0,synthetic
155.19,6.28,265,Wallet,14,0,real_openml_creditcard_42397
66.05,17.38,318,COD,3,0,real_openml_creditcard_42397
516.41,81.93,1498,Prepaid,15,0,synthetic
744.99,48.66,1304,Prepaid,16,1,synthetic
62.55,103.14,1344,Prepaid,3,0,synthetic
714.03,92.24,1800,Wallet,2,1,synthetic
678.16,112.73,2013,Wallet,21,0,synthetic
106.5,3.1,183,Wallet,19,0,real_openml_creditcard_42397
553.06,19.81,785,Prepaid,7,0,synthetic
225.42,11.59,392,Prepaid,11,0,real_openml_creditcard_42397
134.21,0.93,182,Prepaid,22,0,real_openml_creditcard_42397
140.21,39.62,652,Wallet,12,0,synthetic
438.9,35.33,869,COD,17,0,synthetic
182.11,3.01,250,Prepaid,18,0,real_openml_creditcard_42397
401.29,34.82,829,Prepaid,17,0,synthetic
344.0,75.52,1266,Wallet,5,0,synthetic
470.35,69.17,1303,COD,8,0,synthetic
347.31,29.19,713,COD,15,0,synthetic
224.58,77.19,1178,Wallet,9,1,synthetic
357.37,113.74,1736,Prepaid,20,0,synthetic
471.73,86.6,1514,COD,20,0,synthetic
33.81,12.71,233,Wallet,17,0,real_openml_creditcard_42397
484.43,65.07,1267,Prepaid,9,0,synthetic
38.62,8.6,188,Wallet,20,0,real_openml_creditcard_42397
416.52,102.38,1653,COD,2,0,synthetic
29.1,9.98,196,Prepaid,13,0,real_openml_creditcard_42397
210.4,67.38,1048,Prepaid,13,0,synthetic
104.45,1.78,165,COD,13,0,synthetic
71.73,20.54,361,Wallet,6,0,real_openml_creditcard_42397
100.43,50.3,744,Wallet,18,0,synthetic
668.08,61.73,1392,Prepaid,3,1,synthetic
464.88,3.97,516,COD,10,0,synthetic
68.49,5.86,182,COD,19,0,real_openml_creditcard_42397
49.83,74.81,993,COD,10,0,synthetic
165.95,0.97,211,Wallet,21,0,real_openml_creditcard_42397
52.51,9.15,207,Prepaid,22,0,real_openml_creditcard_42397
749.17,119.71,2161,Wallet,21,0,synthetic
216.24,63.15,1002,COD,19,0,synthetic
480.36,55.66,1150,Prepaid,2,0,synthetic
453.44,58.98,1166,COD,14,0,synthetic
158.51,95.49,1339,COD,14,0,synthetic
609.54,15.83,789,COD,11,0,synthetic
101.56,3.63,185,Prepaid,16,0,real_openml_creditcard_42397
583.11,3.36,615,Wallet,21,0,synthetic
696.6,1.73,698,COD,17,0,synthetic
138.2,2.47,204,Wallet,0,0,real_openml_creditcard_42397
3229.56,14.62,3132,COD,0,0,real_openml_creditcard_42397
58.99,10.91,234,Prepaid,18,0,real_openml_creditcard_42397
89.64,93.68,1255,Wallet,6,0,synthetic
130.52,5.63,235,Prepaid,14,0,real_openml_creditcard_42397
416.79,26.1,738,Wallet,17,0,synthetic
214.31,12.03,387,Wallet,3,0,synthetic
201.0,4.09,280,COD,22,0,real_openml_creditcard_42397
698.26,36.32,1114,Prepaid,15,0,synthetic
154.77,95.88,1340,Wallet,20,0,synthetic
664.12,8.02,744,Prepaid,20,0,real_openml_creditcard_42397
144.68,12.76,333,COD,19,0,synthetic
114.98,23.71,438,COD,14,0,real_openml_creditcard_42397
588.83,62.48,1330,COD,13,0,synthetic
724.16,74.08,1591,Prepaid,7,0,synthetic
102.81,5.54,209,Wallet,8,0,real_openml_creditcard_42397
260.77,93.02,1401,Prepaid,7,0,synthetic
99.21,3.81,185,Wallet,11,0,real_openml_creditcard_42397
310.98,109.44,1643,Prepaid,9,0,synthetic
254.48,77.33,1207,Wallet,0,0,synthetic
100.68,87.66,1192,Wallet,21,0,synthetic
72.34,20.41,360,Wallet,22,0,real_openml_creditcard_42397
764.41,68.4,1559,Wallet,17,0,synthetic
721.61,6.35,776,Wallet,9,0,synthetic
17.33,3.0,102,COD,23,0,synthetic
103.59,21.56,402,COD,2,0,real_openml_creditcard_42397
333.2,45.64,898,COD,14,0,synthetic
728.9,47.72,1279,Wallet,2,0,synthetic
146.04,41.95,685,Wallet,5,0,synthetic
131.56,5.8,238,Wallet,22,0,real_openml_creditcard_42397
87.62,5.1,190,COD,16,0,real_openml_creditcard_42397
144.64,7.57,271,COD,22,0,real_openml_creditcard_42397
249.73,37.86,729,Wallet,8,0,synthetic
168.75,108.18,1500,Wallet,3,0,synthetic
714.81,54.7,1350,COD,15,0,synthetic
122.74,2.51,191,Wallet,23,0,synthetic
130.7,5.7,236,Prepaid,14,0,real_openml_creditcard_42397
478.49,56.87,1163,COD,18,0,synthetic
140.26,7.9,271,COD,20,0,real_openml_creditcard_42397
125.02,88.29,1222,COD,1,0,synthetic
283.61,16.51,503,COD,17,1,synthetic
200.75,53.57,873,Wallet,21,0,synthetic
73.76,5.3,180,Prepaid,2,0,real_openml_creditcard_42397
765.74,30.24,1102,COD,18,0,real_openml_creditcard_42397
242.96,104.47,1522,Prepaid,16,0,synthetic
155.89,9.81,308,COD,11,0,real_openml_creditcard_42397
68.49,24.62,407,Wallet,17,0,synthetic
243.09,27.04,593,COD,18,0,synthetic
380.29,37.84,846,COD,14,0,synthetic
12.02,11.02,193,Wallet,15,0,real_openml_creditcard_42397
168.39,5.04,262,Prepaid,16,0,real_openml_creditcard_42397
168.22,8.47,303,Wallet,15,0,real_openml_creditcard_42397
618.54,19.29,838,Wallet,20,0,synthetic
58.6,8.77,208,Wallet,18,0,real_openml_creditcard_42397
462.56,6.44,544,COD,5,0,synthetic
18.98,9.74,184,Prepaid,21,0,real_openml_creditcard_42397
110.79,11.02,282,COD,21,0,real_openml_creditcard_42397
169.2,69.84,1040,Prepaid,2,0,synthetic
404.59,42.71,927,COD,17,0,synthetic
25.5,10.42,198,Prepaid,12,0,real_openml_creditcard_42397
185.92,5.47,283,COD,7,0,real_openml_creditcard_42397
138.12,1.14,188,Wallet,21,0,real_openml_creditcard_42397
767.33,105.27,2004,Wallet,8,0,synthetic
312.05,40.01,811,Prepaid,11,0,synthetic
58.78,40.24,586,Prepaid,8,0,synthetic
1.16,14.58,226,Wallet,9,0,real_openml_creditcard_42397
812.74,17.88,996,Prepaid,13,0,real_openml_creditcard_42397
109.48,3.37,189,Wallet,22,0,real_openml_creditcard_42397
50.77,18.78,321,Prepaid,22,0,real_openml_creditcard_42397
106.41,4.6,201,Wallet,10,0,real_openml_creditcard_42397
565.35,51.41,1176,COD,4,0,synthetic
172.95,42.18,712,Prepaid,21,0,synthetic
762.83,48.33,1317,COD,14,0,synthetic
15.61,10.0,184,Prepaid,20,0,real_openml_creditcard_42397
19.67,9.52,182,COD,21,0,real_openml_creditcard_42397
187.53,4.57,274,COD,21,0,synthetic
486.11,15.63,675,COD,13,0,synthetic
732.58,106.14,1983,Wallet,12,0,synthetic
173.51,26.47,524,Prepaid,9,0,synthetic
26.12,107.93,1369,Prepaid,16,0,synthetic
143.68,2.14,205,COD,11,0,real_openml_creditcard_42397
295.1,97.29,1483,Wallet,11,0,synthetic
103.49,87.66,1195,COD,17,0,synthetic
310.81,2.52,360,Wallet,11,0,real_openml_creditcard_42397
1.43,10.89,182,Wallet,19,0,real_openml_creditcard_42397
611.04,57.47,1290,COD,4,0,synthetic
129.98,8.67,271,Wallet,10,0,real_openml_creditcard_42397
61.74,58.78,811,Prepaid,3,0,synthetic
582.1,34.68,990,Prepaid,1,0,synthetic
369.99,79.22,1334,Prepaid,8,0,synthetic
36.51,13.51,245,COD,2,0,real_openml_creditcard_42397
686.9,14.07,837,COD,21,0,real_openml_creditcard_42397
166.17,11.54,338,Prepaid,19,0,real_openml_creditcard_42397
213.37,4.08,291,COD,8,0,real_openml_creditcard_42397
487.24,113.41,1849,COD,16,0,synthetic
68.36,5.87,182,Prepaid,13,0,real_openml_creditcard_42397
171.92,46.8,766,Wallet,23,0,synthetic
144.89,7.55,271,COD,9,0,real_openml_creditcard_42397
140.84,51.95,800,Prepaid,18,0,synthetic
214.38,112.96,1598,COD,23,0,synthetic
91.97,3.94,180,COD,17,0,real_openml_creditcard_42397
51.62,93.76,1222,Prepaid,6,0,synthetic
75.86,31.19,493,COD,5,0,synthetic
331.68,98.52,1531,COD,14,0,synthetic
113.68,2.89,187,Prepaid,11,0,real_openml_creditcard_42397
708.68,26.3,1003,Prepaid,13,0,synthetic
402.01,67.94,1227,Prepaid,19,1,synthetic
23.28,15.17,253,Wallet,6,0,real_openml_creditcard_42397
615.15,74.08,1493,Prepaid,21,0,synthetic
597.07,52.73,1220,Prepaid,13,0,synthetic
269.35,40.47,778,Wallet,19,0,real_openml_creditcard_42397
266.85,50.06,891,COD,4,0,synthetic
47.6,93.66,1217,COD,1,0,synthetic
310.45,14.33,501,Wallet,3,0,synthetic
350.25,1.23,380,Wallet,14,0,real_openml_creditcard_42397
573.83,10.42,692,Wallet,3,0,synthetic
167.77,33.0,597,Wallet,15,0,real_openml_creditcard_42397
461.47,80.63,1433,Wallet,15,0,synthetic
212.31,105.43,1506,Prepaid,9,0,synthetic
5.58,2.83,89,Wallet,3,0,synthetic
117.64,9.93,275,COD,13,0,real_openml_creditcard_42397
166.05,2.3,227,Prepaid,22,0,real_openml_creditcard_42397
1461.84,3.2,1404,COD,17,0,real_openml_creditcard_42397
54.02,21.02,351,Prepaid,18,0,synthetic
12.9,13.53,224,Prepaid,0,0,real_openml_creditcard_42397
288.14,99.5,1503,COD,10,0,synthetic
206.4,22.32,504,COD,13,0,synthetic
361.17,35.81,805,Prepaid,17,0,synthetic
495.42,65.6,1283,COD,16,0,synthetic
109.78,7.85,243,Prepaid,11,0,real_openml_creditcard_42397
594.41,2.25,612,Wallet,10,0,synthetic
14.6,10.15,185,Wallet,4,0,real_openml_creditcard_42397
664.84,92.1,1754,Wallet,6,0,synthetic
132.88,2.12,195,COD,13,0,real_openml_creditcard_42397
195.77,45.34,770,Wallet,6,0,synthetic
34.25,9.18,191,COD,13,0,real_openml_creditcard_42397
93.53,10.32,258,Prepaid,19,0,real_openml_creditcard_42397
622.49,103.45,1852,COD,20,0,synthetic
97.25,3.71,182,COD,16,0,real_openml_creditcard_42397
298.21,32.47,708,Prepaid,10,0,real_openml_creditcard_42397
289.98,88.07,1368,Wallet,20,0,synthetic
115.72,17.36,362,Prepaid,22,0,synthetic
39.67,47.77,659,COD,12,0,real_openml_creditcard_42397
129.68,4.11,216,Wallet,19,0,real_openml_creditcard_42397
269.81,31.5,671,Wallet,7,0,synthetic
664.17,108.06,1944,Prepaid,21,0,synthetic
353.16,106.53,1646,Prepaid,22,0,synthetic
270.08,84.88,1312,Prepaid,16,0,synthetic
29.39,10.46,202,Wallet,15,0,real_openml_creditcard_42397
32.51,12.4,228,Prepaid,11,0,real_openml_creditcard_42397
647.3,80.07,1593,COD,0,0,synthetic
343.56,24.91,658,Wallet,12,0,synthetic
354.24,80.71,1337,Prepaid,14,0,synthetic
40.35,45.15,628,Prepaid,22,0,synthetic
26.26,10.36,198,Wallet,20,0,real_openml_creditcard_42397
82.32,5.24,187,COD,11,0,real_openml_creditcard_42397
753.55,25.02,1028,COD,18,0,synthetic
31.7,108.79,1384,Wallet,13,1,synthetic
630.58,104.4,1870,Wallet,17,1,synthetic
692.74,56.24,1348,COD,22,1,synthetic
128.24,1.38,182,Wallet,20,0,real_openml_creditcard_42397
138.28,74.79,1072,Wallet,14,0,synthetic
372.49,99.71,1582,Wallet,11,0,synthetic
720.98,27.96,1034,COD,13,0,synthetic
36.22,41.15,576,Prepaid,10,0,synthetic
396.2,69.12,1236,Wallet,9,0,synthetic
102.14,63.46,903,Wallet,17,0,synthetic
114.6,3.49,195,COD,22,0,real_openml_creditcard_42397
654.47,25.14,941,Prepaid,3,0,synthetic
13.25,10.84,192,Wallet,23,0,real_openml_creditcard_42397
133.22,66.66,970,Wallet,18,0,synthetic
122.1,2.01,184,COD,10,0,real_openml_creditcard_42397
36.29,8.28,182,COD,11,0,real_openml_creditcard_42397
330.45,105.15,1609,COD,5,0,synthetic
132.28,1.66,189,COD,11,0,real_openml_creditcard_42397
124.45,1.67,182,Prepaid,0,0,real_openml_creditcard_42397
679.18,19.07,890,Prepaid,12,0,synthetic
177.52,8.69,314,COD,12,0,real_openml_creditcard_42397
423.06,5.35,495,COD,11,0,synthetic
110.41,115.42,1534,Wallet,16,0,synthetic
31.19,110.38,1403,COD,17,0,synthetic
576.76,35.85,999,Prepaid,20,0,synthetic
453.05,22.18,724,Prepaid,0,0,synthetic
754.56,4.47,783,Wallet,23,0,synthetic
598.87,104.86,1847,COD,20,0,synthetic
51.09,7.17,182,Prepaid,20,0,real_openml_creditcard_42397
37.61,10.76,213,Prepaid,15,0,real_openml_creditcard_42397
120.94,1.93,182,COD,22,0,real_openml_creditcard_42397
124.22,102.48,1392,Wallet,18,0,synthetic
79.76,5.44,187,COD,1,0,real_openml_creditcard_42397
298.22,82.11,1304,COD,14,0,synthetic
1565.07,32.54,1849,COD,19,0,real_openml_creditcard_42397
40.89,7.85,181,COD,21,0,real_openml_creditcard_42397
655.96,26.65,960,Wallet,14,0,synthetic
144.16,64.67,956,COD,1,1,synthetic
489.82,55.9,1162,Wallet,10,0,synthetic
585.97,18.39,798,Wallet,13,0,synthetic
443.46,69.32,1281,COD,12,0,synthetic
151.49,0.64,194,Prepaid,12,0,real_openml_creditcard_42397
81.81,8.03,220,Wallet,22,0,real_openml_creditcard_42397
173.98,1.12,220,COD,23,0,real_openml_creditcard_42397
554.39,53.44,1190,COD,18,1,synthetic
18.0,19.9,305,Wallet,18,0,real_openml_creditcard_42397
515.06,95.33,1658,COD,11,1,synthetic
92.61,108.25,1432,Prepaid,9,0,synthetic
122.36,97.22,1327,Prepaid,15,0,synthetic
27.82,95.41,1220,Prepaid,11,0,synthetic
563.3,58.61,1260,Wallet,5,0,synthetic
110.25,2.73,182,Wallet,19,0,real_openml_creditcard_42397
515.56,44.09,1043,Wallet,8,0,synthetic
98.01,4.82,196,COD,17,0,real_openml_creditcard_42397
634.89,42.37,1130,Wallet,13,0,synthetic
102.51,115.7,1531,Prepaid,22,0,synthetic
230.34,4.45,311,COD,13,0,synthetic
423.09,20.5,677,Prepaid,20,0,synthetic
1.22,34.41,464,COD,11,0,real_openml_creditcard_42397
206.76,7.58,327,Wallet,0,0,real_openml_creditcard_42397
327.28,27.36,673,COD,9,0,synthetic
178.87,41.5,709,Prepaid,15,0,real_openml_creditcard_42397
14.61,27.82,397,Wallet,9,0,real_openml_creditcard_42397
290.53,7.48,401,COD,4,0,synthetic
609.16,111.42,1935,COD,18,0,synthetic
416.58,85.95,1456,Prepaid,15,0,synthetic
444.43,25.26,753,Wallet,9,0,synthetic
225.92,29.59,608,COD,19,0,synthetic
349.18,85.08,1385,Prepaid,9,0,synthetic
1293.45,84.74,2231,Wallet,8,0,real_openml_creditcard_42397
292.08,54.32,965,Prepaid,1,0,synthetic
617.66,81.98,1590,Wallet,21,1,synthetic
646.89,52.47,1262,COD,17,0,synthetic
234.33,62.18,1007,Wallet,11,0,synthetic
302.45,48.49,904,Wallet,4,0,synthetic
336.7,114.57,1728,Wallet,17,0,synthetic
127.23,1.79,186,Wallet,7,0,real_openml_creditcard_42397
87.87,4.49,183,Wallet,21,0,real_openml_creditcard_42397
686.01,18.05,884,Wallet,8,0,real_openml_creditcard_42397
253.54,65.81,1068,COD,7,0,synthetic
9.39,111.39,1395,Prepaid,23,0,synthetic
469.51,45.29,1016,Wallet,10,0,real_openml_creditcard_42397
81.7,69.49,957,COD,23,0,synthetic
13.19,11.18,196,Wallet,1,0,real_openml_creditcard_42397
136.79,6.06,246,COD,1,0,synthetic
78.67,5.1,182,Wallet,15,0,real_openml_creditcard_42397
121.14,28.08,496,Prepaid,11,0,real_openml_creditcard_42397
182.56,66.77,1016,COD,21,0,synthetic
161.49,5.97,267,COD,13,0,real_openml_creditcard_42397
164.52,4.74,255,COD,20,0,real_openml_creditcard_42397
700.65,10.14,802,COD,16,0,synthetic
33.32,13.0,236,Wallet,14,0,real_openml_creditcard_42397
111.28,22.15,416,Prepaid,16,0,real_openml_creditcard_42397
658.64,36.8,1084,COD,17,0,synthetic
104.6,100.03,1344,Wallet,18,0,synthetic
279.27,103.88,1548,COD,18,0,synthetic
460.32,79.75,1421,Wallet,21,0,synthetic
119.65,2.69,190,Prepaid,17,0,real_openml_creditcard_42397
619.54,11.33,744,COD,7,0,synthetic
28.34,16.29,271,Wallet,23,0,real_openml_creditcard_42397
33.85,10.29,204,COD,17,0,real_openml_creditcard_42397
287.68,98.85,1495,Prepaid,8,0,synthetic
111.92,2.86,185,Prepaid,18,0,real_openml_creditcard_42397
564.42,44.23,1089,COD,8,0,synthetic
542.2,99.5,1732,Prepaid,6,0,synthetic
188.28,1.3,235,Prepaid,14,0,real_openml_creditcard_42397
465.31,24.37,761,Wallet,20,0,synthetic
92.26,6.08,206,Wallet,12,0,real_openml_creditcard_42397
248.85,113.83,1640,Wallet,9,0,synthetic
373.94,118.86,1813,Wallet,11,0,synthetic
753.02,103.4,1968,Wallet,14,0,synthetic
28.97,12.99,232,Wallet,1,0,real_openml_creditcard_42397
23.58,56.55,750,COD,18,0,synthetic
74.02,23.45,398,Prepaid,11,0,real_openml_creditcard_42397
17.34,34.78,483,Wallet,21,0,real_openml_creditcard_42397
543.68,31.16,913,Wallet,20,0,synthetic
28.76,10.51,202,Prepaid,13,0,real_openml_creditcard_42397
756.92,93.17,1849,COD,11,0,synthetic
29.71,11.61,216,Prepaid,22,0,real_openml_creditcard_42397
433.35,93.64,1564,Wallet,7,0,synthetic
29.25,11.39,213,Wallet,16,0,real_openml_creditcard_42397
335.87,115.96,1744,Prepaid,3,0,synthetic
1.1,10.92,182,Wallet,6,0,real_openml_creditcard_42397
2527.74,45.75,2874,Wallet,12,0,real_openml_creditcard_42397
415.58,57.33,1112,Prepaid,3,0,synthetic
50.38,12.31,243,COD,6,0,real_openml_creditcard_42397
631.56,65.31,1402,Wallet,10,0,synthetic
302.66,53.84,968,Wallet,14,0,synthetic
4.02,11.12,187,Prepaid,18,0,real_openml_creditcard_42397
119.88,33.59,561,Wallet,21,0,real_openml_creditcard_42397
117.41,28.7,500,Wallet,19,0,synthetic
40.93,8.51,189,COD,0,0,real_openml_creditcard_42397
344.51,1.33,376,COD,12,0,real_openml_creditcard_42397
183.96,85.37,1240,COD,10,0,synthetic
569.06,33.82,968,Wallet,10,0,synthetic
51.71,8.79,202,Wallet,23,0,real_openml_creditcard_42397
631.1,119.07,2047,Wallet,17,0,synthetic
499.23,18.51,721,COD,21,0,synthetic
669.95,48.95,1240,COD,22,0,synthetic
300.25,28.15,658,Prepaid,10,0,real_openml_creditcard_42397
441.33,106.39,1724,Wallet,18,0,synthetic
773.56,30.59,1113,COD,4,0,synthetic
59.49,6.62,183,COD,11,0,real_openml_creditcard_42397
791.73,117.08,2168,Prepaid,12,0,synthetic
153.38,2.83,222,Prepaid,23,0,real_openml_creditcard_42397
184.64,88.78,1282,COD,10,0,synthetic
686.34,66.09,1461,Prepaid,0,0,synthetic
6.94,15.81,246,Wallet,20,0,real_openml_creditcard_42397
169.89,1.09,216,Wallet,19,0,real_openml_creditcard_42397
500.86,59.79,1218,COD,7,0,synthetic
182.64,25.09,515,Prepaid,12,0,synthetic
422.08,75.41,1335,Prepaid,12,0,synthetic
54.4,55.78,768,Prepaid,1,0,synthetic
18.2,15.47,252,Prepaid,21,0,real_openml_creditcard_42397
87.64,4.59,184,COD,8,0,real_openml_creditcard_42397
490.12,27.57,822,Prepaid,2,0,synthetic
385.67,64.67,1173,Wallet,4,0,synthetic
114.24,2.43,182,Prepaid,21,0,real_openml_creditcard_42397
80.52,4.96,182,Wallet,0,0,real_openml_creditcard_42397
81.6,4.8,181,Prepaid,15,0,real_openml_creditcard_42397
35.85,12.64,234,Prepaid,23,0,real_openml_creditcard_42397
437.0,52.05,1068,Wallet,9,0,synthetic
206.13,0.54,242,COD,9,0,real_openml_creditcard_42397
348.82,99.6,1559,COD,5,0,synthetic
507.47,108.79,1812,Wallet,9,0,synthetic
464.22,101.6,1687,Prepaid,1,0,synthetic
12.97,21.11,315,COD,13,0,real_openml_creditcard_42397
10.94,20.93,311,Prepaid,14,0,real_openml_creditcard_42397
114.63,16.74,354,Wallet,9,0,real_openml_creditcard_42397
3.23,10.76,182,COD,17,0,real_openml_creditcard_42397
59.18,7.14,189,Prepaid,23,0,real_openml_creditcard_42397
42.68,14.3,260,COD,11,0,real_openml_creditcard_42397
61.15,6.33,181,Prepaid,16,0,real_openml_creditcard_42397
67.19,98.0,1286,COD,2,0,synthetic
275.89,62.55,1049,COD,6,0,synthetic
20.1,10.24,191,COD,10,0,real_openml_creditcard_42397
106.81,45.0,686,COD,18,0,synthetic
708.83,69.44,1521,COD,8,0,synthetic
1.79,4.69,108,Wallet,3,0,synthetic
747.02,77.44,1652,Wallet,15,0,synthetic
710.68,86.45,1727,Prepaid,3,0,synthetic
714.87,105.7,1962,Wallet,3,1,synthetic
39.32,8.63,189,Prepaid,19,0,real_openml_creditcard_42397
486.41,13.5,650,Prepaid,12,0,synthetic
693.42,110.32,1998,Wallet,1,0,synthetic
156.48,0.6,198,Prepaid,10,0,real_openml_creditcard_42397
773.63,93.14,1864,COD,15,0,synthetic
378.63,84.25,1402,Wallet,19,0,synthetic
321.34,94.32,1471,Prepaid,8,0,synthetic
456.58,61.44,1198,Wallet,1,0,synthetic
86.81,4.49,182,Wallet,13,0,real_openml_creditcard_42397
420.72,72.24,1296,COD,3,0,synthetic
94.14,4.69,191,Wallet,19,0,real_openml_creditcard_42397
656.07,21.67,900,Prepaid,22,0,synthetic
37.38,113.85,1450,Prepaid,2,0,synthetic
334.52,86.29,1387,COD,15,0,synthetic
634.43,108.43,1922,COD,23,0,synthetic
104.39,10.92,275,Wallet,16,0,real_openml_creditcard_42397
278.95,114.86,1679,Prepaid,22,0,synthetic
5.93,10.64,183,Prepaid,17,0,real_openml_creditcard_42397
102.35,2.19,168,Wallet,1,0,synthetic
122.21,65.17,942,Prepaid,13,0,real_openml_creditcard_42397
53.32,107.83,1392,COD,3,0,synthetic
16.19,62.13,810,COD,9,0,synthetic
155.66,117.56,1601,Prepaid,20,0,synthetic
29.63,8.78,182,Prepaid,4,0,real_openml_creditcard_42397
1.0,27.57,382,Wallet,7,0,real_openml_creditcard_42397
106.12,5.87,216,Wallet,5,0,real_openml_creditcard_42397
61.84,34.45,519,Prepaid,20,0,real_openml_creditcard_42397
168.6,17.69,414,Prepaid,20,0,real_openml_creditcard_42397
81.51,41.97,627,Prepaid,20,0,synthetic
380.2,94.77,1529,COD,22,0,synthetic
541.46,41.08,1030,Prepaid,6,0,synthetic
60.04,11.58,243,Prepaid,16,0,real_openml_creditcard_42397
386.59,62.26,1145,Wallet,18,0,synthetic
171.47,5.14,266,Prepaid,17,0,real_openml_creditcard_42397
110.03,8.41,250,Wallet,14,0,real_openml_creditcard_42397
143.7,117.76,1592,Wallet,8,0,synthetic
2.71,62.12,798,Wallet,23,1,synthetic
429.54,57.36,1125,COD,15,0,synthetic
143.12,4.35,231,Prepaid,19,0,real_openml_creditcard_42397
21.15,10.16,191,Prepaid,15,0,real_openml_creditcard_42397
419.37,13.73,592,Wallet,7,0,synthetic
64.31,9.01,216,Prepaid,15,0,real_openml_creditcard_42397
139.42,0.54,182,COD,14,0,real_openml_creditcard_42397
96.29,52.39,765,COD,11,0,synthetic
219.33,17.05,452,COD,18,0,real_openml_creditcard_42397
22.07,10.43,195,COD,14,0,real_openml_creditcard_42397
111.68,6.21,225,COD,11,0,real_openml_creditcard_42397
686.67,11.58,807,Prepaid,12,0,real_openml_creditcard_42397
179.78,110.31,1535,Wallet,18,0,synthetic
103.23,42.42,652,COD,4,0,synthetic
11.54,12.05,205,Prepaid,18,0,real_openml_creditcard_42397
595.92,82.97,1582,Wallet,2,0,synthetic
31.57,90.56,1165,COD,6,0,synthetic
415.31,25.1,725,Wallet,12,0,synthetic
88.65,13.27,289,Wallet,17,0,real_openml_creditcard_42397
65.75,8.57,212,Wallet,1,0,real_openml_creditcard_42397
105.93,3.72,190,Prepaid,17,0,real_openml_creditcard_42397
104.91,3.38,185,Wallet,20,0,real_openml_creditcard_42397
428.62,93.11,1553,COD,8,0,synthetic
125.01,9.54,277,Wallet,1,0,synthetic
129.16,2.89,201,Wallet,1,0,synthetic
207.96,64.38,1010,Wallet,13,1,synthetic
50.61,7.45,185,COD,13,0,real_openml_creditcard_42397
716.43,16.61,894,COD,16,0,synthetic
655.61,11.77,781,Wallet,18,0,synthetic
726.38,13.82,870,Prepaid,0,0,synthetic
480.42,78.26,1421,Wallet,9,0,synthetic
429.0,96.65,1596,Wallet,23,0,synthetic
175.26,47.91,783,Wallet,6,0,synthetic
293.61,19.43,547,Wallet,11,0,synthetic
5.59,90.23,1138,Prepaid,14,0,synthetic
605.7,36.07,1028,Prepaid,14,0,real_openml_creditcard_42397
462.89,85.99,1498,Prepaid,23,0,synthetic
42.65,10.05,209,COD,15,0,real_openml_creditcard_42397
658.66,29.33,995,COD,7,0,synthetic
293.39,59.99,1034,Wallet,15,0,synthetic
171.01,5.17,266,Prepaid,17,0,real_openml_creditcard_42397
307.28,1.2,341,COD,20,0,real_openml_creditcard_42397
751.65,117.18,2133,Wallet,13,0,synthetic
49.05,62.87,849,COD,4,0,synthetic
1.09,12.25,198,COD,13,0,real_openml_creditcard_42397
405.56,45.5,961,Prepaid,4,0,real_openml_creditcard_42397
787.54,30.13,1120,COD,10,0,synthetic
67.01,16.31,306,COD,23,0,real_openml_creditcard_42397
677.16,45.29,1203,COD,18,0,synthetic
111.02,5.84,220,Prepaid,9,0,real_openml_creditcard_42397
191.91,33.25,622,Wallet,7,0,synthetic
553.34,72.43,1417,Wallet,9,0,synthetic
45.1,7.7,183,Prepaid,22,0,real_openml_creditcard_42397
74.65,55.9,788,COD,6,0,synthetic
558.78,55.02,1213,COD,19,0,synthetic
145.69,8.16,279,COD,20,0,real_openml_creditcard_42397
152.27,0.91,198,Wallet,2,0,real_openml_creditcard_42397
485.68,18.3,707,Prepaid,17,0,synthetic
187.37,2.21,245,Wallet,22,0,synthetic
306.25,21.74,586,Prepaid,13,0,synthetic
329.84,4.82,405,Prepaid,7,0,synthetic
625.86,110.45,1939,Wallet,8,0,synthetic
591.52,56.09,1255,COD,5,0,synthetic
448.56,73.02,1330,Wallet,20,0,synthetic
173.31,0.84,216,COD,13,0,real_openml_creditcard_42397
163.91,53.04,834,Prepaid,5,0,real_openml_creditcard_42397
418.61,1.1,440,COD,11,0,real_openml_creditcard_42397
134.17,0.77,180,Prepaid,18,0,real_openml_creditcard_42397
514.44,79.0,1461,Wallet,23,0,synthetic
11.89,61.5,799,Wallet,7,0,synthetic
435.23,46.41,999,COD,15,0,synthetic
27.75,46.27,630,Prepaid,12,0,synthetic
538.5,43.33,1055,COD,13,0,synthetic
586.51,52.77,1211,Prepaid,15,0,synthetic
64.85,10.64,236,Wallet,21,0,real_openml_creditcard_42397
595.7,39.12,1056,Prepaid,16,0,synthetic
155.85,2.14,216,COD,11,0,real_openml_creditcard_42397
181.52,52.82,847,Wallet,14,0,synthetic
607.23,100.37,1801,Prepaid,23,0,synthetic
491.8,14.86,671,Prepaid,5,0,synthetic
596.37,11.95,730,COD,19,0,synthetic
130.52,106.44,1445,Prepaid,11,0,synthetic
744.07,92.95,1835,COD,6,0,synthetic
161.29,54.99,855,Wallet,20,0,synthetic
105.93,3.06,182,COD,21,0,real_openml_creditcard_42397
241.84,23.62,551,Wallet,12,0,synthetic
17.57,10.85,196,COD,23,0,real_openml_creditcard_42397
207.81,83.33,1237,Prepaid,7,0,synthetic
813.71,16.3,978,Prepaid,11,0,real_openml_creditcard_42397
632.73,71.03,1472,COD,16,0,synthetic
93.52,4.24,185,Wallet,9,0,real_openml_creditcard_42397
115.02,3.46,195,COD,22,0,real_openml_creditcard_42397
1.12,13.42,212,COD,7,0,real_openml_creditcard_42397
86.45,4.77,185,COD,20,0,real_openml_creditcard_42397
745.24,15.3,904,COD,2,0,synthetic
61.75,31.03,478,COD,20,0,synthetic
618.5,73.0,1483,Prepaid,2,0,synthetic
211.09,3.34,280,Wallet,9,0,real_openml_creditcard_42397
347.06,9.89,481,Wallet,21,0,real_openml_creditcard_42397
436.79,28.53,786,Prepaid,16,0,synthetic
58.7,7.01,187,COD,3,0,real_openml_creditcard_42397
62.75,6.29,182,COD,7,0,real_openml_creditcard_42397
95.18,40.78,625,COD,2,0,synthetic
209.9,107.04,1523,Wallet,9,0,synthetic
112.16,0.66,159,COD,7,0,synthetic
474.98,7.54,568,Wallet,16,0,real_openml_creditcard_42397
48.38,7.37,182,Wallet,22,0,real_openml_creditcard_42397
396.75,77.56,1338,Wallet,3,0,synthetic
747.95,101.67,1943,COD,11,0,synthetic
183.68,10.22,338,COD,7,0,real_openml_creditcard_42397
67.81,7.08,196,Prepaid,8,0,real_openml_creditcard_42397
660.81,84.23,1655,COD,19,0,synthetic
357.64,81.99,1356,Prepaid,15,0,synthetic
77.22,9.21,230,COD,18,0,real_openml_creditcard_42397
52.11,10.51,223,COD,9,0,real_openml_creditcard_42397
129.47,43.08,683,Prepaid,13,0,synthetic
23.88,13.04,228,COD,14,0,real_openml_creditcard_42397
148.76,1.18,198,COD,7,0,real_openml_creditcard_42397
67.04,9.14,220,COD,10,0,real_openml_creditcard_42397
756.63,63.37,1491,COD,23,0,synthetic
225.62,24.58,548,Prepaid,15,0,real_openml_creditcard_42397
171.54,39.44,678,Prepaid,18,0,synthetic
714.77,7.99,789,Wallet,6,0,synthetic
71.01,119.47,1547,Wallet,20,0,synthetic
127.55,1.43,182,COD,22,0,real_openml_creditcard_42397
224.35,39.47,726,COD,1,0,synthetic
156.17,2.45,220,Prepaid,13,0,real_openml_creditcard_42397
187.21,14.29,390,COD,20,0,real_openml_creditcard_42397
623.12,45.1,1152,COD,5,0,real_openml_creditcard_42397
735.83,86.15,1746,Prepaid,1,0,synthetic
224.44,105.63,1520,COD,11,0,synthetic
310.37,28.14,667,Wallet,19,0,real_openml_creditcard_42397
724.33,7.74,795,COD,5,0,synthetic
38.94,109.63,1401,Prepaid,1,0,synthetic
59.59,11.95,247,COD,18,0,real_openml_creditcard_42397
528.23,50.37,1130,Prepaid,17,0,synthetic
203.14,62.06,978,Prepaid,15,0,synthetic
254.94,104.0,1527,Prepaid,19,0,synthetic
347.78,103.98,1611,Wallet,2,0,synthetic
753.09,30.23,1091,Wallet,22,0,synthetic
482.98,50.68,1093,Prepaid,19,0,synthetic
339.84,4.18,406,COD,22,0,real_openml_creditcard_42397
84.46,11.33,262,Wallet,20,0,real_openml_creditcard_42397
16.25,11.2,199,COD,18,0,real_openml_creditcard_42397
137.91,0.66,182,Prepaid,6,0,real_openml_creditcard_42397
645.73,103.57,1874,COD,2,1,synthetic
579.27,8.43,673,Wallet,23,0,synthetic
680.03,13.06,819,COD,7,0,synthetic
120.16,1.99,182,Wallet,13,0,real_openml_creditcard_42397
172.7,24.71,502,COD,11,0,real_openml_creditcard_42397
303.93,34.45,737,Wallet,14,0,synthetic
25.48,8.92,180,Prepaid,18,0,real_openml_creditcard_42397
53.23,8.09,195,Prepaid,15,0,real_openml_creditcard_42397
62.18,4.46,160,Prepaid,23,0,synthetic
501.9,44.38,1034,COD,20,0,synthetic
74.71,65.33,901,Wallet,5,0,synthetic
709.37,24.94,988,COD,6,0,synthetic
698.22,36.96,1122,Wallet,12,0,synthetic
620.27,94.57,1743,Wallet,14,0,synthetic
140.5,1.05,189,Prepaid,2,0,real_openml_creditcard_42397
300.08,93.85,1446,COD,14,0,synthetic
47.92,51.78,714,Wallet,23,0,synthetic
277.83,18.78,525,Prepaid,21,0,synthetic
497.17,9.81,615,Wallet,5,0,synthetic
151.43,58.25,885,Wallet,13,0,synthetic
636.43,84.25,1634,Wallet,22,0,synthetic
5.5,14.67,231,Wallet,20,0,real_openml_creditcard_42397
116.81,6.57,234,Wallet,9,0,real_openml_creditcard_42397
87.53,23.04,405,Wallet,15,0,synthetic
2.94,11.03,185,Prepaid,21,0,real_openml_creditcard_42397
443.5,55.27,1112,COD,23,0,synthetic
174.5,2.41,236,Prepaid,21,0,real_openml_creditcard_42397
425.27,97.45,1602,Prepaid,16,0,synthetic
125.57,114.3,1535,Prepaid,21,0,synthetic
29.47,26.21,391,Wallet,13,0,real_openml_creditcard_42397
138.7,0.6,182,Prepaid,23,0,real_openml_creditcard_42397
671.87,19.12,884,Wallet,16,0,synthetic
172.55,119.39,1638,Prepaid,23,0,synthetic
384.91,118.29,1816,Wallet,17,0,synthetic
593.49,4.57,639,Prepaid,18,0,synthetic
52.89,16.45,295,COD,11,0,real_openml_creditcard_42397
105.98,4.8,203,COD,11,0,real_openml_creditcard_42397
76.86,7.07,204,COD,21,0,real_openml_creditcard_42397
106.33,81.48,1123,COD,23,0,synthetic
101.62,34.14,551,Wallet,7,0,synthetic
13.82,9.88,181,COD,20,0,real_openml_creditcard_42397
561.1,11.75,696,Wallet,12,0,real_openml_creditcard_42397
661.82,108.99,1953,Prepaid,2,0,synthetic
278.27,87.36,1349,Wallet,5,0,synthetic
44.8,7.72,183,Wallet,12,0,real_openml_creditcard_42397
531.8,64.0,1297,Prepaid,21,1,synthetic
664.64,13.14,806,Prepaid,16,0,synthetic
751.78,87.44,1776,Prepaid,20,0,synthetic
45.71,7.57,182,COD,19,0,real_openml_creditcard_42397
243.62,50.84,879,COD,17,0,synthetic
676.95,87.98,1715,Prepaid,21,0,synthetic
23.46,9.49,185,Prepaid,14,0,real_openml_creditcard_42397
366.12,8.04,476,Prepaid,14,0,real_openml_creditcard_42397
106.42,3.35,186,Prepaid,15,0,real_openml_creditcard_42397
110.21,4.4,202,Prepaid,13,0,real_openml_creditcard_42397
135.51,115.76,1561,COD,1,0,synthetic
102.16,5.42,207,COD,15,0,real_openml_creditcard_42397
450.01,45.92,1006,Prepaid,12,0,synthetic
93.53,4.15,184,Wallet,13,0,real_openml_creditcard_42397
553.85,2.51,579,COD,10,0,synthetic
454.79,80.88,1430,Prepaid,22,0,synthetic
763.33,44.31,1269,Wallet,13,1,synthetic
554.71,4.46,603,Prepaid,6,0,synthetic
485.38,109.86,1805,Wallet,6,1,synthetic
255.05,104.53,1534,Wallet,3,0,synthetic
335.58,84.23,1363,COD,2,0,synthetic
157.48,5.36,256,Prepaid,1,0,real_openml_creditcard_42397
80.13,7.99,218,Prepaid,10,0,real_openml_creditcard_42397
173.98,9.37,319,COD,20,0,real_openml_creditcard_42397
36.88,52.49,713,Wallet,23,0,synthetic
227.69,26.65,575,COD,20,0,synthetic
109.67,2.77,182,Wallet,13,0,real_openml_creditcard_42397
430.89,4.87,496,Wallet,12,0,synthetic
569.99,4.94,622,Prepaid,20,0,synthetic
77.0,5.31,183,Prepaid,15,0,real_openml_creditcard_42397
122.26,95.52,1306,Wallet,15,0,synthetic
679.22,15.74,850,COD,21,0,synthetic
57.86,12.41,251,Wallet,9,0,real_openml_creditcard_42397
210.07,12.55,390,Wallet,14,0,synthetic
128.43,80.96,1137,COD,19,0,synthetic
712.22,30.7,1059,COD,23,0,synthetic
74.85,10.97,249,COD,17,0,real_openml_creditcard_42397
415.61,97.29,1592,COD,18,0,synthetic
496.29,47.28,1064,Wallet,5,0,synthetic
20.52,11.04,201,Wallet,14,0,real_openml_creditcard_42397
346.14,54.99,1021,Wallet,17,0,synthetic
524.63,89.36,1594,Prepaid,0,0,synthetic
84.95,9.88,245,Wallet,11,0,real_openml_creditcard_42397
198.6,7.89,323,COD,5,0,synthetic
190.75,64.44,995,COD,7,0,synthetic
586.83,96.66,1738,Wallet,6,0,synthetic
394.35,74.44,1298,Prepaid,8,0,synthetic
17.04,99.76,1263,Prepaid,4,0,synthetic
416.46,31.69,805,COD,5,0,synthetic
50.06,11.41,232,Wallet,22,0,real_openml_creditcard_42397
182.83,74.2,1105,Prepaid,13,0,real_openml_creditcard_42397
130.46,2.8,201,COD,20,0,real_openml_creditcard_42397
44.86,8.55,193,COD,18,0,real_openml_creditcard_42397
419.97,69.48,1262,COD,16,0,synthetic
41.85,9.19,198,COD,20,0,real_openml_creditcard_42397
36.11,8.54,185,Wallet,19,0,real_openml_creditcard_42397
23.36,7.0,155,Prepaid,0,0,synthetic
399.45,116.22,1804,COD,13,0,synthetic
169.05,59.63,918,Wallet,13,0,synthetic
236.15,70.0,1102,COD,17,0,synthetic
587.32,10.56,705,Wallet,12,0,synthetic
115.71,86.94,1197,Prepaid,12,0,synthetic
168.57,5.44,267,Wallet,10,0,real_openml_creditcard_42397
505.01,80.53,1471,COD,11,1,synthetic
326.31,41.26,839,Wallet,6,0,synthetic
743.0,93.86,1845,COD,13,0,synthetic
272.49,104.2,1546,Wallet,3,0,synthetic
160.84,100.07,1396,Wallet,13,0,synthetic
144.93,10.26,304,Prepaid,15,0,synthetic
129.62,1.28,182,Wallet,21,0,real_openml_creditcard_42397
661.5,105.13,1907,COD,23,0,synthetic
480.66,28.09,820,Prepaid,5,0,synthetic
97.07,3.72,182,Prepaid,14,0,real_openml_creditcard_42397
528.58,98.47,1707,Prepaid,1,0,synthetic
100.58,8.71,245,COD,20,0,real_openml_creditcard_42397
162.47,37.07,641,Prepaid,23,0,synthetic
88.71,4.51,184,COD,1,0,real_openml_creditcard_42397
104.92,4.8,202,COD,20,0,real_openml_creditcard_42397
147.83,2.16,209,COD,16,0,real_openml_creditcard_42397
299.26,35.95,751,Prepaid,17,0,synthetic
456.39,118.92,1888,Wallet,12,0,synthetic
258.38,32.17,669,Prepaid,11,0,synthetic
195.07,12.37,374,Prepaid,15,0,real_openml_creditcard_42397
24.85,9.3,184,Wallet,15,0,real_openml_creditcard_42397
187.16,11.71,359,Wallet,11,0,real_openml_creditcard_42397
86.82,9.4,241,Prepaid,1,0,real_openml_creditcard_42397
283.06,16.57,504,COD,12,0,synthetic
258.1,13.39,443,COD,9,0,real_openml_creditcard_42397
139.78,1.52,194,Prepaid,9,0,real_openml_creditcard_42397
749.21,82.2,1711,COD,3,0,synthetic
15.51,17.59,275,COD,0,0,real_openml_creditcard_42397
199.83,76.54,1148,COD,6,0,synthetic
139.28,36.42,612,COD,19,0,synthetic
386.49,60.54,1124,Wallet,22,0,synthetic
136.31,13.03,329,COD,0,0,real_openml_creditcard_42397
539.32,1.27,551,Wallet,0,0,synthetic
600.12,25.47,896,Prepaid,21,0,synthetic
435.69,34.11,851,COD,13,0,synthetic
234.94,98.38,1442,Prepaid,20,0,synthetic
386.56,92.15,1504,Prepaid,23,0,synthetic
601.38,38.66,1055,Prepaid,2,0,synthetic
224.2,23.56,534,Prepaid,21,0,synthetic
70.62,5.7,182,COD,12,0,real_openml_creditcard_42397
189.48,94.18,1351,Wallet,0,0,synthetic
596.62,13.47,749,COD,2,0,synthetic
457.45,12.11,607,Prepaid,9,0,real_openml_creditcard_42397
727.46,12.44,854,COD,10,0,real_openml_creditcard_42397
454.77,86.49,1497,COD,5,0,synthetic
488.08,9.72,606,COD,15,0,synthetic
85.3,7.02,211,Prepaid,12,0,real_openml_creditcard_42397
42.75,7.88,183,Wallet,9,0,real_openml_creditcard_42397
33.01,10.19,202,Prepaid,18,0,real_openml_creditcard_42397
616.27,5.7,673,Prepaid,13,0,synthetic
678.89,43.75,1186,COD,11,0,synthetic
538.12,34.11,944,Prepaid,5,0,synthetic
502.22,49.32,1094,Wallet,17,0,synthetic
60.99,7.76,198,COD,22,0,real_openml_creditcard_42397
207.82,52.65,869,Wallet,9,0,synthetic
52.36,7.82,191,Prepaid,19,0,real_openml_creditcard_42397
228.49,115.39,1640,Wallet,18,0,synthetic
737.6,15.25,897,Wallet,6,0,synthetic
238.84,7.02,349,COD,10,0,synthetic
503.91,70.92,1355,Prepaid,9,0,synthetic
641.72,105.59,1895,Prepaid,7,0,synthetic
5.31,70.26,898,Wallet,2,0,synthetic
682.66,19.46,898,Prepaid,19,0,synthetic
303.47,48.13,901,COD,6,0,synthetic
344.43,21.73,621,Wallet,0,0,synthetic
64.01,6.78,189,Wallet,16,0,real_openml_creditcard_42397
214.31,97.12,1408,COD,8,1,synthetic
194.73,2.56,256,Prepaid,21,0,real_openml_creditcard_42397
493.49,95.44,1639,Prepaid,22,0,synthetic
24.31,9.18,182,COD,19,0,real_openml_creditcard_42397
322.66,48.41,921,Wallet,4,0,synthetic
402.49,111.31,1748,COD,15,0,synthetic
418.95,72.22,1294,Wallet,1,0,synthetic
3.13,10.77,182,Prepaid,16,0,real_openml_creditcard_42397
654.51,88.57,1702,Wallet,12,0,synthetic
71.96,6.69,195,COD,10,0,real_openml_creditcard_42397
113.9,3.12,190,Prepaid,12,0,real_openml_creditcard_42397
626.82,61.42,1351,Prepaid,2,0,synthetic
618.28,65.02,1387,Prepaid,1,0,synthetic
189.49,19.44,454,Wallet,14,0,synthetic
792.72,79.51,1718,Wallet,0,0,synthetic
259.45,34.27,695,COD,7,0,synthetic
469.5,54.19,1123,Prepaid,4,0,synthetic
73.92,24.31,408,COD,14,0,synthetic
623.38,12.15,757,Prepaid,8,0,synthetic
192.94,77.56,1154,COD,15,0,synthetic
303.37,73.74,1208,Prepaid,9,0,synthetic
313.22,73.51,1214,COD,3,0,synthetic
620.15,59.84,1326,Prepaid,5,0,synthetic
670.81,88.33,1714,Prepaid,12,0,synthetic
18.81,9.59,182,COD,0,0,real_openml_creditcard_42397
728.3,36.38,1142,Wallet,0,0,synthetic
76.37,12.69,271,Prepaid,19,0,real_openml_creditcard_42397
83.54,22.23,392,Prepaid,21,0,real_openml_creditcard_42397
790.12,61.13,1495,Wallet,6,0,synthetic
354.38,13.48,531,COD,11,0,synthetic
243.42,3.16,307,COD,23,0,real_openml_creditcard_42397
755.87,87.5,1780,Wallet,1,0,synthetic
128.39,1.54,184,COD,18,0,real_openml_creditcard_42397
193.51,0.65,232,Wallet,12,0,real_openml_creditcard_42397
509.09,38.05,965,COD,7,0,synthetic
352.66,33.46,769,Prepaid,15,0,synthetic
149.51,0.79,194,Prepaid,10,0,real_openml_creditcard_42397
132.85,3.87,216,Prepaid,22,0,real_openml_creditcard_42397
46.05,29.05,440,Wallet,11,0,real_openml_creditcard_42397
91.06,4.84,190,Prepaid,23,0,real_openml_creditcard_42397
628.49,29.76,973,COD,0,0,synthetic
182.94,18.78,440,Wallet,11,0,real_openml_creditcard_42397
404.36,114.09,1783,Prepaid,23,0,synthetic
146.48,81.6,1161,COD,18,0,synthetic
793.36,51.4,1381,COD,14,0,synthetic
185.41,0.68,225,Wallet,18,0,real_openml_creditcard_42397
89.65,4.61,186,COD,14,0,real_openml_creditcard_42397
314.14,30.93,704,Wallet,23,0,synthetic
58.02,6.65,182,Prepaid,12,0,real_openml_creditcard_42397
648.8,8.07,731,Wallet,13,0,synthetic
121.06,6.12,232,Wallet,3,0,synthetic
53.02,100.96,1309,Wallet,16,0,synthetic
111.92,87.99,1207,Wallet,0,0,synthetic
374.84,102.84,1621,COD,19,0,synthetic
7.72,10.59,184,Prepaid,6,0,real_openml_creditcard_42397
774.07,82.96,1742,Prepaid,0,0,synthetic
33.9,16.16,274,COD,21,0,synthetic
226.75,5.16,316,COD,14,0,real_openml_creditcard_42397
331.73,21.61,608,Wallet,3,0,synthetic
253.96,18.19,497,Prepaid,14,0,synthetic
321.26,8.49,441,COD,21,0,real_openml_creditcard_42397
547.38,49.26,1134,COD,19,0,synthetic
335.15,26.82,674,COD,6,0,synthetic
458.42,73.21,1341,Wallet,4,0,synthetic
288.22,48.43,891,COD,23,1,synthetic
6.22,15.2,238,COD,13,0,real_openml_creditcard_42397
451.29,15.07,637,Wallet,9,0,real_openml_creditcard_42397
68.7,5.85,182,Prepaid,7,0,real_openml_creditcard_42397
599.39,25.21,892,COD,16,0,synthetic
557.26,81.22,1526,COD,8,0,synthetic
151.22,5.66,254,Wallet,13,0,real_openml_creditcard_42397
13.21,13.59,225,COD,9,0,real_openml_creditcard_42397
677.44,65.1,1441,COD,23,0,synthetic
787.77,58.9,1466,COD,18,0,synthetic
62.8,21.96,370,COD,14,0,real_openml_creditcard_42397
633.67,80.68,1588,COD,21,0,synthetic
112.13,4.09,200,Wallet,22,0,real_openml_creditcard_42397
48.6,7.36,182,Prepaid,15,0,real_openml_creditcard_42397
30.56,26.46,395,COD,17,0,real_openml_creditcard_42397
159.5,61.51,932,Prepaid,20,0,synthetic
31.98,8.52,181,COD,14,0,real_openml_creditcard_42397
18.75,10.93,198,Wallet,20,0,real_openml_creditcard_42397
224.69,6.65,332,Prepaid,14,0,real_openml_creditcard_42397
122.65,98.46,1342,Prepaid,0,0,synthetic
625.59,100.17,1815,COD,13,0,synthetic
256.23,10.62,408,Wallet,21,0,real_openml_creditcard_42397
588.22,71.23,1434,Prepaid,11,0,synthetic
189.91,30.67,589,Prepaid,18,0,real_openml_creditcard_42397
148.65,2.6,215,COD,17,0,real_openml_creditcard_42397
296.85,105.62,1585,COD,3,0,synthetic
498.21,62.97,1254,Prepaid,7,1,synthetic
90.85,4.44,185,COD,21,0,real_openml_creditcard_42397
237.1,71.76,1125,COD,9,0,synthetic
33.88,15.71,269,COD,21,0,real_openml_creditcard_42397
72.95,86.82,1158,Prepaid,16,0,synthetic
73.28,15.64,304,COD,9,0,synthetic
513.79,48.92,1099,Wallet,2,0,synthetic
417.22,45.54,972,Prepaid,3,0,synthetic
625.77,44.07,1142,Prepaid,12,0,synthetic
156.85,63.63,955,Wallet,1,0,synthetic
583.01,29.43,928,COD,7,0,synthetic
474.15,18.96,704,COD,5,0,synthetic
428.38,109.93,1755,Prepaid,20,0,synthetic
103.27,4.59,198,Wallet,23,0,real_openml_creditcard_42397
684.4,115.11,2047,Prepaid,2,1,synthetic
18.35,9.46,180,Wallet,10,0,real_openml_creditcard_42397
85.68,5.32,191,COD,10,0,real_openml_creditcard_42397
193.87,5.38,289,Prepaid,18,0,real_openml_creditcard_42397
757.91,48.9,1319,Wallet,5,0,synthetic
32.67,91.01,1171,Prepaid,5,0,synthetic
513.58,36.29,948,Wallet,8,0,synthetic
496.31,83.76,1502,Wallet,19,0,synthetic
206.51,10.6,363,Wallet,7,0,real_openml_creditcard_42397
526.08,113.46,1885,Wallet,19,0,synthetic
586.14,11.95,721,Prepaid,22,0,synthetic
157.77,2.08,217,COD,19,0,real_openml_creditcard_42397
661.32,89.42,1718,Wallet,22,0,synthetic
480.39,14.16,652,Wallet,15,0,synthetic
630.11,90.86,1707,Prepaid,14,0,synthetic
113.01,11.19,286,Prepaid,4,0,synthetic
97.74,3.67,182,COD,16,0,real_openml_creditcard_42397
675.56,74.21,1549,Prepaid,0,0,synthetic
338.65,113.26,1714,COD,1,0,synthetic
390.54,111.63,1741,COD,6,0,synthetic
346.63,105.31,1626,Wallet,0,0,synthetic
13.57,19.15,292,Wallet,16,0,real_openml_creditcard_42397
134.73,4.06,220,COD,14,0,real_openml_creditcard_42397
230.37,9.56,372,Prepaid,10,0,real_openml_creditcard_42397
581.09,67.32,1381,COD,15,1,synthetic
529.04,70.16,1368,Prepaid,11,0,synthetic
2.48,27.31,380,COD,23,0,synthetic
76.86,32.4,508,Prepaid,16,0,real_openml_creditcard_42397
22.48,99.61,1266,Wallet,4,0,synthetic
345.21,112.19,1707,Wallet,16,0,synthetic
672.3,98.53,1837,Prepaid,15,0,synthetic
447.23,88.3,1512,Wallet,0,0,synthetic
722.13,39.15,1170,COD,13,0,synthetic
734.9,116.24,2106,Prepaid,20,0,synthetic
118.2,2.14,182,Wallet,13,0,real_openml_creditcard_42397
288.3,19.34,542,Prepaid,17,0,synthetic
71.19,40.68,602,Wallet,5,0,synthetic
253.57,6.65,358,Prepaid,10,0,real_openml_creditcard_42397
719.5,64.74,1474,COD,7,0,synthetic
455.28,6.19,534,Wallet,21,0,real_openml_creditcard_42397
89.88,6.09,204,Prepaid,19,0,real_openml_creditcard_42397
307.27,92.8,1440,Wallet,9,0,synthetic
334.63,36.78,793,Wallet,22,0,synthetic
497.99,31.93,881,Wallet,10,0,synthetic
716.54,13.0,851,Wallet,1,0,synthetic
121.75,1.87,182,COD,9,0,real_openml_creditcard_42397
70.99,5.68,182,Prepaid,15,0,real_openml_creditcard_42397
302.72,19.84,560,COD,9,0,synthetic
664.91,87.38,1697,Wallet,6,0,synthetic
159.77,2.6,225,Prepaid,20,0,real_openml_creditcard_42397
84.65,4.73,183,Prepaid,21,0,real_openml_creditcard_42397
139.84,3.1,213,COD,13,0,real_openml_creditcard_42397
711.73,65.76,1480,Wallet,5,1,synthetic
27.56,9.02,183,COD,9,0,real_openml_creditcard_42397
474.94,37.03,922,COD,6,0,synthetic
596.72,74.67,1483,Prepaid,22,1,synthetic
460.39,109.98,1784,COD,9,0,synthetic
383.89,89.15,1465,Wallet,9,0,synthetic
701.93,65.82,1472,Prepaid,19,0,synthetic
576.6,15.75,758,Prepaid,20,0,synthetic
121.88,3.53,202,Prepaid,21,0,real_openml_creditcard_42397
274.18,60.76,1026,Wallet,20,0,synthetic
144.5,2.08,205,Prepaid,12,0,real_openml_creditcard_42397
32.01,9.35,191,Wallet,17,0,real_openml_creditcard_42397
12.01,10.18,183,Prepaid,23,0,real_openml_creditcard_42397
175.13,9.45,321,COD,11,0,real_openml_creditcard_42397
484.43,42.39,995,Prepaid,15,0,synthetic
611.35,103.89,1847,COD,15,0,synthetic
58.42,71.26,958,Wallet,8,0,synthetic
4.9,11.55,193,Wallet,3,0,real_openml_creditcard_42397
334.86,17.78,565,COD,3,0,synthetic
88.45,11.78,271,COD,15,0,real_openml_creditcard_42397
159.39,74.41,1086,Prepaid,0,0,synthetic
588.65,14.86,758,Wallet,20,0,synthetic
604.8,18.06,811,Prepaid,7,0,synthetic
640.77,106.77,1908,Wallet,8,0,synthetic
17.21,9.96,185,Wallet,15,0,real_openml_creditcard_42397
609.56,14.62,774,COD,11,0,real_openml_creditcard_42397
594.22,71.89,1447,Prepaid,23,0,synthetic
337.46,82.04,1338,Wallet,1,0,synthetic
1082.26,6.08,1097,Prepaid,15,0,real_openml_creditcard_42397
244.74,1.98,294,Wallet,14,0,real_openml_creditcard_42397
58.59,8.69,207,COD,17,0,real_openml_creditcard_42397
328.6,103.08,1583,Wallet,11,0,synthetic
637.91,99.31,1816,COD,12,0,synthetic
399.11,75.1,1310,Wallet,15,0,synthetic
618.73,4.21,657,Wallet,2,0,synthetic
140.4,110.94,1508,COD,19,0,synthetic
293.84,71.98,1178,Wallet,5,0,synthetic
262.32,88.8,1352,COD,6,0,synthetic
477.22,7.71,572,COD,17,0,real_openml_creditcard_42397
110.61,95.81,1299,Prepaid,0,1,synthetic
555.52,57.12,1235,COD,1,0,synthetic
620.38,79.63,1564,COD,21,0,synthetic
132.67,1.63,189,Wallet,18,0,real_openml_creditcard_42397
377.71,0.55,397,Wallet,8,0,synthetic
709.76,1.12,702,Prepaid,16,0,synthetic
138.53,15.03,355,COD,19,0,real_openml_creditcard_42397
442.24,71.49,1306,COD,10,0,synthetic
503.26,78.5,1445,Wallet,9,0,synthetic
131.51,1.14,182,COD,18,0,real_openml_creditcard_42397
263.33,15.83,477,Wallet,20,0,real_openml_creditcard_42397
182.87,3.03,251,Prepaid,18,0,real_openml_creditcard_42397
318.23,2.53,367,Prepaid,2,0,synthetic
72.87,13.95,283,COD,14,0,real_openml_creditcard_42397
57.72,7.42,191,Wallet,21,0,real_openml_creditcard_42397
412.85,103.34,1662,Wallet,4,0,synthetic
292.62,18.24,532,Prepaid,11,0,synthetic
229.4,7.21,343,Wallet,8,0,real_openml_creditcard_42397
156.2,64.02,959,Wallet,10,0,synthetic
163.93,2.29,225,COD,21,0,real_openml_creditcard_42397
531.38,15.64,716,Prepaid,15,0,synthetic
12.44,11.15,195,Prepaid,19,0,real_openml_creditcard_42397
766.15,0.82,749,Prepaid,8,0,synthetic
372.16,115.33,1769,Wallet,11,0,synthetic
34.26,10.51,207,Prepaid,16,0,real_openml_creditcard_42397
46.41,17.35,300,COD,14,0,real_openml_creditcard_42397
122.11,2.26,187,Prepaid,19,0,real_openml_creditcard_42397
97.74,4.09,187,Wallet,20,0,real_openml_creditcard_42397
58.54,6.69,183,COD,12,0,real_openml_creditcard_42397
121.1,2.17,185,Prepaid,18,0,real_openml_creditcard_42397
60.19,7.07,189,COD,15,0,real_openml_creditcard_42397
457.64,33.74,867,COD,21,0,synthetic
75.34,5.93,189,COD,20,0,real_openml_creditcard_42397
215.83,2.9,279,COD,7,0,real_openml_creditcard_42397
31.78,12.2,225,Wallet,21,0,real_openml_creditcard_42397
76.0,26.63,438,COD,20,0,real_openml_creditcard_42397
365.36,36.28,814,Wallet,18,0,synthetic
206.13,4.87,294,Wallet,14,0,real_openml_creditcard_42397
27.16,105.01,1335,COD,19,0,synthetic
554.13,42.82,1063,COD,0,0,synthetic
759.32,92.26,1841,COD,14,0,synthetic
480.09,23.16,760,Wallet,13,0,real_openml_creditcard_42397
96.07,4.71,193,Wallet,12,0,real_openml_creditcard_42397
351.24,23.49,648,Prepaid,11,0,real_openml_creditcard_42397
118.15,15.56,343,Wallet,15,0,real_openml_creditcard_42397
111.35,12.82,304,Prepaid,11,0,real_openml_creditcard_42397
650.68,97.38,1804,COD,9,1,synthetic
25.64,97.21,1240,Wallet,1,0,synthetic
472.76,71.57,1334,Prepaid,0,0,synthetic
244.37,2.17,296,Prepaid,18,0,real_openml_creditcard_42397
96.36,32.04,521,Prepaid,4,0,synthetic
129.2,1.31,182,Wallet,20,0,real_openml_creditcard_42397
12.11,11.42,198,COD,9,0,real_openml_creditcard_42397
122.7,2.21,187,Prepaid,21,0,real_openml_creditcard_42397
348.89,36.79,805,COD,2,0,synthetic
17.55,15.43,251,Wallet,17,0,real_openml_creditcard_42397
58.42,46.98,666,Wallet,0,0,synthetic
741.55,23.67,1001,Wallet,10,0,synthetic
122.11,3.42,201,Wallet,17,0,real_openml_creditcard_42397
148.48,26.31,499,Prepaid,1,0,synthetic
355.97,81.95,1354,COD,18,0,synthetic
197.67,23.92,515,Wallet,3,1,synthetic
275.17,81.7,1278,Wallet,11,0,synthetic
171.87,24.18,495,Prepaid,3,0,synthetic
605.3,15.82,785,Wallet,4,0,synthetic
290.61,3.01,348,Wallet,10,0,synthetic
202.48,72.98,1108,Wallet,15,0,real_openml_creditcard_42397
594.55,65.11,1366,Wallet,1,0,synthetic
737.81,45.21,1257,COD,3,0,synthetic
115.22,22.61,425,COD,8,0,real_openml_creditcard_42397
472.21,92.61,1586,Prepaid,20,0,synthetic
653.03,6.7,718,Wallet,16,0,synthetic
139.37,36.3,611,Wallet,4,0,synthetic
510.72,118.51,1932,Wallet,23,0,synthetic
50.19,8.57,198,COD,20,0,real_openml_creditcard_42397
127.32,3.12,202,Wallet,4,0,real_openml_creditcard_42397
496.39,71.95,1360,COD,6,0,synthetic
346.0,2.55,392,Prepaid,13,0,real_openml_creditcard_42397
615.11,47.92,1179,Wallet,11,0,synthetic
150.58,45.22,728,COD,18,0,synthetic
45.43,9.68,207,Prepaid,15,0,real_openml_creditcard_42397
172.56,3.97,253,COD,16,0,real_openml_creditcard_42397
136.93,35.56,600,Prepaid,8,0,real_openml_creditcard_42397
385.19,62.8,1150,COD,5,0,synthetic
583.03,40.57,1062,Prepaid,5,0,synthetic
270.07,59.51,1007,Wallet,9,0,synthetic
518.21,102.88,1751,Wallet,11,0,synthetic
73.21,64.61,891,Prepaid,1,0,synthetic
459.17,51.96,1087,COD,7,0,synthetic
26.43,25.48,380,Wallet,9,0,synthetic
231.46,74.57,1153,Prepaid,16,0,synthetic
251.01,32.19,662,Wallet,23,0,synthetic
462.3,85.48,1492,Wallet,7,0,synthetic
357.83,61.71,1113,COD,6,0,synthetic
768.46,32.83,1136,Wallet,5,0,synthetic
170.91,5.85,274,Prepaid,14,0,real_openml_creditcard_42397
756.43,46.01,1283,COD,16,0,synthetic
16.48,9.76,182,Wallet,18,0,real_openml_creditcard_42397
335.02,118.14,1769,Wallet,20,0,synthetic
300.24,60.74,1049,Wallet,21,0,synthetic
711.14,95.19,1832,Prepaid,17,0,synthetic
197.22,14.9,406,Prepaid,20,0,synthetic
4.4,100.25,1257,COD,11,0,real_openml_creditcard_42397
442.62,73.36,1329,Wallet,19,0,synthetic
45.78,7.57,182,Prepaid,14,0,real_openml_creditcard_42397
610.97,114.21,1970,COD,7,0,synthetic
222.69,66.48,1048,COD,10,0,synthetic
43.66,24.06,378,Wallet,16,0,synthetic
289.13,3.4,351,COD,22,0,real_openml_creditcard_42397
459.92,67.22,1271,COD,17,0,synthetic
393.91,113.11,1762,COD,3,0,synthetic
228.42,7.86,350,COD,6,0,synthetic
780.54,103.08,1989,COD,2,0,synthetic
221.75,9.03,358,Prepaid,19,0,synthetic
120.25,67.26,965,COD,17,0,synthetic
526.72,52.87,1159,COD,1,0,synthetic
15.5,23.25,343,Wallet,7,0,real_openml_creditcard_42397
289.78,60.73,1040,Prepaid,14,0,synthetic
326.14,66.82,1145,Prepaid,12,0,synthetic
278.79,74.49,1195,COD,14,0,synthetic
54.37,6.84,181,COD,13,0,real_openml_creditcard_42397
604.71,39.95,1074,Prepaid,21,0,synthetic
534.17,89.73,1608,Prepaid,17,0,synthetic
94.63,12.15,281,Wallet,17,0,real_openml_creditcard_42397
693.22,74.27,1565,Wallet,15,1,synthetic
86.69,118.31,1548,Wallet,18,0,synthetic
335.66,49.51,946,COD,7,0,synthetic
3.7,23.31,333,COD,11,0,real_openml_creditcard_42397
208.05,117.98,1653,Prepaid,7,1,synthetic
159.82,13.93,361,Wallet,8,0,real_openml_creditcard_42397
789.96,103.03,1997,Wallet,0,0,synthetic
109.37,2.71,181,Prepaid,2,0,real_openml_creditcard_42397
86.84,5.49,194,Prepaid,16,0,real_openml_creditcard_42397
256.17,31.24,655,Prepaid,2,0,synthetic
666.62,61.47,1388,COD,23,0,synthetic
346.35,101.04,1574,COD,19,0,synthetic
65.59,21.0,361,COD,17,0,real_openml_creditcard_42397
20.35,30.39,433,COD,10,0,synthetic
221.74,107.19,1536,Wallet,15,0,synthetic
79.13,56.45,799,COD,3,0,synthetic
504.36,28.08,841,COD,4,0,synthetic
604.34,77.44,1523,COD,15,0,synthetic
106.7,5.25,209,COD,16,0,real_openml_creditcard_42397
335.42,19.36,584,COD,17,0,synthetic
121.11,3.75,204,Wallet,8,0,real_openml_creditcard_42397
742.66,76.57,1637,Wallet,4,1,synthetic
420.47,3.24,467,COD,18,0,synthetic
452.89,97.15,1623,Prepaid,8,0,synthetic
117.61,2.35,184,Prepaid,8,0,real_openml_creditcard_42397
587.34,65.94,1370,Prepaid,8,0,synthetic
115.54,3.67,198,Prepaid,20,0,real_openml_creditcard_42397
75.55,5.25,181,Wallet,16,0,real_openml_creditcard_42397
779.83,29.36,1104,Wallet,9,0,synthetic
231.19,73.67,1142,COD,4,0,synthetic
50.98,7.43,185,Prepaid,19,0,real_openml_creditcard_42397
268.89,106.33,1568,Prepaid,2,0,synthetic
794.09,74.39,1657,Prepaid,21,0,synthetic
357.35,26.33,688,Wallet,22,0,synthetic
20.05,14.83,246,COD,6,0,real_openml_creditcard_42397
735.08,90.83,1802,Prepaid,9,0,synthetic
503.09,53.07,1140,Wallet,14,0,synthetic
126.3,70.3,1007,Prepaid,2,0,synthetic
2388.87,76.25,3115,COD,13,0,real_openml_creditcard_42397
43.77,10.55,216,Wallet,9,0,real_openml_creditcard_42397
79.82,5.01,182,Prepaid,22,0,real_openml_creditcard_42397
112.88,31.47,529,Wallet,5,0,synthetic
2.73,11.05,185,Prepaid,13,0,real_openml_creditcard_42397
65.82,6.48,187,Wallet,22,0,real_openml_creditcard_42397
94.98,3.88,182,Prepaid,18,0,real_openml_creditcard_42397
227.8,2.16,281,COD,16,0,real_openml_creditcard_42397
12.4,14.15,231,Wallet,15,0,real_openml_creditcard_42397
750.47,19.12,955,Wallet,2,0,synthetic
769.28,21.82,1004,COD,16,0,synthetic
761.66,30.07,1096,COD,16,1,synthetic
327.07,63.07,1101,Prepaid,21,0,synthetic
738.11,68.18,1533,Prepaid,16,0,synthetic
71.26,28.61,457,COD,8,0,synthetic
58.27,6.63,182,Wallet,22,0,real_openml_creditcard_42397
783.33,25.86,1065,Wallet,4,0,synthetic
649.79,34.85,1053,Wallet,4,0,synthetic
722.18,63.18,1458,Prepaid,10,0,synthetic
39.4,8.05,182,Prepaid,22,0,real_openml_creditcard_42397
179.46,92.66,1323,COD,1,1,synthetic
554.5,92.67,1661,COD,13,0,synthetic
69.96,75.92,1024,Wallet,8,0,synthetic
578.03,117.69,1982,COD,16,0,synthetic
14.25,14.6,238,Wallet,16,0,real_openml_creditcard_42397
71.11,94.45,1247,Prepaid,0,0,synthetic
13.89,9.88,181,Prepaid,9,0,real_openml_creditcard_42397
463.83,108.34,1768,COD,16,0,synthetic
119.37,5.55,224,COD,10,0,real_openml_creditcard_42397
107.45,3.86,193,Prepaid,19,0,real_openml_creditcard_42397
131.66,1.29,184,Wallet,16,0,real_openml_creditcard_42397
175.28,27.96,543,Wallet,5,0,synthetic
37.22,8.21,182,Prepaid,11,0,real_openml_creditcard_42397
576.41,61.84,1311,Wallet,13,0,synthetic
601.82,65.13,1373,COD,23,0,synthetic
665.02,117.03,2053,Wallet,22,0,synthetic
437.23,42.76,957,COD,7,0,synthetic
254.9,21.76,541,COD,7,0,synthetic
607.37,42.74,1109,Wallet,22,0,synthetic
166.42,7.27,287,Prepaid,23,0,real_openml_creditcard_42397
362.43,80.92,1347,Prepaid,10,0,synthetic
173.58,13.17,364,Prepaid,19,0,synthetic
488.04,12.28,637,Wallet,21,0,synthetic
789.32,119.82,2198,Wallet,0,0,synthetic
143.21,26.14,493,Wallet,20,1,synthetic
446.41,7.84,546,COD,17,0,synthetic
823.42,56.49,1469,Prepaid,21,0,real_openml_creditcard_42397
77.44,118.93,1547,COD,6,0,synthetic
588.63,31.37,956,Prepaid,17,0,synthetic
462.92,52.79,1100,COD,13,0,synthetic
526.31,43.53,1046,COD,23,0,synthetic
473.0,115.11,1857,Prepaid,16,0,synthetic
151.03,118.86,1612,COD,3,0,synthetic
594.78,108.24,1884,Prepaid,12,0,synthetic
3160.85,64.02,3663,Prepaid,2,0,real_openml_creditcard_42397
415.92,4.72,481,Wallet,7,0,synthetic
57.65,36.93,545,Prepaid,21,0,real_openml_creditcard_42397
743.88,10.49,845,COD,9,0,synthetic
791.47,43.92,1289,Prepaid,1,0,synthetic
77.11,6.3,195,Wallet,8,0,real_openml_creditcard_42397
697.49,113.62,2041,Wallet,0,1,synthetic
498.99,18.98,727,Prepaid,16,0,synthetic
417.98,42.44,935,Wallet,2,0,synthetic
138.21,1.05,187,COD,23,0,real_openml_creditcard_42397
97.63,5.01,198,Wallet,22,0,real_openml_creditcard_42397
52.03,7.1,182,Wallet,6,0,real_openml_creditcard_42397
86.17,4.79,185,COD,19,0,real_openml_creditcard_42397
128.47,83.96,1173,Prepaid,12,0,synthetic
184.58,9.42,329,Wallet,10,0,synthetic
153.0,4.77,245,Wallet,9,0,real_openml_creditcard_42397
777.79,93.27,1869,COD,13,0,synthetic
331.11,105.18,1610,COD,11,0,synthetic
222.71,21.05,503,Wallet,9,0,real_openml_creditcard_42397
3.09,11.35,189,Prepaid,22,0,real_openml_creditcard_42397
379.61,94.48,1525,COD,12,0,synthetic
271.08,43.51,816,COD,5,0,synthetic
137.52,2.02,198,Wallet,20,0,real_openml_creditcard_42397
538.52,61.72,1275,COD,15,0,synthetic
116.37,12.88,309,COD,15,0,synthetic
414.77,50.69,1032,Prepaid,7,0,synthetic
677.75,102.52,1890,Wallet,16,0,synthetic
128.22,12.88,320,COD,11,0,real_openml_creditcard_42397
85.03,4.54,181,Prepaid,19,0,real_openml_creditcard_42397
154.69,115.48,1575,COD,14,0,synthetic
372.95,4.7,442,Prepaid,8,0,real_openml_creditcard_42397
545.35,66.74,1342,COD,15,0,synthetic
13.16,13.6,225,Prepaid,20,0,real_openml_creditcard_42397
321.96,86.84,1382,Wallet,9,0,synthetic
784.68,93.32,1876,Wallet,4,0,synthetic
403.96,16.54,612,Prepaid,7,0,real_openml_creditcard_42397
101.67,4.37,194,Wallet,16,0,real_openml_creditcard_42397
31.73,9.04,187,COD,12,0,real_openml_creditcard_42397
29.5,9.04,185,Wallet,16,0,real_openml_creditcard_42397
158.91,96.56,1352,COD,7,0,synthetic
158.92,38.0,649,Prepaid,17,0,real_openml_creditcard_42397
133.3,1.92,193,COD,9,0,real_openml_creditcard_42397
596.06,116.12,1980,COD,9,0,synthetic
377.18,78.97,1337,Wallet,11,0,synthetic
666.44,100.68,1858,COD,5,0,synthetic
562.44,59.36,1269,Prepaid,5,0,synthetic
640.84,39.66,1103,COD,7,0,synthetic
175.43,51.07,821,Wallet,11,0,synthetic
447.28,76.59,1372,Wallet,6,0,synthetic
87.38,56.64,808,COD,16,1,synthetic
540.09,23.49,818,COD,11,0,real_openml_creditcard_42397
123.59,1.73,182,Prepaid,10,0,real_openml_creditcard_42397
283.15,18.86,531,Wallet,9,0,synthetic
336.4,47.63,924,Wallet,19,0,synthetic
126.54,32.18,550,COD,20,0,real_openml_creditcard_42397
28.87,8.92,183,Wallet,17,0,real_openml_creditcard_42397
279.22,89.6,1377,Wallet,10,0,synthetic
68.24,6.8,193,Wallet,6,0,real_openml_creditcard_42397
781.29,36.31,1189,COD,22,0,synthetic
32.56,13.81,245,Prepaid,9,0,real_openml_creditcard_42397
10.23,11.9,202,Prepaid,14,0,real_openml_creditcard_42397
133.6,5.81,240,COD,10,0,real_openml_creditcard_42397
448.95,105.47,1720,Prepaid,11,0,synthetic
439.58,84.63,1461,COD,12,0,synthetic
82.95,9.61,240,COD,13,0,real_openml_creditcard_42397
379.28,1.27,407,Wallet,13,0,synthetic
688.72,1.18,684,Wallet,16,0,real_openml_creditcard_42397
633.02,33.36,1020,Wallet,15,0,synthetic
398.59,111.58,1748,Wallet,14,0,synthetic
551.94,84.37,1559,Prepaid,13,0,synthetic
663.54,75.95,1559,Wallet,20,0,synthetic
75.25,108.13,1415,COD,3,0,synthetic
370.0,115.22,1766,Prepaid,6,0,synthetic
13.54,14.32,234,COD,11,0,real_openml_creditcard_42397
134.56,17.91,386,Prepaid,7,0,real_openml_creditcard_42397
171.89,6.86,287,COD,13,0,real_openml_creditcard_42397
113.15,2.58,183,COD,16,0,synthetic
209.89,10.88,369,Wallet,5,0,synthetic
279.42,0.66,309,COD,0,0,synthetic
753.17,87.64,1780,Wallet,6,0,synthetic
628.41,7.26,703,Prepaid,8,0,synthetic
768.48,107.54,2032,Wallet,10,0,synthetic
115.71,7.04,239,COD,21,0,synthetic
675.87,51.75,1279,Prepaid,16,0,synthetic
565.1,88.66,1622,COD,4,0,synthetic
9.67,16.61,258,Wallet,0,0,real_openml_creditcard_42397
798.58,59.35,1481,COD,14,0,synthetic
29.49,9.7,193,COD,9,0,real_openml_creditcard_42397
7.23,22.23,323,Prepaid,1,0,synthetic
570.08,81.17,1537,Wallet,17,0,synthetic
512.91,2.2,538,Wallet,15,0,real_openml_creditcard_42397
31.13,26.86,400,COD,15,0,synthetic
530.33,39.13,997,Prepaid,20,0,synthetic
55.4,11.93,243,Wallet,22,0,real_openml_creditcard_42397
58.39,7.12,188,COD,16,0,real_openml_creditcard_42397
96.6,30.3,501,Prepaid,8,0,synthetic
570.38,119.94,2003,COD,0,1,synthetic
134.95,18.11,389,Prepaid,22,0,synthetic
715.52,54.04,1342,Wallet,14,0,synthetic
50.5,8.3,195,Wallet,23,0,real_openml_creditcard_42397
398.78,2.26,436,Wallet,9,0,real_openml_creditcard_42397
702.02,61.09,1415,COD,14,0,synthetic
514.8,95.63,1661,Wallet,15,0,synthetic
71.94,14.1,284,Wallet,17,0,real_openml_creditcard_42397
293.75,0.89,325,Wallet,17,0,real_openml_creditcard_42397
491.98,113.52,1855,COD,15,0,synthetic
81.72,4.87,182,COD,9,0,real_openml_creditcard_42397
178.68,34.58,626,COD,7,0,synthetic
64.64,6.9,191,Wallet,22,0,real_openml_creditcard_42397
1.05,11.59,190,Wallet,18,0,real_openml_creditcard_42397
787.56,44.62,1294,COD,18,0,synthetic
116.97,2.73,188,COD,13,0,real_openml_creditcard_42397
424.52,69.55,1267,Wallet,0,0,synthetic
46.32,7.53,182,COD,6,0,real_openml_creditcard_42397
649.34,29.39,987,Wallet,7,0,synthetic
709.89,102.34,1917,COD,14,0,synthetic
523.32,99.24,1712,Wallet,19,0,synthetic
367.03,95.75,1529,COD,11,0,synthetic
485.67,107.87,1781,COD,4,0,synthetic
269.22,61.23,1027,Wallet,1,0,synthetic
653.46,91.92,1741,Wallet,0,0,synthetic
24.0,13.45,233,COD,20,0,real_openml_creditcard_42397
741.35,47.39,1286,COD,1,0,synthetic
12.56,11.22,196,Wallet,13,0,real_openml_creditcard_42397
107.49,7.27,234,COD,7,0,real_openml_creditcard_42397
655.01,2.8,673,Prepaid,19,0,synthetic
106.35,48.6,729,Wallet,17,0,synthetic
685.94,91.33,1763,Wallet,23,1,synthetic
562.0,118.48,1978,Prepaid,0,0,synthetic
19.06,9.9,186,Prepaid,9,0,real_openml_creditcard_42397
42.7,7.71,181,Prepaid,7,0,real_openml_creditcard_42397
54.3,17.18,305,Prepaid,10,0,real_openml_creditcard_42397
297.19,17.21,524,COD,10,0,real_openml_creditcard_42397
387.89,93.63,1523,COD,9,0,synthetic
624.16,17.48,822,Wallet,14,0,synthetic
140.82,0.69,185,COD,1,0,real_openml_creditcard_42397
177.7,9.67,326,COD,0,0,real_openml_creditcard_42397
280.38,1.72,323,COD,17,0,real_openml_creditcard_42397
182.7,38.29,674,Wallet,6,0,synthetic
353.33,89.28,1439,COD,18,0,synthetic
174.52,67.94,1022,COD,13,0,synthetic
152.37,1.66,207,Prepaid,17,0,real_openml_creditcard_42397
714.96,84.64,1709,Wallet,23,0,synthetic
46.29,5.26,155,Wallet,4,0,synthetic
63.54,6.4,184,Wallet,23,0,real_openml_creditcard_42397
588.63,87.12,1625,Wallet,7,0,synthetic
121.77,2.7,192,Wallet,20,0,real_openml_creditcard_42397
769.73,14.41,916,Wallet,12,0,synthetic
167.17,80.93,1172,COD,1,0,synthetic
185.79,5.57,284,Prepaid,23,0,synthetic
664.42,85.24,1671,Wallet,10,0,synthetic
332.87,119.05,1778,Wallet,16,0,synthetic
222.52,37.68,702,Prepaid,4,0,synthetic
317.52,49.96,935,Prepaid,19,0,synthetic
758.15,78.2,1671,Wallet,21,0,synthetic
171.33,0.98,216,COD,15,0,real_openml_creditcard_42397
718.6,119.4,2130,COD,19,0,synthetic
152.39,0.57,194,Wallet,10,0,real_openml_creditcard_42397
450.33,31.23,830,Prepaid,10,0,real_openml_creditcard_42397
244.87,85.4,1295,Wallet,2,0,synthetic
432.84,22.35,708,COD,14,0,synthetic
732.47,31.9,1092,COD,9,0,synthetic
234.41,41.45,758,COD,18,0,synthetic
161.71,60.02,916,Prepaid,16,0,synthetic
64.07,9.78,225,Prepaid,10,0,real_openml_creditcard_42397
90.18,4.24,182,Wallet,21,0,real_openml_creditcard_42397
84.32,4.84,184,Wallet,21,0,real_openml_creditcard_42397
606.79,77.37,1525,Wallet,3,0,synthetic
178.84,1.92,234,COD,19,0,real_openml_creditcard_42397
682.31,13.43,825,Wallet,3,0,synthetic
338.8,110.21,1677,COD,18,0,synthetic
81.71,4.87,182,Wallet,10,0,real_openml_creditcard_42397
104.24,18.52,366,COD,18,0,real_openml_creditcard_42397
542.39,9.67,654,COD,20,0,synthetic
366.86,2.07,405,Prepaid,13,0,real_openml_creditcard_42397
34.83,9.05,190,COD,22,0,real_openml_creditcard_42397
286.61,69.48,1142,Prepaid,18,0,synthetic
246.25,99.56,1466,Prepaid,18,0,synthetic
153.57,2.07,213,COD,20,0,real_openml_creditcard_42397
234.16,15.85,451,COD,12,0,real_openml_creditcard_42397
577.67,13.12,727,Prepaid,12,0,synthetic
268.81,69.39,1125,Prepaid,14,0,synthetic
384.01,104.29,1647,Wallet,11,1,synthetic
759.31,72.91,1608,COD,12,0,synthetic
129.75,42.6,678,Prepaid,22,1,synthetic
360.98,29.75,732,COD,15,0,synthetic
102.68,4.47,196,COD,21,0,real_openml_creditcard_42397
5.91,12.31,203,Prepaid,11,0,real_openml_creditcard_42397
212.08,21.18,495,Wallet,10,0,real_openml_creditcard_42397
342.25,99.93,1557,Prepaid,20,0,synthetic
54.95,6.81,181,COD,5,0,synthetic
11.79,20.91,312,Prepaid,13,0,synthetic
82.36,9.16,234,COD,22,0,real_openml_creditcard_42397
474.6,49.87,1076,Prepaid,2,0,synthetic
658.2,23.75,927,Wallet,4,0,synthetic
135.21,0.86,182,Wallet,7,0,real_openml_creditcard_42397
43.4,8.0,185,COD,9,0,real_openml_creditcard_42397
69.93,5.76,182,Wallet,20,0,real_openml_creditcard_42397
551.99,77.94,1482,Wallet,7,0,synthetic
78.31,104.34,1373,Wallet,2,0,synthetic
496.2,3.87,543,Wallet,22,0,real_openml_creditcard_42397
102.38,50.13,744,COD,8,0,synthetic
349.05,21.14,618,Prepaid,3,0,synthetic
655.46,101.28,1855,Prepaid,6,0,synthetic
30.93,9.18,188,Prepaid,22,0,real_openml_creditcard_42397
263.93,70.2,1130,COD,13,0,synthetic
63.08,6.27,182,COD,20,0,real_openml_creditcard_42397
1.53,10.89,182,COD,20,0,real_openml_creditcard_42397
67.44,28.48,452,COD,4,0,synthetic
198.63,111.74,1570,COD,8,0,synthetic
217.82,5.16,308,Wallet,11,0,real_openml_creditcard_42397
648.99,117.98,2050,Wallet,6,0,synthetic
758.25,61.75,1473,Wallet,21,0,synthetic
104.15,4.27,195,COD,19,0,real_openml_creditcard_42397
175.72,30.82,578,Prepaid,21,0,real_openml_creditcard_42397
185.75,119.49,1651,Prepaid,5,0,synthetic
332.58,102.31,1577,COD,11,0,synthetic
8.05,69.0,885,COD,2,0,synthetic
520.47,61.8,1260,COD,19,0,synthetic
15.09,60.81,793,Wallet,17,0,synthetic
729.92,15.88,897,Prepaid,0,0,synthetic
380.18,34.11,801,COD,20,0,synthetic
54.52,81.6,1078,Prepaid,23,0,synthetic
344.76,71.64,1220,COD,14,0,synthetic
122.78,4.31,212,COD,19,0,synthetic
40.01,8.0,182,Wallet,17,0,real_openml_creditcard_42397
771.19,14.63,920,Prepaid,6,0,synthetic
167.89,10.99,333,COD,18,0,real_openml_creditcard_42397
283.26,0.57,312,Prepaid,4,0,synthetic
314.41,24.67,629,COD,16,0,real_openml_creditcard_42397
746.67,23.2,1000,Prepaid,2,0,synthetic
740.81,101.85,1939,COD,22,0,synthetic
587.75,114.8,1957,Prepaid,9,0,synthetic
637.94,12.13,770,COD,20,0,synthetic
318.79,11.09,470,Wallet,14,0,real_openml_creditcard_42397
207.92,87.34,1285,Prepaid,3,0,synthetic
4.53,10.66,182,COD,18,0,real_openml_creditcard_42397
74.54,55.15,779,Wallet,9,0,synthetic
53.02,7.27,185,COD,11,0,real_openml_creditcard_42397
87.21,98.86,1315,Prepaid,13,0,synthetic
559.08,84.27,1564,COD,16,0,synthetic
13.04,13.77,227,Wallet,10,0,real_openml_creditcard_42397
115.52,2.75,187,Wallet,20,0,real_openml_creditcard_42397
85.16,13.95,294,Prepaid,12,0,real_openml_creditcard_42397
46.26,53.17,730,Wallet,7,0,synthetic
457.68,6.36,538,Prepaid,11,0,synthetic
130.08,24.41,460,Wallet,22,0,real_openml_creditcard_42397
210.22,33.29,639,Wallet,3,0,synthetic
403.91,92.59,1525,Prepaid,0,0,synthetic
316.24,97.98,1510,Prepaid,11,0,synthetic
745.4,62.83,1475,Wallet,20,0,synthetic
672.35,80.8,1625,Prepaid,12,0,synthetic
122.3,3.16,198,Wallet,23,0,real_openml_creditcard_42397
13.03,10.69,190,Wallet,19,0,real_openml_creditcard_42397
5.34,11.6,194,Prepaid,11,0,real_openml_creditcard_42397
323.91,3.78,387,COD,18,0,synthetic
349.71,12.29,512,Wallet,2,0,synthetic
239.18,36.29,701,Wallet,22,0,synthetic
121.09,2.08,184,COD,3,0,real_openml_creditcard_42397
90.54,5.54,198,COD,3,0,real_openml_creditcard_42397
238.89,12.17,411,Wallet,19,0,real_openml_creditcard_42397
67.95,22.49,381,Wallet,11,0,real_openml_creditcard_42397
94.25,111.2,1469,Prepaid,4,0,synthetic
17.21,10.46,191,COD,23,0,real_openml_creditcard_42397
772.31,108.73,2050,Wallet,22,0,synthetic
195.25,108.07,1523,Wallet,2,0,synthetic
37.13,8.26,182,COD,20,0,synthetic
173.32,103.48,1448,Wallet,1,0,synthetic
444.07,14.86,628,Prepaid,23,0,synthetic
224.69,3.06,289,COD,16,0,real_openml_creditcard_42397
786.43,87.89,1812,COD,3,1,synthetic
99.7,13.94,307,Wallet,9,0,real_openml_creditcard_42397
112.93,2.53,182,Wallet,0,0,real_openml_creditcard_42397
29.18,8.98,184,Wallet,12,0,real_openml_creditcard_42397
561.0,71.63,1414,Prepaid,1,0,synthetic
92.43,85.46,1159,COD,2,0,synthetic
479.37,54.09,1131,Wallet,17,0,synthetic
281.93,14.09,473,Prepaid,0,1,synthetic
580.23,35.5,998,Wallet,8,0,synthetic
348.32,11.29,499,Wallet,20,0,real_openml_creditcard_42397
162.89,0.87,207,COD,10,0,real_openml_creditcard_42397
449.57,103.3,1694,Prepaid,7,0,synthetic
9.55,14.62,234,COD,21,0,real_openml_creditcard_42397
112.23,5.58,218,COD,4,0,real_openml_creditcard_42397
84.87,12.38,275,Prepaid,20,0,real_openml_creditcard_42397
301.96,100.47,1527,Prepaid,21,0,synthetic
176.12,81.67,1189,COD,21,0,synthetic
34.65,15.82,271,Wallet,13,0,real_openml_creditcard_42397
548.31,20.22,786,Prepaid,18,0,synthetic
558.12,114.86,1931,Prepaid,1,0,synthetic
605.78,49.37,1188,Prepaid,2,0,synthetic
110.15,93.16,1267,COD,0,0,synthetic
762.04,107.01,2020,Prepaid,8,0,synthetic
181.18,102.35,1441,Prepaid,4,0,synthetic
732.06,92.28,1816,Wallet,8,0,synthetic
214.75,50.88,854,Wallet,2,0,synthetic
124.93,2.63,194,COD,16,0,real_openml_creditcard_42397
61.04,6.51,183,Prepaid,17,0,real_openml_creditcard_42397
112.32,17.98,367,COD,8,0,synthetic
31.02,8.84,184,Prepaid,13,0,real_openml_creditcard_42397
714.01,74.27,1584,Wallet,2,0,synthetic
357.07,41.0,863,COD,23,0,synthetic
96.1,3.79,182,COD,0,0,real_openml_creditcard_42397
185.75,22.4,486,COD,15,0,real_openml_creditcard_42397
738.61,79.82,1673,Wallet,18,0,synthetic
642.72,33.73,1033,COD,1,0,synthetic
614.69,108.96,1911,COD,23,0,synthetic
565.64,39.65,1035,Prepaid,21,0,synthetic
781.32,89.62,1829,COD,3,0,synthetic
97.07,26.22,452,COD,22,0,real_openml_creditcard_42397
189.2,79.26,1171,Prepaid,16,0,synthetic
627.42,29.19,965,COD,0,0,synthetic
475.05,104.95,1737,COD,8,0,real_openml_creditcard_42397
161.51,4.8,253,Wallet,12,0,real_openml_creditcard_42397
203.4,54.62,889,COD,15,0,synthetic
112.76,5.38,216,Prepaid,19,0,real_openml_creditcard_42397
286.01,107.42,1597,COD,7,0,synthetic
770.32,35.81,1173,Prepaid,3,0,synthetic
400.41,59.89,1129,COD,14,0,synthetic
672.41,45.8,1205,Prepaid,7,0,synthetic
752.49,25.82,1037,Prepaid,18,1,synthetic
732.36,21.87,972,Prepaid,17,0,synthetic
509.1,51.02,1120,Prepaid,15,0,synthetic
1.89,10.86,182,COD,23,0,real_openml_creditcard_42397
758.57,11.44,870,COD,13,0,synthetic
798.21,102.8,2002,COD,19,0,synthetic
302.49,2.11,348,Prepaid,4,0,synthetic
45.13,106.61,1370,Wallet,18,0,synthetic
28.93,21.81,338,Wallet,5,0,synthetic
6.92,99.97,1256,Prepaid,20,0,synthetic
23.2,10.26,194,Prepaid,15,0,real_openml_creditcard_42397
313.43,91.6,1431,COD,20,0,synthetic
503.15,18.73,728,COD,2,0,synthetic
781.23,2.71,786,Wallet,4,0,synthetic
82.49,4.81,182,Prepaid,16,0,real_openml_creditcard_42397
239.1,32.09,650,COD,9,0,synthetic
57.56,7.85,196,COD,0,0,real_openml_creditcard_42397
383.79,3.8,441,Wallet,11,0,real_openml_creditcard_42397
254.61,68.73,1104,Prepaid,6,0,synthetic
648.81,108.64,1938,Prepaid,14,0,synthetic
641.64,112.19,1974,Prepaid,14,0,synthetic
403.75,11.34,549,Prepaid,13,0,synthetic
330.52,13.71,512,Prepaid,12,0,real_openml_creditcard_42397
113.84,2.71,185,Prepaid,19,0,real_openml_creditcard_42397
229.67,49.39,849,Prepaid,17,0,synthetic
73.5,5.49,182,COD,9,0,real_openml_creditcard_42397
241.87,81.33,1244,COD,0,0,synthetic
477.02,95.87,1630,Wallet,18,0,synthetic
45.59,115.52,1477,COD,14,0,synthetic
388.79,9.36,512,Prepaid,19,0,synthetic
720.3,96.69,1859,Wallet,13,0,synthetic
677.0,6.04,732,Wallet,0,0,synthetic
708.59,55.69,1356,COD,22,1,synthetic
159.28,4.22,244,Prepaid,18,0,real_openml_creditcard_42397
188.79,36.25,655,Wallet,2,0,synthetic
349.13,34.93,783,Prepaid,12,0,synthetic
33.72,8.47,182,Wallet,10,0,real_openml_creditcard_42397
648.02,88.88,1700,Wallet,19,0,synthetic
521.39,30.62,887,Wallet,18,0,synthetic
99.46,4.71,196,Wallet,23,0,real_openml_creditcard_42397
175.74,62.13,954,Wallet,15,0,synthetic
560.26,81.43,1531,COD,14,0,synthetic
199.4,88.63,1293,Wallet,8,0,synthetic
615.51,19.14,834,Wallet,14,0,synthetic
251.73,101.84,1499,Wallet,12,0,synthetic
96.67,14.49,311,COD,17,0,synthetic
111.79,2.62,182,COD,21,0,real_openml_creditcard_42397
380.43,16.15,586,COD,4,0,synthetic
776.24,48.94,1336,Wallet,8,0,synthetic
411.83,42.98,936,COD,9,0,synthetic
294.78,93.5,1437,Prepaid,6,0,synthetic
118.77,5.09,218,COD,11,0,real_openml_creditcard_42397
92.94,5.2,196,COD,16,0,real_openml_creditcard_42397
342.49,94.11,1488,Prepaid,7,0,synthetic
96.04,4.21,187,Prepaid,20,0,real_openml_creditcard_42397
141.31,74.43,1070,Prepaid,2,0,synthetic
79.96,5.25,185,Prepaid,20,0,real_openml_creditcard_42397
298.75,66.82,1121,Wallet,17,0,synthetic
151.01,81.41,1163,Wallet,20,0,synthetic
751.02,84.16,1736,COD,6,0,synthetic
76.63,62.89,874,COD,18,0,synthetic
117.02,2.31,183,COD,9,0,real_openml_creditcard_42397
546.31,12.56,692,Prepaid,14,0,synthetic
362.94,5.16,439,Wallet,12,0,synthetic
110.41,85.71,1178,COD,0,0,synthetic
110.99,2.59,181,Prepaid,17,0,real_openml_creditcard_42397
283.23,118.33,1725,Prepaid,14,0,synthetic
579.34,9.38,684,Prepaid,23,0,real_openml_creditcard_42397
250.88,5.6,343,COD,19,0,real_openml_creditcard_42397
288.47,71.91,1173,Prepaid,13,0,synthetic
201.3,1.49,249,Wallet,22,0,real_openml_creditcard_42397
669.84,5.27,716,COD,10,0,synthetic
733.11,36.42,1147,COD,2,0,synthetic
224.8,80.16,1214,Prepaid,5,0,synthetic
1.56,13.05,208,Wallet,9,0,real_openml_creditcard_42397
46.69,8.66,196,Prepaid,13,0,real_openml_creditcard_42397
253.24,17.87,492,Wallet,11,1,synthetic
672.49,63.1,1412,COD,22,0,synthetic
403.58,31.32,789,COD,16,0,synthetic
109.45,8.37,249,Prepaid,8,0,real_openml_creditcard_42397
697.78,10.92,809,Wallet,2,0,synthetic
647.44,60.86,1363,Prepaid,7,0,synthetic
51.83,7.78,190,Wallet,17,0,real_openml_creditcard_42397
135.35,1.52,190,Wallet,21,0,real_openml_creditcard_42397
7.97,10.4,182,Prepaid,12,0,real_openml_creditcard_42397
169.17,3.56,245,COD,14,0,synthetic
623.02,47.72,1183,COD,0,0,synthetic
613.27,24.98,902,COD,14,0,synthetic
608.38,14.48,771,Prepaid,22,0,synthetic
52.08,29.76,454,COD,9,0,real_openml_creditcard_42397
57.12,8.13,199,Prepaid,15,0,real_openml_creditcard_42397
191.52,9.3,334,Prepaid,11,0,real_openml_creditcard_42397
313.84,15.55,519,Wallet,15,0,real_openml_creditcard_42397
149.07,15.99,376,Wallet,22,0,real_openml_creditcard_42397
40.35,9.39,199,Wallet,23,0,real_openml_creditcard_42397
426.66,88.15,1492,Wallet,5,0,synthetic
102.74,87.61,1194,Wallet,0,0,synthetic
697.44,107.19,1964,Prepaid,17,0,synthetic
133.43,24.66,466,COD,12,0,real_openml_creditcard_42397
606.88,47.35,1164,Wallet,9,0,synthetic
610.63,29.27,951,COD,5,0,synthetic
298.37,118.38,1739,Prepaid,14,0,synthetic
382.02,3.08,431,Prepaid,15,0,synthetic
217.7,24.76,543,Prepaid,13,0,real_openml_creditcard_42397
34.15,8.69,185,Wallet,22,0,real_openml_creditcard_42397
89.0,94.07,1259,Wallet,0,0,synthetic
1415.4,12.26,1471,Prepaid,8,0,real_openml_creditcard_42397
797.69,86.05,1801,Prepaid,0,0,synthetic
242.11,118.95,1695,Wallet,11,0,synthetic
133.26,1.01,182,Prepaid,21,0,real_openml_creditcard_42397
54.91,4.27,151,Wallet,16,0,synthetic
276.26,63.87,1065,Wallet,15,0,synthetic
93.27,72.08,999,Wallet,0,0,synthetic
779.42,20.51,998,Wallet,8,0,synthetic
9.84,30.43,424,Wallet,14,0,real_openml_creditcard_42397
17.88,11.66,206,COD,13,0,real_openml_creditcard_42397
177.85,3.49,252,Prepaid,21,0,real_openml_creditcard_42397
26.62,10.17,196,Prepaid,16,0,real_openml_creditcard_42397
160.41,79.64,1150,Prepaid,3,0,synthetic
118.87,2.42,186,Wallet,20,0,real_openml_creditcard_42397
135.69,0.82,182,Wallet,18,0,real_openml_creditcard_42397
138.33,8.03,271,Prepaid,14,0,synthetic
88.46,61.36,866,Wallet,3,0,synthetic
19.94,9.42,181,Prepaid,14,0,real_openml_creditcard_42397
670.07,59.55,1368,COD,0,0,synthetic
209.35,5.9,309,Prepaid,1,0,synthetic
116.78,65.35,939,Wallet,22,0,synthetic
450.15,102.38,1684,Wallet,0,0,synthetic
423.91,59.81,1149,Prepaid,17,0,synthetic
55.41,8.34,200,Prepaid,10,0,real_openml_creditcard_42397
70.37,53.13,751,Wallet,7,0,synthetic
439.75,112.49,1796,Prepaid,14,0,synthetic
84.42,14.0,294,Prepaid,11,0,real_openml_creditcard_42397
433.8,69.7,1277,Prepaid,15,0,synthetic
587.08,20.06,819,Prepaid,5,0,synthetic
157.53,0.85,202,Prepaid,21,0,real_openml_creditcard_42397
55.66,6.99,184,COD,21,0,real_openml_creditcard_42397
256.21,119.98,1720,Wallet,4,0,synthetic
123.56,18.4,382,Prepaid,18,0,real_openml_creditcard_42397
203.88,76.02,1146,Wallet,16,0,synthetic
127.52,6.69,245,Prepaid,2,0,real_openml_creditcard_42397
581.88,103.76,1819,COD,3,0,synthetic
497.82,82.57,1489,Wallet,12,0,synthetic
72.38,11.74,256,Wallet,11,0,real_openml_creditcard_42397
146.23,85.2,1204,Wallet,21,0,synthetic
104.96,3.29,184,Prepaid,16,0,real_openml_creditcard_42397
135.54,0.83,182,Prepaid,11,0,real_openml_creditcard_42397
1126.6,12.34,1212,COD,14,0,real_openml_creditcard_42397
279.77,15.35,486,COD,12,0,real_openml_creditcard_42397
539.46,82.58,1527,Wallet,0,0,synthetic
798.12,14.18,938,Wallet,5,0,synthetic
318.22,9.86,455,COD,10,0,synthetic
102.44,38.75,607,COD,8,0,synthetic
116.73,7.08,240,COD,7,0,real_openml_creditcard_42397
110.71,13.11,307,Wallet,1,0,real_openml_creditcard_42397
479.49,50.17,1084,Prepaid,11,0,synthetic
92.57,77.81,1067,Prepaid,14,0,synthetic
386.39,108.37,1698,Prepaid,6,0,synthetic
442.33,100.39,1653,COD,21,0,synthetic
39.21,8.06,182,COD,18,0,real_openml_creditcard_42397
33.12,46.29,635,COD,6,0,synthetic
214.47,9.71,360,Wallet,2,0,synthetic
300.17,37.28,767,COD,11,0,synthetic
654.12,59.64,1354,Prepaid,10,0,synthetic
66.73,169.58,2145,Wallet,23,0,real_openml_creditcard_42397
149.76,1.1,198,COD,20,0,real_openml_creditcard_42397
566.42,16.19,754,Prepaid,16,0,synthetic
272.12,7.28,382,Wallet,9,0,synthetic
60.68,10.87,235,COD,22,0,real_openml_creditcard_42397
404.05,5.33,478,COD,8,0,synthetic
446.46,37.33,900,Wallet,13,0,synthetic
407.5,87.36,1465,Wallet,21,0,synthetic
674.38,19.58,892,Wallet,18,0,synthetic
33.42,14.83,258,Prepaid,11,0,real_openml_creditcard_42397
51.71,50.29,700,COD,8,0,synthetic
6.99,12.14,202,COD,22,0,real_openml_creditcard_42397
65.44,42.98,625,Wallet,17,0,synthetic
99.97,5.39,205,Wallet,12,0,synthetic
303.53,100.07,1524,COD,4,0,synthetic
616.88,60.29,1329,Wallet,8,0,synthetic
153.53,12.23,335,Prepaid,20,0,real_openml_creditcard_42397
5.75,10.57,182,Prepaid,21,0,real_openml_creditcard_42397
309.69,104.35,1581,Wallet,19,0,synthetic
137.01,50.5,779,Prepaid,10,0,synthetic
63.62,6.23,182,Prepaid,6,0,real_openml_creditcard_42397
538.9,28.06,872,Prepaid,10,0,synthetic
728.96,41.79,1208,Prepaid,15,1,synthetic
197.67,2.01,252,Wallet,9,0,real_openml_creditcard_42397
324.51,64.39,1115,Prepaid,7,0,synthetic
323.52,39.7,818,COD,9,0,synthetic
729.41,9.91,825,COD,8,0,synthetic
10.93,23.6,343,Wallet,0,0,real_openml_creditcard_42397
722.66,11.66,840,Prepaid,15,0,synthetic
60.78,12.89,259,COD,23,0,synthetic
106.75,6.14,220,Prepaid,20,1,synthetic
467.52,45.78,1020,Prepaid,20,1,synthetic
247.8,28.98,621,COD,14,0,synthetic
3.51,11.65,193,Prepaid,18,0,real_openml_creditcard_42397
201.85,117.98,1647,Wallet,11,0,synthetic
228.45,84.6,1271,Wallet,8,0,synthetic
167.5,3.1,238,COD,12,0,real_openml_creditcard_42397
629.67,109.12,1926,Prepaid,4,0,synthetic
653.62,54.12,1288,COD,19,0,synthetic
5.25,48.25,634,Wallet,2,0,synthetic
111.69,3.79,196,Prepaid,11,0,real_openml_creditcard_42397
89.13,4.31,182,Prepaid,11,0,real_openml_creditcard_42397
210.09,24.59,534,Wallet,11,0,synthetic
389.86,91.54,1499,COD,18,0,synthetic
75.83,6.9,201,Prepaid,19,0,real_openml_creditcard_42397
431.62,97.75,1611,Prepaid,17,0,synthetic
98.41,9.95,258,Wallet,17,0,real_openml_creditcard_42397
266.13,34.1,699,COD,20,0,synthetic
67.38,69.72,947,Prepaid,2,0,synthetic
668.1,116.07,2044,COD,4,0,synthetic
198.58,111.17,1563,Wallet,9,1,synthetic
603.58,23.73,878,Wallet,6,0,synthetic
132.9,3.12,207,COD,13,0,real_openml_creditcard_42397
5.86,10.56,182,COD,9,0,real_openml_creditcard_42397
695.32,88.66,1740,COD,1,1,synthetic
73.37,8.66,220,COD,8,0,real_openml_creditcard_42397
227.95,1.32,271,Wallet,0,0,real_openml_creditcard_42397
248.69,55.91,945,Wallet,4,0,synthetic
91.33,4.9,191,COD,9,0,real_openml_creditcard_42397
665.23,71.53,1507,COD,4,0,synthetic
71.55,30.22,477,COD,19,0,real_openml_creditcard_42397
265.01,118.68,1713,Wallet,4,0,synthetic
100.86,73.57,1024,Wallet,9,0,synthetic
525.27,112.35,1871,COD,23,0,synthetic
27.17,21.63,334,Prepaid,23,0,real_openml_creditcard_42397
165.27,40.27,682,Wallet,17,0,synthetic
775.33,93.66,1872,COD,5,0,synthetic
287.54,116.54,1707,Wallet,0,0,synthetic
583.59,13.56,738,Wallet,10,0,real_openml_creditcard_42397
179.4,0.8,221,Prepaid,20,0,real_openml_creditcard_42397
166.04,1.13,213,COD,9,0,real_openml_creditcard_42397
792.02,25.76,1072,Prepaid,13,0,synthetic
868.91,8.33,932,Wallet,20,0,real_openml_creditcard_42397
179.85,7.26,299,Wallet,14,0,real_openml_creditcard_42397
81.58,15.88,314,Wallet,23,0,real_openml_creditcard_42397
248.25,1.26,288,Prepaid,3,0,synthetic
577.16,108.84,1875,COD,7,0,synthetic
466.12,66.41,1266,COD,23,0,synthetic
108.02,2.9,182,Prepaid,22,0,real_openml_creditcard_42397
79.29,5.97,193,Wallet,19,0,real_openml_creditcard_42397
174.34,32.0,591,COD,2,0,synthetic
41.65,23.01,364,Wallet,9,0,synthetic
116.85,95.98,1307,Prepaid,13,0,synthetic
137.76,4.44,227,Prepaid,4,0,synthetic
106.07,5.13,207,COD,12,0,real_openml_creditcard_42397
708.65,31.61,1067,Prepaid,15,0,synthetic
86.28,23.28,407,COD,11,0,real_openml_creditcard_42397
46.7,40.39,577,Prepaid,2,0,synthetic
356.88,28.2,710,Wallet,11,0,synthetic
355.62,50.01,970,Prepaid,14,0,synthetic
25.67,15.82,263,Wallet,18,0,real_openml_creditcard_42397
193.46,4.91,283,Wallet,7,0,real_openml_creditcard_42397
584.11,80.95,1547,Prepaid,6,0,synthetic
3.41,26.16,367,COD,20,0,real_openml_creditcard_42397
514.79,62.43,1262,Prepaid,5,0,synthetic
103.28,6.67,223,Wallet,11,0,real_openml_creditcard_42397
497.74,26.47,816,COD,6,0,synthetic
34.57,42.2,588,Wallet,14,0,synthetic
66.91,5.98,182,Prepaid,8,0,real_openml_creditcard_42397
89.62,4.28,182,Prepaid,21,0,real_openml_creditcard_42397
236.09,15.63,450,Prepaid,22,0,real_openml_creditcard_42397
545.31,101.14,1754,Wallet,3,0,synthetic
74.68,17.32,325,Prepaid,20,0,real_openml_creditcard_42397
54.85,6.97,183,Wallet,23,0,real_openml_creditcard_42397
241.74,31.51,646,Wallet,19,0,synthetic
64.34,6.01,180,COD,2,0,real_openml_creditcard_42397
410.65,99.56,1614,Prepaid,8,0,synthetic
351.39,67.16,1172,Prepaid,7,0,synthetic
540.75,84.81,1554,COD,15,0,synthetic
618.59,9.27,718,Prepaid,21,0,real_openml_creditcard_42397
131.12,3.25,207,Prepaid,13,0,real_openml_creditcard_42397
295.67,85.38,1341,COD,18,0,synthetic
644.27,95.93,1781,COD,22,0,synthetic
96.55,3.68,181,Wallet,9,0,real_openml_creditcard_42397
429.77,46.58,996,Wallet,19,0,synthetic
283.98,58.27,1005,COD,2,0,synthetic
13.26,10.17,184,Prepaid,18,0,real_openml_creditcard_42397
415.7,32.03,808,Prepaid,16,0,synthetic
381.64,43.99,921,COD,19,0,synthetic
203.56,63.79,999,Wallet,16,0,synthetic
116.67,13.0,311,Prepaid,8,0,real_openml_creditcard_42397
210.92,97.22,1406,Prepaid,10,0,synthetic
467.55,70.42,1316,COD,21,1,synthetic
62.16,21.42,363,COD,14,0,real_openml_creditcard_42397
249.48,7.71,367,Prepaid,16,0,real_openml_creditcard_42397
288.93,105.39,1575,Wallet,17,0,synthetic
675.34,35.21,1080,Prepaid,12,0,synthetic
70.0,5.75,182,COD,0,0,real_openml_creditcard_42397
303.1,108.69,1627,Prepaid,8,0,synthetic
146.12,27.11,507,Wallet,5,0,synthetic
72.68,6.47,193,Wallet,2,0,real_openml_creditcard_42397
67.36,8.95,218,Prepaid,4,0,real_openml_creditcard_42397
578.12,12.81,724,Prepaid,19,0,real_openml_creditcard_42397
30.61,8.79,183,Wallet,23,0,real_openml_creditcard_42397
164.53,2.83,232,COD,15,0,real_openml_creditcard_42397
50.64,8.95,203,COD,2,0,real_openml_creditcard_42397
680.31,113.31,2022,Prepaid,16,0,real_openml_creditcard_42397
302.83,88.15,1380,COD,5,0,synthetic
740.88,50.9,1328,Prepaid,4,0,synthetic
545.18,33.88,947,Prepaid,6,0,synthetic
423.29,1.92,454,Wallet,12,0,real_openml_creditcard_42397
135.42,0.93,183,Wallet,23,0,real_openml_creditcard_42397
42.56,7.72,181,Wallet,11,0,real_openml_creditcard_42397
83.26,7.65,217,Prepaid,7,0,synthetic
85.15,4.61,182,COD,15,0,real_openml_creditcard_42397
130.92,3.26,207,Prepaid,18,0,real_openml_creditcard_42397
239.2,8.8,371,Wallet,16,0,synthetic
688.41,25.12,971,COD,6,0,synthetic
31.53,40.93,569,Wallet,19,0,synthetic
30.1,9.74,194,Prepaid,10,0,real_openml_creditcard_42397
153.55,25.32,492,Prepaid,10,0,real_openml_creditcard_42397
507.19,117.74,1919,Wallet,1,1,synthetic
761.88,74.01,1624,Prepaid,8,1,synthetic
567.82,86.85,1603,COD,14,0,synthetic
9.09,10.15,180,Wallet,11,0,real_openml_creditcard_42397
83.82,24.71,422,Prepaid,23,0,synthetic
353.55,41.4,865,Prepaid,11,0,real_openml_creditcard_42397
626.05,100.22,1816,COD,0,0,synthetic
145.85,67.58,992,Wallet,13,0,synthetic
688.28,34.92,1089,Prepaid,6,0,synthetic
62.05,40.73,595,Wallet,10,0,synthetic
540.96,65.05,1317,Wallet,13,0,synthetic
48.49,83.97,1101,Wallet,10,0,synthetic
216.29,109.92,1564,COD,0,0,synthetic
376.57,22.21,655,COD,22,0,synthetic
142.1,1.09,191,COD,16,0,real_openml_creditcard_42397
469.42,50.9,1083,COD,9,0,synthetic
134.51,68.57,994,Prepaid,10,0,synthetic
23.35,10.75,200,Prepaid,8,0,real_openml_creditcard_42397
365.04,40.67,867,COD,2,0,synthetic
152.06,4.26,238,COD,18,0,real_openml_creditcard_42397
366.78,75.06,1281,Wallet,0,0,synthetic
84.18,4.69,182,Wallet,3,0,real_openml_creditcard_42397
124.76,2.64,194,Prepaid,20,0,real_openml_creditcard_42397
76.99,81.29,1095,Wallet,16,0,synthetic
398.66,73.01,1285,Prepaid,21,0,synthetic
101.4,13.81,307,Prepaid,20,0,real_openml_creditcard_42397
90.05,100.48,1337,COD,0,0,synthetic
105.75,45.9,696,Wallet,6,0,synthetic
480.66,10.64,610,Prepaid,12,0,synthetic
22.41,112.24,1417,Prepaid,11,0,synthetic
32.3,10.66,207,Wallet,19,0,real_openml_creditcard_42397
94.13,3.94,182,COD,14,0,real_openml_creditcard_42397
560.98,97.33,1723,Prepaid,9,0,synthetic
10.15,10.07,180,Wallet,2,0,real_openml_creditcard_42397
64.94,7.3,196,Prepaid,12,0,real_openml_creditcard_42397
323.47,65.56,1128,COD,3,0,synthetic
63.27,7.59,198,Wallet,10,0,real_openml_creditcard_42397
592.46,25.54,890,COD,4,0,synthetic
584.28,19.43,809,COD,12,0,real_openml_creditcard_42397
398.61,59.49,1123,COD,12,0,synthetic
953.38,39.91,1387,Prepaid,14,0,real_openml_creditcard_42397
2.55,14.06,221,Wallet,13,0,real_openml_creditcard_42397
16.78,16.82,267,Prepaid,19,0,real_openml_creditcard_42397
68.97,9.24,223,Wallet,12,0,real_openml_creditcard_42397
133.37,2.41,199,COD,9,0,real_openml_creditcard_42397
544.23,92.9,1655,Wallet,5,0,synthetic
253.33,83.14,1276,COD,4,0,synthetic
689.98,37.89,1126,COD,3,0,synthetic
549.54,19.24,775,Prepaid,16,0,synthetic
218.76,39.09,716,Wallet,13,0,real_openml_creditcard_42397
46.95,7.56,183,Wallet,0,0,real_openml_creditcard_42397
120.02,5.92,229,Wallet,19,0,real_openml_creditcard_42397
50.35,61.87,838,Prepaid,7,0,synthetic
3.6,13.56,216,Wallet,22,0,real_openml_creditcard_42397
615.84,99.79,1802,Wallet,12,0,synthetic
75.52,10.75,247,Prepaid,8,0,real_openml_creditcard_42397
115.83,2.56,185,Wallet,16,0,real_openml_creditcard_42397
64.81,86.35,1145,Wallet,16,0,synthetic
701.13,16.07,874,Wallet,20,0,synthetic
189.45,7.02,305,Wallet,4,0,synthetic
8.92,16.91,261,Prepaid,13,0,real_openml_creditcard_42397
774.42,33.38,1148,Prepaid,17,0,synthetic
530.25,13.56,690,Prepaid,21,0,real_openml_creditcard_42397
695.37,69.38,1508,Prepaid,5,0,synthetic
162.17,35.94,627,Prepaid,7,0,synthetic
366.2,70.39,1224,COD,11,0,synthetic
32.32,9.91,198,COD,13,0,real_openml_creditcard_42397
199.0,24.16,519,COD,17,0,real_openml_creditcard_42397
256.41,56.78,962,COD,17,0,synthetic
419.94,19.92,667,COD,8,0,synthetic
700.9,116.42,2078,Wallet,18,0,synthetic
104.13,3.69,188,COD,10,0,real_openml_creditcard_42397
265.61,100.28,1492,Wallet,1,0,synthetic
743.74,88.61,1783,Wallet,17,0,synthetic
22.45,12.07,215,Wallet,13,0,real_openml_creditcard_42397
115.95,3.89,201,Wallet,19,0,real_openml_creditcard_42397
73.64,9.64,232,Prepaid,23,0,real_openml_creditcard_42397
12.89,11.37,198,COD,21,0,real_openml_creditcard_42397
78.36,5.04,181,COD,20,0,real_openml_creditcard_42397
799.95,17.67,982,Wallet,8,0,synthetic
53.18,7.01,182,COD,22,0,real_openml_creditcard_42397
100.01,90.08,1221,Prepaid,23,0,synthetic
157.24,3.79,237,Prepaid,13,0,real_openml_creditcard_42397
326.36,3.86,390,Wallet,11,0,real_openml_creditcard_42397
10.36,10.64,187,Wallet,11,0,real_openml_creditcard_42397
7.93,19.07,286,COD,18,0,real_openml_creditcard_42397
338.66,1.27,370,Wallet,13,0,real_openml_creditcard_42397
147.47,3.02,219,COD,9,0,real_openml_creditcard_42397
380.51,67.88,1207,Prepaid,3,0,synthetic
100.73,3.61,184,Prepaid,22,0,real_openml_creditcard_42397
67.03,26.47,428,Prepaid,13,0,real_openml_creditcard_42397
675.02,108.85,1964,COD,23,0,synthetic
644.83,63.99,1398,Prepaid,9,0,synthetic
90.09,12.91,286,Prepaid,1,0,real_openml_creditcard_42397
572.23,97.84,1739,COD,22,0,synthetic
77.86,23.03,396,COD,12,0,synthetic
162.11,24.18,486,Wallet,9,0,real_openml_creditcard_42397
204.82,59.3,946,COD,22,0,real_openml_creditcard_42397
567.53,6.13,634,Wallet,10,0,synthetic
20.51,18.77,294,Wallet,23,0,synthetic
34.65,8.65,185,COD,7,0,real_openml_creditcard_42397
266.49,0.68,298,Prepaid,10,0,real_openml_creditcard_42397
108.66,48.03,724,Prepaid,21,0,synthetic
674.23,90.32,1741,Wallet,4,0,synthetic
767.87,115.31,2125,Wallet,14,0,synthetic
684.41,44.43,1199,Prepaid,0,0,synthetic
79.03,4.91,180,COD,19,0,real_openml_creditcard_42397
183.56,17.48,425,Wallet,9,0,real_openml_creditcard_42397
815.55,54.83,1442,COD,22,0,real_openml_creditcard_42397
521.68,104.63,1775,Prepaid,21,0,synthetic
170.7,109.6,1519,Prepaid,7,0,synthetic
62.9,13.7,271,COD,23,0,real_openml_creditcard_42397
89.64,17.15,336,Prepaid,16,0,synthetic
403.9,26.25,729,COD,18,0,synthetic
132.86,2.2,196,Wallet,15,0,real_openml_creditcard_42397
687.98,50.58,1276,Wallet,18,0,synthetic
77.46,71.61,979,Wallet,18,0,synthetic
363.02,57.56,1067,COD,16,0,synthetic
11.12,85.73,1089,Prepaid,12,0,synthetic
147.13,2.63,214,COD,10,0,real_openml_creditcard_42397
708.59,90.92,1779,Wallet,16,0,synthetic
151.78,108.23,1485,Wallet,4,0,synthetic
50.2,7.23,182,COD,20,0,real_openml_creditcard_42397
96.75,5.08,198,Wallet,17,0,real_openml_creditcard_42397
458.22,55.19,1125,Wallet,3,0,synthetic
295.37,7.93,411,COD,8,0,synthetic
157.87,28.14,530,Prepaid,13,0,synthetic
84.01,5.2,188,Prepaid,2,0,real_openml_creditcard_42397
42.27,10.75,217,Wallet,11,0,real_openml_creditcard_42397
726.06,35.72,1132,Prepaid,7,0,synthetic
490.16,4.7,548,COD,7,0,synthetic
404.9,2.56,445,COD,9,0,synthetic
477.87,101.48,1698,Wallet,18,0,synthetic
246.46,48.03,848,Wallet,2,0,synthetic
527.32,112.79,1878,Wallet,21,1,synthetic
113.91,6.79,234,Wallet,9,0,real_openml_creditcard_42397
365.82,100.22,1582,Prepaid,6,0,synthetic
30.56,10.04,198,COD,21,0,real_openml_creditcard_42397
638.22,104.43,1878,Wallet,12,0,synthetic
128.18,5.72,234,Wallet,12,0,real_openml_creditcard_42397
263.5,35.99,719,Wallet,18,0,real_openml_creditcard_42397
92.35,7.57,224,Wallet,21,0,real_openml_creditcard_42397
583.75,84.64,1591,Prepaid,2,0,synthetic
124.66,3.73,207,Wallet,20,0,real_openml_creditcard_42397
42.27,8.58,191,Prepaid,14,0,real_openml_creditcard_42397
185.06,111.48,1554,Wallet,1,0,synthetic
769.21,37.72,1195,Wallet,11,1,synthetic
74.57,5.41,182,Prepaid,12,0,real_openml_creditcard_42397
740.2,56.46,1394,Prepaid,12,0,synthetic
120.59,4.62,214,Prepaid,22,0,real_openml_creditcard_42397
36.13,27.01,407,Prepaid,7,0,synthetic
110.91,5.6,217,Wallet,14,0,real_openml_creditcard_42397
798.85,69.35,1601,COD,1,0,synthetic
250.91,30.91,647,Prepaid,2,0,synthetic
539.64,85.28,1559,Wallet,10,0,synthetic
181.42,2.23,240,Wallet,23,0,real_openml_creditcard_42397
626.03,4.32,665,Prepaid,23,0,synthetic
80.11,7.66,214,Wallet,21,0,real_openml_creditcard_42397
649.58,67.78,1448,Prepaid,12,0,synthetic
148.48,4.03,232,Wallet,21,0,real_openml_creditcard_42397
55.75,8.99,208,Prepaid,10,0,real_openml_creditcard_42397
125.43,2.34,191,Wallet,14,0,real_openml_creditcard_42397
566.99,108.06,1857,Wallet,13,0,synthetic
95.18,4.69,192,COD,9,0,real_openml_creditcard_42397
274.49,114.82,1675,Prepaid,11,0,synthetic
108.79,8.67,252,Prepaid,8,0,real_openml_creditcard_42397
230.84,67.72,1070,COD,21,0,synthetic
708.09,92.85,1802,Prepaid,18,0,synthetic
687.88,11.87,812,Prepaid,22,0,synthetic
441.57,24.99,747,COD,3,0,synthetic
778.46,75.02,1651,Wallet,1,1,synthetic
226.04,4.3,305,Prepaid,14,0,real_openml_creditcard_42397
400.64,118.51,1833,Wallet,13,0,synthetic
48.81,105.85,1364,Wallet,8,1,synthetic
125.66,31.4,540,Wallet,4,0,synthetic
746.28,98.87,1908,Prepaid,5,0,synthetic
555.92,54.09,1199,COD,6,0,synthetic
337.67,85.65,1382,COD,3,0,synthetic
367.19,38.9,847,COD,17,0,synthetic
6000.0,19.27,5681,COD,9,0,real_openml_creditcard_42397
57.83,109.45,1415,Wallet,12,0,synthetic
758.79,13.5,895,COD,4,0,synthetic
410.83,76.35,1336,Prepaid,23,0,synthetic
308.99,92.53,1438,Prepaid,13,0,synthetic
102.3,5.41,207,Wallet,21,0,real_openml_creditcard_42397
605.91,9.68,712,Wallet,19,0,synthetic
80.64,12.03,267,COD,10,0,real_openml_creditcard_42397
40.61,8.12,184,COD,11,0,real_openml_creditcard_42397
8.61,63.15,816,Wallet,22,0,synthetic
33.5,8.4,181,COD,15,0,real_openml_creditcard_42397
107.07,23.52,429,Wallet,10,0,synthetic
105.48,6.42,222,Prepaid,12,0,real_openml_creditcard_42397
139.22,90.71,1264,COD,19,0,synthetic
382.21,104.85,1652,Wallet,14,0,synthetic
482.88,49.8,1082,Prepaid,2,0,synthetic
497.19,65.93,1289,Wallet,16,0,synthetic
663.24,74.87,1545,Wallet,22,0,synthetic
298.38,9.01,427,Wallet,20,0,synthetic
420.4,34.83,846,Prepaid,2,0,synthetic
538.04,60.63,1262,COD,19,0,synthetic
772.31,19.31,977,COD,12,0,synthetic
26.32,84.32,1086,COD,4,0,synthetic
67.8,33.25,510,Wallet,10,0,synthetic
985.36,12.51,1087,COD,19,0,real_openml_creditcard_42397
122.93,2.61,192,Prepaid,22,0,real_openml_creditcard_42397
1.86,11.03,184,Wallet,16,0,real_openml_creditcard_42397
145.16,10.11,302,COD,13,0,real_openml_creditcard_42397
679.6,11.65,801,COD,15,0,synthetic
191.14,7.83,316,Prepaid,2,0,real_openml_creditcard_42397
285.61,19.52,541,COD,4,0,synthetic
67.87,23.91,398,Prepaid,17,0,real_openml_creditcard_42397
165.25,66.69,999,Prepaid,20,0,real_openml_creditcard_42397
612.04,101.39,1818,Wallet,11,0,synthetic
124.08,4.19,212,Wallet,21,0,real_openml_creditcard_42397
201.57,74.97,1131,COD,13,0,synthetic
135.38,26.65,492,Prepaid,17,0,synthetic
118.66,3.68,201,COD,10,0,real_openml_creditcard_42397
10.96,15.18,242,COD,15,0,real_openml_creditcard_42397
738.34,64.57,1489,COD,19,0,synthetic
477.85,4.74,537,Wallet,17,0,real_openml_creditcard_42397
18.06,10.15,188,Wallet,16,0,real_openml_creditcard_42397
68.01,6.07,184,COD,6,0,real_openml_creditcard_42397
520.52,78.72,1463,Prepaid,11,0,synthetic
202.8,3.04,269,Wallet,9,0,real_openml_creditcard_42397
901.77,19.37,1094,COD,10,0,real_openml_creditcard_42397
323.56,97.49,1511,Wallet,4,0,synthetic
341.24,18.16,575,Wallet,11,0,real_openml_creditcard_42397
797.23,117.28,2175,Prepaid,0,0,synthetic
723.37,92.37,1809,Wallet,0,0,synthetic
405.14,46.4,971,Wallet,12,0,synthetic
26.56,10.34,198,COD,15,0,real_openml_creditcard_42397
754.75,28.28,1069,Wallet,13,1,synthetic
140.54,6.88,259,Prepaid,10,0,synthetic
505.14,41.32,1000,Prepaid,14,0,synthetic
143.17,1.6,198,COD,20,0,real_openml_creditcard_42397
25.93,13.14,231,Prepaid,18,0,real_openml_creditcard_42397
39.67,8.77,191,Wallet,12,0,real_openml_creditcard_42397
112.69,53.21,790,Prepaid,16,0,synthetic
123.37,104.83,1419,COD,18,0,synthetic
70.78,5.69,182,COD,15,0,real_openml_creditcard_42397
265.08,1.64,308,Prepaid,23,0,synthetic
409.98,7.48,509,Prepaid,10,1,synthetic
174.58,13.24,366,Wallet,21,0,real_openml_creditcard_42397
14.44,10.08,184,Prepaid,23,0,real_openml_creditcard_42397
86.43,16.8,329,Prepaid,8,0,synthetic
1.0,28.54,393,COD,16,0,real_openml_creditcard_42397
672.5,79.39,1608,Wallet,22,0,synthetic
172.24,14.58,380,COD,12,0,real_openml_creditcard_42397
26.12,90.94,1165,Wallet,19,0,synthetic
691.87,61.28,1408,Prepaid,7,1,synthetic
356.53,32.86,765,Wallet,12,0,synthetic
21.93,29.5,424,Prepaid,10,0,synthetic
477.58,5.26,543,Prepaid,14,0,real_openml_creditcard_42397
178.99,11.33,347,Wallet,9,0,real_openml_creditcard_42397
38.17,8.14,182,Prepaid,0,0,real_openml_creditcard_42397
485.74,38.7,952,Prepaid,12,0,synthetic
61.93,9.27,217,COD,11,0,real_openml_creditcard_42397
752.19,105.78,1996,COD,16,0,synthetic
120.04,2.08,183,COD,0,0,real_openml_creditcard_42397
64.66,7.48,198,Prepaid,11,0,real_openml_creditcard_42397
64.69,41.69,609,COD,13,0,synthetic
690.37,45.09,1212,COD,9,0,synthetic
48.39,9.45,207,COD,18,0,real_openml_creditcard_42397
277.46,22.11,565,Wallet,7,0,real_openml_creditcard_42397
113.15,6.76,233,COD,21,0,real_openml_creditcard_42397
534.47,110.77,1860,Wallet,12,0,synthetic
415.57,20.52,670,Wallet,18,0,synthetic
52.51,13.81,263,Prepaid,10,0,real_openml_creditcard_42397
596.9,10.84,717,COD,17,0,synthetic
669.92,12.88,807,COD,13,0,synthetic
738.5,89.07,1783,Wallet,14,1,synthetic
103.99,31.89,526,Prepaid,0,0,synthetic
333.9,2.37,379,Prepaid,19,0,real_openml_creditcard_42397
78.94,77.99,1057,Wallet,0,0,synthetic
377.48,12.25,537,COD,3,0,synthetic
132.06,2.43,198,COD,18,0,real_openml_creditcard_42397
504.6,43.74,1029,COD,23,0,synthetic
51.85,9.03,205,Wallet,7,0,real_openml_creditcard_42397
273.82,118.5,1718,Prepaid,7,0,synthetic
201.33,110.66,1559,Wallet,22,0,synthetic
65.09,9.62,224,Prepaid,3,0,real_openml_creditcard_42397
521.13,2.52,549,Prepaid,3,0,synthetic
70.75,8.28,213,Prepaid,20,0,real_openml_creditcard_42397
88.94,3.73,175,COD,3,0,synthetic
280.98,8.93,410,Prepaid,14,0,real_openml_creditcard_42397
64.24,101.24,1323,Wallet,14,0,synthetic
286.02,38.8,773,COD,21,0,synthetic
217.4,2.86,280,COD,9,0,real_openml_creditcard_42397
77.43,6.86,202,Wallet,22,0,real_openml_creditcard_42397
52.74,7.04,182,Prepaid,8,0,real_openml_creditcard_42397
396.99,108.47,1709,Wallet,9,0,synthetic
25.33,9.52,187,COD,21,0,real_openml_creditcard_42397
70.69,119.73,1550,Wallet,0,0,synthetic
74.31,5.93,188,Prepaid,11,0,real_openml_creditcard_42397
485.57,38.89,954,Wallet,16,0,synthetic
46.94,40.59,579,Wallet,13,0,synthetic
224.56,3.24,291,Prepaid,11,0,real_openml_creditcard_42397
672.1,36.78,1096,Wallet,19,0,synthetic
430.12,68.2,1255,COD,16,0,synthetic
115.44,5.01,214,Wallet,6,0,real_openml_creditcard_42397
31.45,9.97,198,Prepaid,14,0,real_openml_creditcard_42397
381.12,28.5,735,Wallet,10,0,real_openml_creditcard_42397
93.06,2.55,164,Prepaid,8,0,synthetic
304.65,109.14,1634,Prepaid,5,0,synthetic
82.17,6.25,199,Wallet,22,0,real_openml_creditcard_42397
598.33,16.23,783,Prepaid,23,0,synthetic
16.7,12.16,211,COD,19,0,real_openml_creditcard_42397
404.04,66.04,1206,COD,23,0,synthetic
136.83,2.82,207,Wallet,20,0,real_openml_creditcard_42397
60.68,7.45,194,Wallet,10,0,real_openml_creditcard_42397
136.79,1.07,186,Prepaid,1,0,real_openml_creditcard_42397
7.36,10.36,181,Wallet,12,0,real_openml_creditcard_42397
19.52,10.87,198,COD,12,0,real_openml_creditcard_42397
56.41,7.27,188,Prepaid,21,0,real_openml_creditcard_42397
170.43,7.22,290,Wallet,21,0,real_openml_creditcard_42397
158.56,4.25,244,COD,3,0,synthetic
90.86,4.6,187,Prepaid,11,0,real_openml_creditcard_42397
218.95,92.21,1354,Wallet,9,0,synthetic
770.13,78.22,1682,COD,5,0,synthetic
328.65,1.77,367,Wallet,8,0,real_openml_creditcard_42397
758.65,41.07,1226,Prepaid,16,0,synthetic
71.18,88.1,1171,Prepaid,6,0,synthetic
82.89,6.37,201,COD,8,0,real_openml_creditcard_42397
152.03,112.15,1533,Wallet,3,0,synthetic
554.37,11.57,688,COD,16,0,synthetic
398.09,57.77,1101,COD,3,0,synthetic
13.21,9.93,181,Wallet,17,0,real_openml_creditcard_42397
270.25,79.61,1249,Prepaid,7,0,synthetic
341.26,73.49,1239,COD,7,0,synthetic
164.39,1.17,212,Prepaid,19,0,real_openml_creditcard_42397
739.13,115.36,2100,Wallet,0,0,synthetic
83.17,113.94,1492,Prepaid,16,0,synthetic
59.99,15.42,289,Wallet,19,0,real_openml_creditcard_42397
141.99,67.02,982,COD,9,0,synthetic
55.28,7.19,186,Wallet,10,0,real_openml_creditcard_42397
74.4,6.42,194,Wallet,21,0,real_openml_creditcard_42397
64.9,9.05,217,COD,23,0,real_openml_creditcard_42397
382.98,84.73,1411,Prepaid,1,0,synthetic
78.1,15.14,302,Wallet,12,0,real_openml_creditcard_42397
160.7,80.75,1164,Prepaid,19,0,synthetic
186.55,35.34,642,Prepaid,17,0,real_openml_creditcard_42397
436.2,28.83,789,COD,7,0,synthetic
117.29,11.95,299,COD,5,0,real_openml_creditcard_42397
368.26,90.92,1473,COD,19,1,synthetic
284.43,78.01,1242,Prepaid,13,0,synthetic
3.08,26.1,366,Wallet,19,0,real_openml_creditcard_42397
798.02,81.19,1742,COD,13,0,synthetic
123.31,3.83,207,Wallet,12,0,real_openml_creditcard_42397
229.49,5.54,323,Wallet,12,0,real_openml_creditcard_42397
159.93,106.91,1477,COD,17,0,synthetic
118.09,117.76,1569,Prepaid,13,0,synthetic
535.3,78.34,1472,Wallet,21,0,synthetic
56.14,71.91,963,Wallet,9,0,synthetic
24.03,11.2,206,COD,7,0,real_openml_creditcard_42397
374.44,94.28,1518,COD,20,0,synthetic
333.61,75.72,1259,COD,13,0,synthetic
303.17,108.57,1626,Wallet,21,0,synthetic
629.71,6.59,696,Prepaid,16,0,synthetic
94.52,3.74,180,Wallet,15,0,real_openml_creditcard_42397
122.45,102.04,1385,Prepaid,12,0,synthetic
63.87,9.79,225,Prepaid,11,0,real_openml_creditcard_42397
583.66,8.43,676,COD,1,0,synthetic
467.18,10.63,598,COD,17,0,real_openml_creditcard_42397
461.38,77.38,1394,Wallet,17,0,synthetic
23.69,9.39,184,Prepaid,19,0,real_openml_creditcard_42397
256.98,75.65,1189,Wallet,8,0,synthetic
4.61,10.82,184,Wallet,6,0,real_openml_creditcard_42397
395.59,101.13,1620,COD,9,0,synthetic
428.73,32.93,831,COD,18,0,real_openml_creditcard_42397
40.79,13.81,252,Prepaid,19,0,synthetic
643.37,110.78,1958,COD,7,0,synthetic
247.93,7.97,369,Wallet,9,0,synthetic
298.16,16.55,517,COD,13,0,real_openml_creditcard_42397
26.81,107.17,1360,Prepaid,8,0,synthetic
130.71,1.2,182,Prepaid,11,0,real_openml_creditcard_42397
44.45,9.5,204,COD,1,0,real_openml_creditcard_42397
48.14,10.97,225,Wallet,9,0,real_openml_creditcard_42397
215.28,97.42,1413,Prepaid,15,0,synthetic
214.82,4.47,297,COD,2,0,synthetic
788.45,100.84,1970,COD,15,0,synthetic
207.21,36.0,668,Wallet,1,0,synthetic
24.03,11.28,207,Prepaid,18,0,real_openml_creditcard_42397
31.07,73.06,955,COD,8,0,synthetic
109.73,2.94,184,Prepaid,13,0,real_openml_creditcard_42397
466.12,118.98,1897,Prepaid,15,0,synthetic
627.15,63.71,1379,Prepaid,16,0,real_openml_creditcard_42397
531.66,2.71,561,COD,22,0,real_openml_creditcard_42397
1998.39,11.87,1991,COD,12,0,real_openml_creditcard_42397
685.07,23.43,948,COD,4,0,synthetic
81.31,5.07,184,Wallet,20,0,real_openml_creditcard_42397
98.36,77.53,1069,Wallet,4,0,synthetic
54.62,6.9,182,COD,7,0,real_openml_creditcard_42397
57.71,8.67,206,Wallet,21,0,real_openml_creditcard_42397
393.65,11.18,538,Wallet,2,0,synthetic
464.82,101.73,1689,Wallet,11,0,synthetic
36.57,9.59,198,Wallet,19,0,real_openml_creditcard_42397
33.33,51.79,701,Prepaid,5,0,synthetic
655.42,57.03,1324,Prepaid,21,0,synthetic
500.25,6.34,576,Prepaid,12,0,synthetic
459.25,69.71,1300,COD,21,0,synthetic
607.31,88.31,1656,Wallet,0,0,synthetic
466.22,70.55,1316,COD,19,0,synthetic
527.55,88.49,1587,Prepaid,5,0,synthetic
228.46,2.03,280,Wallet,9,0,real_openml_creditcard_42397
530.45,14.55,702,COD,10,0,real_openml_creditcard_42397
150.94,4.1,235,COD,11,0,real_openml_creditcard_42397
600.84,6.47,668,COD,3,0,synthetic
146.11,89.69,1258,Prepaid,2,0,synthetic
67.02,25.72,419,Prepaid,0,0,real_openml_creditcard_42397
593.22,118.66,2008,Wallet,15,0,synthetic
350.83,2.19,392,COD,9,0,real_openml_creditcard_42397
334.23,105.6,1618,COD,12,0,synthetic
587.49,26.33,895,Prepaid,16,0,synthetic
649.76,37.61,1086,Wallet,22,0,synthetic
43.24,8.01,185,COD,20,0,real_openml_creditcard_42397
181.8,20.7,462,COD,9,0,real_openml_creditcard_42397
123.46,11.32,297,COD,14,0,real_openml_creditcard_42397
410.32,96.99,1583,Prepaid,6,0,synthetic
66.94,8.81,216,Prepaid,14,0,real_openml_creditcard_42397
180.94,3.35,253,COD,2,0,real_openml_creditcard_42397
156.02,77.71,1123,Prepaid,10,0,synthetic
308.22,7.73,420,Wallet,21,0,synthetic
737.21,88.37,1774,Prepaid,12,0,synthetic
79.66,6.19,196,Prepaid,21,0,real_openml_creditcard_42397
606.57,99.28,1787,Prepaid,8,0,synthetic
90.83,27.5,462,COD,23,0,synthetic
642.63,67.31,1436,Prepaid,3,0,synthetic
149.65,5.36,249,COD,16,0,real_openml_creditcard_42397
407.97,66.12,1211,COD,22,0,synthetic
652.32,3.4,678,COD,18,0,synthetic
529.0,27.23,853,Prepaid,2,0,synthetic
644.61,28.66,974,Prepaid,4,0,synthetic
53.28,6.92,181,Prepaid,5,0,real_openml_creditcard_42397
757.77,80.1,1693,Wallet,11,0,synthetic
57.64,43.26,621,COD,17,0,real_openml_creditcard_42397
537.47,105.1,1795,COD,14,0,synthetic
417.25,5.41,490,Prepaid,20,0,synthetic
134.03,51.33,787,Wallet,16,0,synthetic
178.99,4.24,262,COD,16,0,real_openml_creditcard_42397
2.86,31.62,432,Wallet,12,0,real_openml_creditcard_42397
752.52,79.78,1685,Prepaid,12,0,synthetic
127.98,1.48,183,COD,0,0,real_openml_creditcard_42397
337.47,23.11,631,Prepaid,21,0,real_openml_creditcard_42397
415.08,37.51,874,Wallet,14,0,synthetic
124.71,2.06,187,COD,23,0,real_openml_creditcard_42397
316.76,30.6,702,Prepaid,14,0,synthetic
82.67,8.38,225,Prepaid,14,0,real_openml_creditcard_42397
269.6,28.22,631,Prepaid,14,0,synthetic
192.94,1.36,240,Wallet,16,0,real_openml_creditcard_42397
619.39,52.95,1243,Wallet,10,0,synthetic
367.33,19.01,609,COD,16,0,synthetic
486.54,3.1,525,Prepaid,2,0,synthetic
233.58,3.61,304,Wallet,13,0,synthetic
46.81,23.49,374,Prepaid,14,0,real_openml_creditcard_42397
413.68,59.87,1141,Wallet,7,0,synthetic
215.92,2.22,271,Prepaid,10,0,real_openml_creditcard_42397
273.34,18.16,514,COD,13,1,synthetic
39.99,12.33,234,COD,22,0,real_openml_creditcard_42397
125.52,1.59,182,COD,14,0,real_openml_creditcard_42397
594.27,56.86,1267,Wallet,13,0,synthetic
98.66,3.77,184,Prepaid,17,0,real_openml_creditcard_42397
280.91,95.62,1450,Wallet,21,0,synthetic
75.85,97.31,1286,Wallet,2,0,synthetic
519.36,23.5,799,Prepaid,11,0,synthetic
299.36,81.37,1296,Prepaid,18,0,synthetic
240.9,27.16,593,Wallet,8,0,synthetic
241.58,6.55,346,Prepaid,0,0,synthetic
104.62,4.4,197,Wallet,11,0,real_openml_creditcard_42397
172.49,110.4,1530,Wallet,17,0,synthetic
169.25,1.31,218,Prepaid,11,0,real_openml_creditcard_42397
416.5,21.04,677,Wallet,15,0,synthetic
42.29,13.66,252,Wallet,22,0,real_openml_creditcard_42397
6.72,15.5,242,Wallet,22,0,real_openml_creditcard_42397
36.65,18.08,300,COD,16,0,real_openml_creditcard_42397
150.15,3.07,222,Prepaid,15,0,synthetic
485.33,30.79,856,Wallet,12,0,synthetic
331.4,49.89,947,COD,15,0,synthetic
50.86,11.52,234,Prepaid,10,0,real_openml_creditcard_42397
140.01,78.8,1122,Wallet,8,0,synthetic
110.21,4.98,209,COD,3,0,real_openml_creditcard_42397
36.8,104.15,1333,Wallet,17,0,synthetic
190.29,14.96,401,Wallet,19,0,synthetic
403.5,106.64,1693,COD,10,0,synthetic
138.41,5.12,236,COD,19,0,real_openml_creditcard_42397
37.96,12.49,234,COD,12,0,real_openml_creditcard_42397
32.22,10.25,202,Wallet,22,0,real_openml_creditcard_42397
392.59,76.97,1327,Wallet,4,0,synthetic
119.98,20.5,404,COD,23,0,real_openml_creditcard_42397
10.88,12.68,212,Prepaid,17,0,real_openml_creditcard_42397
542.47,24.49,832,Wallet,17,0,synthetic
143.01,8.19,277,Wallet,2,0,real_openml_creditcard_42397
121.11,2.67,191,Prepaid,9,0,real_openml_creditcard_42397
59.18,8.98,211,Wallet,12,0,real_openml_creditcard_42397
319.78,85.9,1369,Prepaid,0,0,synthetic
333.62,30.11,712,COD,20,0,synthetic
110.2,5.32,213,Wallet,20,0,real_openml_creditcard_42397
92.42,110.65,1461,COD,2,0,synthetic
325.39,66.97,1146,COD,14,0,synthetic
567.08,44.72,1097,Prepaid,7,0,synthetic
375.97,3.22,427,Wallet,12,0,synthetic
378.56,101.72,1611,Wallet,9,0,synthetic
51.81,86.02,1129,COD,22,0,synthetic
61.17,9.58,220,Wallet,22,0,synthetic
529.04,84.65,1542,Prepaid,12,0,synthetic
68.8,115.99,1504,Prepaid,20,0,synthetic
475.85,27.49,808,COD,9,0,synthetic
134.84,1.39,188,Wallet,19,0,real_openml_creditcard_42397
128.64,1.35,182,Wallet,21,0,real_openml_creditcard_42397
172.45,3.15,243,Prepaid,18,0,real_openml_creditcard_42397
77.72,55.33,784,Prepaid,19,0,synthetic
757.45,47.7,1304,Wallet,11,0,synthetic
42.75,8.46,190,Prepaid,17,0,real_openml_creditcard_42397
245.98,3.47,313,Prepaid,20,0,real_openml_creditcard_42397
762.12,25.29,1039,COD,15,0,synthetic
744.83,58.17,1418,Wallet,21,0,synthetic
152.41,7.49,277,Prepaid,12,0,real_openml_creditcard_42397
168.52,3.44,243,Prepaid,9,0,real_openml_creditcard_42397
128.12,5.94,237,Prepaid,12,0,synthetic
263.09,79.52,1241,Wallet,15,0,real_openml_creditcard_42397
778.8,70.16,1593,Prepaid,5,0,synthetic
162.88,61.6,936,Wallet,11,0,synthetic
159.2,27.04,518,Wallet,2,0,synthetic
158.72,3.68,237,COD,22,0,real_openml_creditcard_42397
188.2,88.28,1279,Prepaid,14,0,synthetic
706.66,23.07,963,COD,14,0,synthetic
316.27,48.0,911,COD,9,1,synthetic
370.36,106.76,1664,Wallet,16,0,synthetic
670.75,109.87,1972,Wallet,11,0,synthetic
63.75,35.49,533,COD,8,0,synthetic
327.23,94.21,1475,COD,13,0,synthetic
318.4,7.99,432,COD,10,0,synthetic
524.61,14.88,701,COD,7,1,synthetic
577.05,39.69,1046,COD,20,0,synthetic
351.84,2.42,396,COD,3,0,synthetic
766.84,26.53,1059,COD,20,0,synthetic
647.43,100.75,1842,Wallet,9,0,synthetic
168.74,83.68,1206,COD,22,0,synthetic
385.66,85.52,1423,COD,12,0,synthetic
451.43,109.63,1772,Wallet,2,0,synthetic
237.94,5.24,327,Prepaid,22,0,real_openml_creditcard_42397
37.96,11.24,219,Wallet,18,0,real_openml_creditcard_42397
595.19,59.86,1304,COD,14,0,synthetic
400.68,20.62,658,Wallet,12,0,real_openml_creditcard_42397
426.33,115.29,1817,COD,15,0,synthetic
755.45,43.06,1247,Prepaid,9,0,synthetic
26.28,37.53,524,Wallet,18,0,synthetic
183.31,16.94,418,Prepaid,19,0,synthetic
604.13,79.37,1546,COD,2,0,synthetic
46.7,11.75,233,COD,20,0,real_openml_creditcard_42397
75.35,6.77,199,Wallet,14,0,real_openml_creditcard_42397
291.66,25.0,612,Wallet,21,0,synthetic
482.59,10.71,613,COD,6,0,synthetic
501.1,24.24,792,Prepaid,21,0,synthetic
86.14,4.71,184,COD,17,0,real_openml_creditcard_42397
771.17,68.14,1562,Wallet,0,0,synthetic
338.68,2.6,386,Prepaid,20,0,real_openml_creditcard_42397
105.64,2.99,181,Prepaid,20,0,real_openml_creditcard_42397
339.04,118.07,1772,Wallet,8,0,synthetic
17.49,62.29,813,Wallet,21,0,synthetic
332.58,1.39,366,Prepaid,17,0,real_openml_creditcard_42397
174.66,15.92,398,Wallet,11,0,synthetic
179.98,3.33,252,Prepaid,6,0,real_openml_creditcard_42397
353.98,91.25,1464,COD,10,1,synthetic
62.32,6.16,180,Prepaid,2,0,real_openml_creditcard_42397
615.39,31.36,980,Prepaid,16,0,synthetic
267.52,96.91,1454,COD,20,0,synthetic
281.22,21.54,562,Prepaid,2,1,synthetic
13.44,14.24,233,COD,23,0,real_openml_creditcard_42397
569.55,92.99,1679,Prepaid,15,0,synthetic
77.12,8.63,223,COD,7,0,real_openml_creditcard_42397
93.94,14.04,303,Wallet,15,0,real_openml_creditcard_42397
143.05,7.69,271,Wallet,17,0,real_openml_creditcard_42397
200.06,10.83,360,Wallet,3,0,real_openml_creditcard_42397
660.54,37.04,1089,COD,8,0,synthetic
17.35,40.02,546,Prepaid,15,0,synthetic
134.75,8.73,276,Prepaid,17,0,real_openml_creditcard_42397
22.0,41.59,569,Prepaid,8,0,synthetic
626.88,9.03,723,Prepaid,7,0,synthetic
27.54,9.35,187,COD,23,0,real_openml_creditcard_42397
642.57,58.38,1329,COD,16,0,synthetic
51.82,7.11,182,Wallet,21,0,real_openml_creditcard_42397
10.37,14.72,236,Prepaid,13,0,real_openml_creditcard_42397
225.19,113.61,1616,Prepaid,15,0,synthetic
586.59,58.62,1281,Prepaid,10,0,synthetic
444.33,77.1,1375,COD,20,0,synthetic
139.41,12.79,329,Prepaid,22,0,real_openml_creditcard_42397
59.11,6.4,180,COD,23,0,real_openml_creditcard_42397
84.0,6.2,200,Wallet,18,0,real_openml_creditcard_42397
98.5,7.95,234,Wallet,20,0,real_openml_creditcard_42397
654.71,111.44,1977,Prepaid,12,0,synthetic
125.41,98.24,1342,Wallet,16,0,synthetic
56.79,1.22,116,Wallet,18,0,synthetic
10.35,10.06,180,COD,18,0,real_openml_creditcard_42397
727.05,54.48,1358,Wallet,6,0,synthetic
720.32,87.22,1745,COD,2,0,synthetic
4.71,13.73,219,COD,18,0,real_openml_creditcard_42397
411.45,30.87,791,Wallet,17,0,synthetic
191.14,55.99,894,Wallet,22,0,synthetic
201.72,3.29,271,Wallet,15,0,real_openml_creditcard_42397
361.47,22.22,642,Wallet,12,0,real_openml_creditcard_42397
527.55,69.86,1363,Prepaid,18,0,synthetic
99.73,27.85,474,Prepaid,11,0,real_openml_creditcard_42397
626.96,78.75,1559,Prepaid,21,0,synthetic
682.72,55.98,1336,Wallet,13,0,synthetic
53.96,6.95,182,COD,17,0,real_openml_creditcard_42397
220.77,0.78,258,Wallet,21,0,real_openml_creditcard_42397
35.87,13.56,245,Wallet,18,0,real_openml_creditcard_42397
565.66,63.61,1322,Wallet,22,0,synthetic
84.45,10.25,249,Prepaid,17,0,real_openml_creditcard_42397
90.4,64.51,906,Wallet,22,0,synthetic
107.27,3.04,183,COD,21,0,real_openml_creditcard_42397
721.51,86.08,1732,Prepaid,10,0,synthetic
580.84,34.41,986,COD,5,0,synthetic
60.16,115.03,1485,COD,20,0,synthetic
74.78,5.31,181,Prepaid,18,0,real_openml_creditcard_42397
32.21,9.17,189,COD,11,0,real_openml_creditcard_42397
563.26,19.28,788,COD,2,0,synthetic
126.72,18.99,392,Wallet,14,0,synthetic
274.39,56.37,973,Wallet,7,0,synthetic
1346.42,5.93,1333,Wallet,20,0,real_openml_creditcard_42397
77.59,81.17,1094,Prepaid,20,0,synthetic
301.88,51.95,945,Prepaid,22,0,synthetic
51.07,8.5,198,Wallet,15,0,real_openml_creditcard_42397
145.1,11.5,319,Wallet,10,0,synthetic
109.77,20.33,393,Wallet,4,0,synthetic
496.68,21.97,761,Prepaid,4,0,synthetic
129.26,1.22,181,Prepaid,16,0,real_openml_creditcard_42397
59.15,55.21,766,Prepaid,6,0,synthetic
356.9,2.32,399,Wallet,15,0,real_openml_creditcard_42397
28.12,8.81,181,Wallet,7,0,real_openml_creditcard_42397
111.47,2.64,182,Prepaid,19,0,real_openml_creditcard_42397
222.18,34.46,664,Prepaid,12,1,synthetic
143.07,3.02,215,Wallet,23,0,real_openml_creditcard_42397
586.08,47.5,1147,COD,21,0,synthetic
269.09,5.49,358,COD,13,0,real_openml_creditcard_42397
92.17,88.02,1189,Prepaid,19,0,synthetic
14.14,104.1,1312,Prepaid,0,0,synthetic
192.96,2.19,250,COD,12,0,real_openml_creditcard_42397
100.01,5.5,206,Prepaid,14,0,real_openml_creditcard_42397
46.66,13.08,249,Wallet,9,0,real_openml_creditcard_42397
209.34,31.47,616,Wallet,21,0,synthetic
788.42,92.66,1871,Wallet,14,0,synthetic
244.73,35.23,693,Prepaid,1,0,real_openml_creditcard_42397
221.26,78.83,1195,COD,13,0,synthetic
41.97,7.85,182,Wallet,11,0,real_openml_creditcard_42397
101.02,4.92,200,Prepaid,20,0,real_openml_creditcard_42397
799.74,16.16,964,Wallet,7,0,synthetic
223.17,15.09,432,Prepaid,21,0,synthetic
55.17,29.53,454,Wallet,19,0,real_openml_creditcard_42397
542.55,23.98,826,Wallet,21,0,synthetic
306.5,67.42,1135,COD,9,0,synthetic
277.86,116.57,1699,COD,4,0,synthetic
206.31,109.34,1548,COD,2,0,synthetic
349.42,78.06,1301,Wallet,7,0,synthetic
513.13,82.65,1504,Wallet,4,1,synthetic
695.5,43.4,1197,Prepaid,15,0,synthetic
688.13,86.0,1701,Wallet,2,0,synthetic
20.26,9.31,180,Prepaid,11,0,real_openml_creditcard_42397
227.13,28.19,593,Wallet,12,0,synthetic
141.25,0.66,185,Prepaid,18,0,real_openml_creditcard_42397
17.14,12.3,213,Wallet,23,0,real_openml_creditcard_42397
128.36,1.54,184,COD,16,0,real_openml_creditcard_42397
625.87,36.85,1055,Prepaid,18,0,synthetic
798.16,21.27,1024,Wallet,20,0,synthetic
138.65,28.18,513,Prepaid,12,0,real_openml_creditcard_42397
47.0,12.39,241,COD,16,0,real_openml_creditcard_42397
75.49,28.26,457,Wallet,22,0,real_openml_creditcard_42397
174.73,0.73,216,COD,15,0,real_openml_creditcard_42397
73.47,45.13,658,Prepaid,21,0,synthetic
441.5,62.25,1194,Prepaid,1,0,synthetic
390.28,32.6,792,Wallet,13,0,synthetic
142.87,1.12,192,COD,20,0,real_openml_creditcard_42397
30.97,111.71,1418,Wallet,0,0,synthetic
664.23,48.52,1230,Wallet,17,0,synthetic
436.12,68.04,1259,Wallet,13,0,synthetic
127.23,15.21,347,Wallet,18,0,real_openml_creditcard_42397
138.61,0.6,182,Prepaid,12,0,real_openml_creditcard_42397
128.02,24.56,460,Prepaid,20,0,synthetic
106.23,3.03,182,COD,18,0,real_openml_creditcard_42397
23.1,5.07,132,COD,22,0,synthetic
119.89,84.76,1175,COD,12,0,real_openml_creditcard_42397
599.51,85.14,1611,Prepaid,18,0,synthetic
634.26,110.34,1945,Wallet,21,0,synthetic
26.34,12.86,228,Wallet,11,0,real_openml_creditcard_42397
202.58,113.37,1593,COD,12,0,synthetic
420.56,27.59,760,Wallet,8,0,synthetic
38.41,11.87,227,Wallet,10,0,real_openml_creditcard_42397
116.12,12.71,307,COD,8,0,real_openml_creditcard_42397
45.11,97.27,1258,Wallet,3,0,synthetic
705.5,90.67,1773,Wallet,17,0,synthetic
26.46,9.02,182,COD,13,0,real_openml_creditcard_42397
218.74,43.65,771,COD,4,0,synthetic
224.62,115.61,1639,Prepaid,14,0,synthetic
361.9,102.16,1602,COD,19,0,synthetic
556.52,37.62,1002,COD,10,0,synthetic
532.61,26.44,847,COD,14,0,synthetic
302.04,119.75,1759,Prepaid,19,0,synthetic
335.69,82.15,1338,COD,4,0,synthetic
684.35,28.37,1006,COD,7,0,synthetic
739.79,47.1,1281,COD,9,0,synthetic
305.87,4.7,382,COD,18,0,synthetic
63.73,7.55,198,COD,11,0,real_openml_creditcard_42397
146.27,2.2,208,COD,22,0,real_openml_creditcard_42397
305.83,48.95,913,Wallet,10,0,synthetic
14.71,39.81,541,COD,11,0,real_openml_creditcard_42397
440.62,94.14,1576,Prepaid,14,0,synthetic
101.84,4.11,191,COD,22,0,real_openml_creditcard_42397
378.57,30.0,751,Wallet,8,0,synthetic
579.07,88.75,1636,Wallet,21,0,synthetic
73.78,6.13,190,COD,8,0,real_openml_creditcard_42397
439.76,12.52,596,Prepaid,14,0,real_openml_creditcard_42397
150.83,3.54,228,Prepaid,5,1,synthetic
528.09,105.55,1792,Prepaid,22,0,synthetic
22.6,33.57,473,Wallet,16,0,synthetic
488.91,94.31,1622,Prepaid,4,0,synthetic
1268.71,13.93,1359,Prepaid,9,0,real_openml_creditcard_42397
211.22,65.23,1023,Prepaid,12,0,synthetic
19.66,21.53,326,Prepaid,23,0,real_openml_creditcard_42397
465.32,108.19,1767,Prepaid,5,0,synthetic
101.26,50.71,750,COD,14,0,synthetic
35.43,8.93,189,Prepaid,18,0,real_openml_creditcard_42397
101.61,3.38,182,Prepaid,22,0,real_openml_creditcard_42397
111.12,3.92,197,Prepaid,19,0,real_openml_creditcard_42397
709.34,24.26,980,Prepaid,7,0,synthetic
55.66,6.83,182,Wallet,12,0,real_openml_creditcard_42397
462.26,97.89,1641,COD,12,0,synthetic
704.01,115.04,2064,Prepaid,15,0,synthetic
564.42,116.27,1953,Wallet,1,1,synthetic
79.52,6.29,197,COD,15,0,real_openml_creditcard_42397
229.53,6.62,336,COD,10,0,real_openml_creditcard_42397
226.97,1.14,268,Prepaid,12,0,real_openml_creditcard_42397
434.86,103.75,1686,Wallet,8,0,synthetic
515.12,15.55,700,Wallet,15,0,synthetic
595.29,3.42,627,Prepaid,16,0,synthetic
93.95,4.95,194,Wallet,9,0,real_openml_creditcard_42397
152.95,17.53,398,Wallet,20,0,real_openml_creditcard_42397
145.19,1.44,198,Prepaid,18,0,real_openml_creditcard_42397
115.71,5.91,225,COD,11,0,real_openml_creditcard_42397
20.02,29.0,416,Wallet,21,0,real_openml_creditcard_42397
158.28,36.41,629,Prepaid,20,0,synthetic
546.71,8.91,649,Prepaid,8,0,real_openml_creditcard_42397
639.7,3.76,671,Prepaid,14,0,synthetic
117.09,5.05,216,COD,23,0,real_openml_creditcard_42397
148.2,105.91,1454,Wallet,0,0,synthetic
718.1,46.44,1254,Wallet,3,0,synthetic
428.51,2.36,464,COD,17,0,real_openml_creditcard_42397
160.25,1.06,207,Prepaid,7,0,real_openml_creditcard_42397
799.72,45.24,1313,Wallet,2,0,synthetic
159.96,101.32,1410,Prepaid,13,0,synthetic
27.09,13.3,234,COD,16,0,real_openml_creditcard_42397
21.92,22.02,334,Wallet,18,0,real_openml_creditcard_42397
413.73,65.42,1207,Wallet,23,0,synthetic
220.76,1.61,268,Prepaid,21,0,real_openml_creditcard_42397
173.19,13.43,367,Prepaid,10,0,real_openml_creditcard_42397
104.0,9.12,253,Prepaid,16,0,real_openml_creditcard_42397
651.12,89.29,1708,Prepaid,10,0,synthetic
385.09,8.52,499,Wallet,10,0,synthetic
172.98,0.86,216,Wallet,20,0,real_openml_creditcard_42397
7.05,10.39,181,Prepaid,13,0,real_openml_creditcard_42397
95.29,8.19,234,Prepaid,15,0,real_openml_creditcard_42397
124.07,22.53,432,COD,11,0,real_openml_creditcard_42397
62.54,7.23,193,Prepaid,9,0,real_openml_creditcard_42397
95.81,4.31,188,COD,22,0,real_openml_creditcard_42397
34.54,10.58,208,Prepaid,18,0,real_openml_creditcard_42397
756.03,93.09,1848,Wallet,5,0,synthetic
724.33,91.03,1794,COD,11,0,synthetic
32.6,14.39,252,Wallet,9,0,real_openml_creditcard_42397
508.37,73.3,1387,Prepaid,18,0,synthetic
263.19,10.83,417,Prepaid,19,0,synthetic
448.03,52.77,1087,COD,20,0,synthetic
73.82,6.21,191,COD,0,0,real_openml_creditcard_42397
72.07,77.09,1040,Prepaid,14,0,real_openml_creditcard_42397
132.47,10.07,290,Wallet,10,0,real_openml_creditcard_42397
525.07,78.58,1465,Prepaid,2,0,synthetic
211.17,104.88,1499,COD,23,0,synthetic
113.72,83.64,1156,Wallet,10,0,synthetic
354.44,5.5,435,Wallet,16,0,real_openml_creditcard_42397
369.48,40.16,865,Prepaid,20,0,synthetic
583.25,12.61,726,COD,14,0,synthetic
5.9,109.86,1374,Wallet,10,0,synthetic
789.94,94.3,1893,Prepaid,18,0,synthetic
173.34,57.13,892,COD,21,0,synthetic
173.22,6.01,278,COD,15,0,real_openml_creditcard_42397
709.5,77.84,1623,Wallet,20,0,synthetic
158.39,61.17,927,Wallet,3,0,synthetic
499.47,25.87,810,COD,5,0,synthetic
563.69,11.38,694,COD,23,0,synthetic
373.31,100.84,1596,Prepaid,17,0,synthetic
576.05,5.41,633,Wallet,2,0,synthetic
152.24,2.67,219,Prepaid,10,0,real_openml_creditcard_42397
34.01,14.34,253,COD,7,0,synthetic
321.35,13.9,506,COD,14,0,real_openml_creditcard_42397
204.0,3.03,270,Prepaid,21,0,real_openml_creditcard_42397
18.84,9.5,181,Prepaid,11,0,real_openml_creditcard_42397
2.07,10.84,182,COD,22,0,real_openml_creditcard_42397
287.88,19.55,544,Prepaid,12,0,synthetic
789.31,27.09,1085,Wallet,3,0,synthetic
334.54,82.72,1344,Prepaid,17,0,synthetic
87.27,5.2,191,Prepaid,23,0,real_openml_creditcard_42397
767.58,94.72,1877,COD,11,0,synthetic
7.83,10.41,182,COD,16,0,real_openml_creditcard_42397
95.25,98.69,1320,Prepaid,23,0,synthetic
126.85,62.49,914,Wallet,11,0,synthetic
594.96,65.26,1369,COD,12,0,synthetic
614.17,80.74,1572,Wallet,0,0,synthetic
562.59,59.32,1268,Prepaid,20,0,synthetic
632.92,6.14,693,Prepaid,4,0,synthetic
672.97,103.16,1894,Prepaid,3,0,synthetic
283.23,91.03,1397,Wallet,18,0,synthetic
734.02,61.39,1447,COD,15,0,synthetic
146.3,64.4,955,Prepaid,20,0,synthetic
25.39,9.1,182,COD,8,0,real_openml_creditcard_42397
47.01,76.19,1007,Prepaid,16,0,synthetic
172.25,4.91,264,Prepaid,15,0,real_openml_creditcard_42397
427.89,19.32,667,Prepaid,2,0,synthetic
405.21,68.7,1239,Prepaid,1,0,synthetic
54.23,11.52,237,COD,9,0,real_openml_creditcard_42397
679.65,83.9,1668,Wallet,17,0,synthetic
650.07,44.37,1168,COD,12,0,synthetic
406.57,43.67,940,Prepaid,5,0,synthetic
786.49,48.95,1345,COD,8,0,synthetic
11.59,19.46,294,Prepaid,20,0,real_openml_creditcard_42397
161.07,2.75,228,Prepaid,23,0,real_openml_creditcard_42397
413.92,66.76,1224,Wallet,21,0,synthetic
726.53,51.14,1318,Prepaid,12,0,synthetic
379.67,6.5,470,Prepaid,18,0,synthetic
101.98,3.35,182,Wallet,9,0,real_openml_creditcard_42397
557.33,174.12,2641,Prepaid,20,0,real_openml_creditcard_42397
160.82,22.09,460,Wallet,1,0,synthetic
311.18,90.23,1413,Prepaid,15,0,synthetic
3.27,11.17,187,COD,12,0,real_openml_creditcard_42397
206.09,82.47,1225,Wallet,1,0,synthetic
489.64,93.97,1618,COD,7,0,synthetic
120.49,16.88,361,Wallet,16,0,real_openml_creditcard_42397
1077.24,9.62,1135,COD,23,0,real_openml_creditcard_42397
251.62,52.61,908,Wallet,20,0,synthetic
197.54,116.39,1624,Wallet,2,0,synthetic
179.7,30.18,574,Prepaid,7,0,synthetic
477.02,4.72,536,Prepaid,9,0,real_openml_creditcard_42397
563.72,49.53,1152,COD,0,0,synthetic
1314.19,38.44,1694,Wallet,15,0,real_openml_creditcard_42397
148.23,70.86,1034,Wallet,16,1,synthetic
364.11,97.48,1547,COD,2,1,synthetic
106.64,4.69,202,Wallet,11,0,synthetic
67.25,80.64,1078,Prepaid,7,0,synthetic
3.66,0.99,65,COD,20,0,synthetic
138.99,4.99,235,Prepaid,15,0,real_openml_creditcard_42397
760.16,15.3,918,Prepaid,6,0,synthetic
120.41,2.14,184,Wallet,19,0,real_openml_creditcard_42397
46.98,19.98,332,COD,16,0,real_openml_creditcard_42397
156.94,115.9,1582,COD,8,0,synthetic
140.66,2.95,212,COD,11,0,real_openml_creditcard_42397
180.7,0.7,221,COD,15,0,real_openml_creditcard_42397
172.99,0.78,215,Wallet,0,0,real_openml_creditcard_42397
678.23,57.63,1352,Prepaid,12,0,synthetic
625.18,113.32,1973,COD,11,0,synthetic
581.07,13.71,737,Wallet,15,0,synthetic
187.4,11.44,356,COD,17,0,real_openml_creditcard_42397
758.98,35.51,1159,Wallet,13,0,synthetic
384.72,118.28,1816,COD,2,1,synthetic
107.77,103.28,1386,Prepaid,10,0,synthetic
668.68,58.52,1354,Prepaid,14,0,synthetic
37.16,12.13,229,Prepaid,13,0,real_openml_creditcard_42397
25.25,9.36,185,Wallet,8,0,real_openml_creditcard_42397
23.63,10.73,200,Wallet,20,0,real_openml_creditcard_42397
680.6,88.13,1720,Prepaid,0,0,synthetic
105.93,17.14,351,Wallet,0,0,real_openml_creditcard_42397
677.21,104.69,1916,Wallet,0,1,synthetic
236.52,91.89,1366,Wallet,7,0,synthetic
275.7,92.02,1402,Wallet,6,0,synthetic
49.3,100.05,1295,Wallet,23,0,synthetic
142.34,0.91,189,Wallet,3,0,real_openml_creditcard_42397
444.77,116.76,1851,COD,11,0,synthetic
624.13,108.36,1912,Wallet,16,0,synthetic
448.87,48.84,1040,COD,4,0,synthetic
19.11,12.15,213,COD,16,0,real_openml_creditcard_42397
246.02,42.16,777,Prepaid,6,0,synthetic
651.13,94.15,1766,Wallet,4,1,synthetic
244.78,4.22,321,COD,23,0,real_openml_creditcard_42397
327.57,60.05,1065,Prepaid,18,0,synthetic
434.86,119.99,1881,Prepaid,20,0,synthetic
38.83,14.84,263,COD,9,0,real_openml_creditcard_42397
35.77,116.71,1483,Wallet,17,0,synthetic
105.85,3.64,189,Wallet,19,0,real_openml_creditcard_42397
94.9,18.38,356,COD,14,0,real_openml_creditcard_42397
54.63,7.15,185,Wallet,13,0,real_openml_creditcard_42397
112.19,10.59,278,Wallet,18,0,real_openml_creditcard_42397
131.28,80.97,1140,Wallet,0,0,synthetic
598.13,7.24,675,Wallet,21,0,synthetic
1.71,15.29,235,Wallet,11,0,real_openml_creditcard_42397
101.69,9.87,260,Wallet,19,0,real_openml_creditcard_42397
549.52,14.89,723,Prepaid,20,0,synthetic
193.0,58.62,927,COD,4,0,synthetic
694.13,54.74,1332,COD,12,0,synthetic
220.26,15.9,439,Wallet,9,0,real_openml_creditcard_42397
63.15,6.18,181,Wallet,19,0,real_openml_creditcard_42397
562.08,61.36,1292,Wallet,11,0,synthetic
102.79,15.62,330,Prepaid,14,0,real_openml_creditcard_42397
122.01,6.18,234,COD,20,0,real_openml_creditcard_42397
122.41,37.33,608,Wallet,15,0,synthetic
713.99,81.59,1672,Prepaid,7,0,synthetic
614.43,110.98,1935,COD,6,0,synthetic
426.98,56.4,1111,Wallet,14,0,synthetic
199.61,6.86,312,COD,15,0,real_openml_creditcard_42397
165.13,7.53,289,Wallet,21,0,real_openml_creditcard_42397
326.75,29.6,699,COD,16,0,synthetic
792.77,32.68,1156,Prepaid,16,0,synthetic
752.79,32.68,1120,Wallet,2,1,synthetic
65.82,10.4,234,COD,14,0,real_openml_creditcard_42397
277.45,90.25,1383,Prepaid,8,1,synthetic
350.49,53.72,1010,COD,12,0,synthetic
571.07,98.02,1740,COD,20,0,synthetic
14.2,10.94,194,Wallet,9,0,real_openml_creditcard_42397
503.58,79.16,1453,Wallet,0,0,synthetic
19.88,9.51,182,Prepaid,20,0,real_openml_creditcard_42397
296.56,28.56,660,Wallet,9,0,synthetic
208.6,36.12,671,Wallet,0,0,synthetic
398.42,119.18,1839,Wallet,9,0,synthetic
64.9,7.72,201,Prepaid,6,0,real_openml_creditcard_42397
204.67,20.96,486,Prepaid,15,0,synthetic
137.76,114.31,1546,Wallet,2,0,synthetic
303.66,87.2,1370,Wallet,9,0,synthetic
787.0,111.06,2091,Prepaid,8,0,synthetic
642.22,38.49,1090,Prepaid,11,0,synthetic
498.36,113.14,1856,Wallet,14,1,synthetic
578.87,50.55,1178,Prepaid,7,0,synthetic
743.69,105.51,1985,COD,9,0,synthetic
449.89,86.51,1493,Prepaid,14,0,synthetic
674.31,81.03,1629,Wallet,21,0,synthetic
246.4,65.61,1059,Wallet,20,0,synthetic
364.58,78.95,1326,Prepaid,13,0,synthetic
158.91,44.96,733,Wallet,13,0,synthetic
760.93,37.23,1182,Wallet,12,0,synthetic
112.3,6.83,233,COD,11,0,real_openml_creditcard_42397
791.82,97.4,1931,COD,23,0,synthetic
66.36,6.02,182,COD,1,0,real_openml_creditcard_42397
2426.81,17.16,2440,COD,17,0,real_openml_creditcard_42397
234.13,28.45,602,Wallet,2,0,synthetic
248.62,0.69,282,Wallet,16,0,real_openml_creditcard_42397
460.76,53.53,1107,Wallet,11,0,real_openml_creditcard_42397
36.68,8.25,182,Prepaid,9,0,real_openml_creditcard_42397
703.3,96.02,1835,COD,6,0,synthetic
229.83,100.71,1465,COD,0,0,synthetic
782.33,11.88,897,Prepaid,10,0,synthetic
340.66,105.59,1624,COD,4,0,synthetic
233.79,61.74,1001,Wallet,1,0,synthetic
728.93,62.46,1456,Prepaid,10,0,synthetic
622.0,116.48,2008,Wallet,12,0,synthetic
661.62,66.06,1438,COD,6,0,synthetic
411.25,49.49,1014,Wallet,8,0,synthetic
137.08,1.55,192,Prepaid,12,0,real_openml_creditcard_42397
550.97,37.67,998,COD,7,0,synthetic
651.13,19.75,873,COD,7,1,synthetic
354.0,75.07,1269,COD,8,0,synthetic
64.77,11.23,243,Prepaid,7,0,real_openml_creditcard_42397
474.19,31.5,855,Wallet,19,0,synthetic
136.99,8.56,276,COD,1,0,real_openml_creditcard_42397
14.07,10.69,191,COD,12,0,real_openml_creditcard_42397
75.24,51.91,741,Prepaid,18,0,synthetic
67.78,8.75,216,Prepaid,16,0,real_openml_creditcard_42397
45.17,7.61,182,Prepaid,6,0,real_openml_creditcard_42397
140.34,22.06,441,Wallet,9,0,real_openml_creditcard_42397
37.18,12.54,234,Wallet,10,0,real_openml_creditcard_42397
133.05,9.35,282,Wallet,17,0,real_openml_creditcard_42397
440.83,38.62,910,Wallet,3,0,synthetic
137.53,107.75,1467,COD,19,0,synthetic
116.61,3.42,196,COD,17,0,real_openml_creditcard_42397
181.92,60.26,937,COD,22,0,synthetic
298.23,69.31,1150,Prepaid,0,0,synthetic
228.55,117.3,1663,COD,16,0,synthetic
59.47,54.42,757,COD,20,0,synthetic
107.25,5.79,216,COD,18,0,real_openml_creditcard_42397
627.04,109.7,1931,Wallet,21,0,synthetic
758.11,98.39,1913,COD,18,0,synthetic
151.13,13.32,346,Prepaid,14,0,synthetic
608.46,3.45,639,COD,5,0,synthetic
111.39,2.65,182,COD,0,0,real_openml_creditcard_42397
106.2,3.87,192,Prepaid,10,0,real_openml_creditcard_42397
170.06,10.33,327,Wallet,20,0,real_openml_creditcard_42397
767.26,4.09,790,Wallet,9,0,synthetic
395.33,90.35,1490,Prepaid,19,0,synthetic
98.51,10.94,270,Wallet,10,0,real_openml_creditcard_42397
80.87,5.1,184,Prepaid,17,0,real_openml_creditcard_42397
45.39,47.76,664,Wallet,12,0,real_openml_creditcard_42397
528.74,92.66,1638,Prepaid,4,0,synthetic
2.58,10.97,184,COD,8,0,real_openml_creditcard_42397
453.53,105.17,1720,Wallet,1,0,synthetic
795.95,34.99,1186,COD,15,0,synthetic
146.81,20.69,430,COD,20,0,synthetic
164.05,51.11,811,COD,22,0,synthetic
534.01,44.26,1062,COD,13,0,synthetic
723.09,87.35,1749,Prepaid,19,0,synthetic
737.62,61.8,1455,Prepaid,23,0,synthetic
39.89,29.69,442,Wallet,22,0,synthetic
487.53,33.02,885,Prepaid,23,0,synthetic
11.3,17.57,271,Wallet,15,0,real_openml_creditcard_42397
2807.65,28.18,2915,Wallet,13,0,real_openml_creditcard_42397
699.26,87.55,1730,Wallet,9,0,synthetic
243.44,109.67,1585,Wallet,14,0,synthetic
527.46,76.76,1446,COD,19,0,synthetic
777.94,4.88,809,Prepaid,22,0,synthetic
197.19,16.63,427,COD,19,0,synthetic
70.19,32.49,503,Prepaid,15,0,real_openml_creditcard_42397
721.9,79.06,1648,Wallet,16,0,synthetic
623.11,85.69,1639,Prepaid,5,0,synthetic
73.29,105.15,1378,Wallet,9,0,synthetic
98.49,14.15,308,COD,5,0,synthetic
432.81,1.29,455,COD,19,0,real_openml_creditcard_42397
589.98,119.63,2017,Prepaid,7,0,synthetic
549.17,102.74,1777,COD,13,0,synthetic
50.14,10.24,218,Prepaid,19,0,real_openml_creditcard_42397
132.96,17.78,383,Prepaid,15,0,real_openml_creditcard_42397
321.0,13.22,498,COD,12,0,synthetic
506.56,83.87,1512,Prepaid,8,0,synthetic
595.0,34.42,999,Wallet,7,0,synthetic
16.61,14.09,234,COD,10,0,real_openml_creditcard_42397
383.11,27.92,730,Prepaid,7,0,synthetic
462.78,96.84,1629,Prepaid,13,0,synthetic
81.56,9.8,241,COD,12,0,real_openml_creditcard_42397
499.21,16.64,699,Wallet,7,0,synthetic
14.78,62.64,815,Wallet,10,0,synthetic
417.77,3.91,473,Wallet,3,0,synthetic
705.8,2.9,720,Prepaid,21,0,real_openml_creditcard_42397
78.01,13.82,286,Prepaid,10,0,real_openml_creditcard_42397
349.56,69.69,1201,Prepaid,4,0,synthetic
168.25,32.0,585,COD,21,0,synthetic
69.64,73.33,993,COD,5,0,synthetic
227.2,8.78,360,Prepaid,16,0,synthetic
385.4,23.45,678,COD,5,0,synthetic
38.01,118.07,1501,Wallet,15,0,synthetic
292.05,3.68,357,COD,20,0,real_openml_creditcard_42397
278.78,7.82,395,Prepaid,10,0,synthetic
715.85,16.55,893,Wallet,6,0,synthetic
377.57,37.41,839,Wallet,12,0,synthetic
280.48,1.3,318,Prepaid,12,0,real_openml_creditcard_42397
260.71,25.9,595,COD,16,0,synthetic
701.63,88.75,1746,Wallet,3,0,synthetic
85.57,14.25,298,COD,19,0,real_openml_creditcard_42397
511.94,65.96,1302,Wallet,13,0,synthetic
582.55,9.64,690,Prepaid,2,0,synthetic
56.64,16.99,305,Wallet,14,0,synthetic
578.52,24.53,865,Prepaid,20,0,real_openml_creditcard_42397
99.44,4.21,190,COD,7,0,real_openml_creditcard_42397
442.91,78.05,1385,COD,7,0,synthetic
503.94,62.7,1256,Wallet,19,0,synthetic
642.05,37.92,1083,Prepaid,4,0,synthetic
778.43,11.63,890,Wallet,10,0,synthetic
31.94,39.81,556,Prepaid,4,0,synthetic
18.54,14.44,240,COD,11,0,real_openml_creditcard_42397
563.75,63.73,1322,COD,5,0,synthetic
27.41,19.11,304,Prepaid,14,0,real_openml_creditcard_42397
395.03,111.45,1743,Prepaid,4,0,synthetic
121.33,2.32,187,Prepaid,21,0,real_openml_creditcard_42397
18.38,24.46,360,COD,5,0,real_openml_creditcard_42397
81.16,7.0,207,Wallet,20,0,real_openml_creditcard_42397
125.64,2.08,188,Prepaid,21,0,real_openml_creditcard_42397
165.42,1.09,212,Wallet,9,0,real_openml_creditcard_42397
181.14,106.28,1488,Prepaid,11,0,synthetic
372.56,1.06,398,Prepaid,17,0,real_openml_creditcard_42397
507.47,95.11,1648,Wallet,9,0,synthetic
121.63,4.04,208,COD,18,0,real_openml_creditcard_42397
90.53,9.63,247,COD,18,0,real_openml_creditcard_42397
415.7,22.08,689,Wallet,12,0,synthetic
263.52,12.39,436,Wallet,13,0,synthetic
415.27,17.85,638,Wallet,20,0,real_openml_creditcard_42397
676.68,7.16,745,Wallet,14,0,synthetic
478.44,71.71,1341,Prepaid,5,0,synthetic
440.39,59.85,1165,Wallet,20,0,synthetic
81.89,17.36,332,COD,1,0,real_openml_creditcard_42397
124.1,1.69,182,COD,0,0,real_openml_creditcard_42397
149.75,6.27,260,COD,19,0,real_openml_creditcard_42397
739.59,27.19,1042,COD,23,0,synthetic
63.09,6.27,182,Wallet,17,0,real_openml_creditcard_42397
307.06,76.29,1242,Prepaid,17,1,synthetic
550.78,48.58,1129,Wallet,14,0,synthetic
23.36,9.66,187,COD,22,0,real_openml_creditcard_42397
74.71,5.31,181,Wallet,22,0,real_openml_creditcard_42397
610.16,70.23,1442,Wallet,6,0,synthetic
276.49,99.79,1496,COD,0,0,synthetic
108.91,6.16,222,Prepaid,22,0,real_openml_creditcard_42397
491.74,26.66,813,Wallet,2,0,synthetic
48.66,48.88,680,Wallet,9,0,synthetic
349.47,39.29,836,Prepaid,18,0,synthetic
111.48,2.64,182,Wallet,18,0,real_openml_creditcard_42397
226.36,16.9,457,Prepaid,21,0,synthetic
44.79,8.56,193,COD,0,0,real_openml_creditcard_42397
541.64,26.58,856,Wallet,9,0,synthetic
25.63,9.08,182,Wallet,18,0,real_openml_creditcard_42397
89.94,4.42,184,Wallet,13,0,real_openml_creditcard_42397
325.79,5.98,415,Prepaid,16,0,real_openml_creditcard_42397
23.02,9.61,186,COD,22,0,real_openml_creditcard_42397
711.23,49.79,1288,Prepaid,13,0,synthetic
409.03,22.76,691,COD,3,0,synthetic
152.17,76.05,1100,Wallet,17,0,synthetic
311.71,70.44,1176,COD,17,0,synthetic
349.92,0.76,374,Prepaid,22,0,real_openml_creditcard_42397
330.83,106.76,1629,COD,2,0,synthetic
344.65,92.56,1471,Prepaid,5,0,synthetic
341.12,89.81,1435,Wallet,11,0,synthetic
321.73,9.94,459,Wallet,0,0,synthetic
108.04,2.81,181,Wallet,22,0,real_openml_creditcard_42397
29.83,79.06,1026,Wallet,19,0,synthetic
137.61,9.6,289,Wallet,14,0,real_openml_creditcard_42397
107.56,113.48,1509,Prepaid,3,0,synthetic
111.17,3.75,195,Prepaid,0,0,real_openml_creditcard_42397
62.9,6.2,181,COD,0,0,real_openml_creditcard_42397
336.84,55.01,1013,Prepaid,5,0,synthetic
51.74,11.52,235,COD,11,0,synthetic
174.38,6.84,289,Wallet,9,0,real_openml_creditcard_42397
45.4,34.03,499,Prepaid,13,0,synthetic
55.74,73.11,977,COD,17,0,synthetic
693.68,26.1,987,Wallet,20,0,synthetic
209.17,1.23,253,COD,21,0,real_openml_creditcard_42397
50.6,49.92,695,Prepaid,13,0,synthetic
666.99,119.02,2079,Wallet,18,0,synthetic
402.87,97.96,1588,COD,9,0,synthetic
37.52,8.35,184,Wallet,20,0,real_openml_creditcard_42397
58.13,7.97,198,COD,22,0,real_openml_creditcard_42397
648.07,28.79,979,COD,18,0,synthetic
135.17,3.53,214,COD,11,0,real_openml_creditcard_42397
567.3,25.24,863,Wallet,12,0,synthetic
636.52,35.98,1055,Wallet,11,0,synthetic
222.43,41.09,743,COD,16,0,synthetic
771.29,65.19,1526,COD,0,0,synthetic
10.32,11.73,200,Prepaid,22,0,real_openml_creditcard_42397
412.35,24.0,709,Prepaid,16,0,synthetic
18.09,12.48,216,COD,20,0,real_openml_creditcard_42397
110.25,2.73,182,Wallet,9,0,real_openml_creditcard_42397
14.63,12.82,217,COD,8,0,real_openml_creditcard_42397
149.16,118.05,1601,COD,12,0,synthetic
44.8,29.12,440,Prepaid,15,0,synthetic
784.16,53.05,1392,Prepaid,4,0,synthetic
164.71,10.56,325,Wallet,15,0,real_openml_creditcard_42397
492.4,106.89,1776,Prepaid,21,0,synthetic
509.95,17.54,719,Prepaid,13,0,synthetic
233.44,62.05,1005,COD,21,0,synthetic
252.81,100.42,1483,Prepaid,13,0,synthetic
72.84,13.54,278,Wallet,22,0,real_openml_creditcard_42397
515.39,28.85,860,COD,21,0,synthetic
711.69,104.15,1940,Wallet,1,1,synthetic
219.82,4.35,300,COD,10,0,real_openml_creditcard_42397
758.51,15.42,918,Prepaid,17,0,synthetic
513.45,119.9,1951,COD,4,0,synthetic
500.67,79.49,1455,COD,21,0,synthetic
518.55,114.99,1897,COD,5,0,synthetic
420.4,93.2,1547,Wallet,11,0,synthetic
554.65,118.48,1971,COD,13,0,synthetic
24.21,10.18,194,COD,20,0,real_openml_creditcard_42397
184.86,4.55,271,Wallet,20,0,real_openml_creditcard_42397
506.8,61.57,1245,Wallet,13,0,real_openml_creditcard_42397
6.15,10.54,182,COD,20,0,real_openml_creditcard_42397
92.72,5.55,200,Prepaid,12,0,real_openml_creditcard_42397
180.37,93.28,1332,COD,14,0,synthetic
278.97,21.56,560,Prepaid,18,0,synthetic
167.07,10.39,325,COD,12,0,real_openml_creditcard_42397
5.18,12.28,202,Wallet,23,0,real_openml_creditcard_42397
405.79,64.94,1194,Wallet,10,0,synthetic
107.17,5.05,207,Prepaid,12,0,real_openml_creditcard_42397
461.44,95.95,1617,Prepaid,22,0,synthetic
7.15,10.46,182,COD,12,0,real_openml_creditcard_42397
585.15,39.34,1049,Prepaid,13,0,synthetic
136.03,0.8,182,Prepaid,7,0,real_openml_creditcard_42397
726.56,56.66,1384,Prepaid,9,0,synthetic
266.6,104.47,1544,Prepaid,7,0,synthetic
287.53,3.74,354,COD,19,0,synthetic
39.45,8.04,182,Wallet,15,0,real_openml_creditcard_42397
243.7,9.72,386,COD,16,0,real_openml_creditcard_42397
125.28,15.94,354,Wallet,9,0,synthetic
14.78,105.18,1326,COD,3,0,synthetic
775.48,114.4,2121,Prepaid,14,0,synthetic
386.26,19.22,628,Wallet,17,0,synthetic
233.98,64.61,1036,COD,12,0,synthetic
72.13,5.67,183,Prepaid,13,0,real_openml_creditcard_42397
352.47,82.44,1356,Wallet,13,0,synthetic
130.11,1.32,183,Prepaid,15,0,real_openml_creditcard_42397
461.11,103.14,1703,Wallet,18,0,synthetic
686.26,99.08,1857,COD,8,0,synthetic
26.46,11.1,207,Prepaid,9,0,real_openml_creditcard_42397
528.78,116.3,1921,Wallet,14,0,synthetic
665.01,99.71,1845,COD,0,1,synthetic
457.78,102.2,1688,COD,15,0,synthetic
330.8,50.73,956,Prepaid,22,0,synthetic
329.99,117.98,1763,Wallet,1,0,synthetic
59.0,94.55,1238,COD,18,0,synthetic
760.41,39.45,1208,Prepaid,5,0,synthetic
586.0,13.12,735,Wallet,14,0,synthetic
378.91,11.29,527,Prepaid,20,0,synthetic
25.07,45.62,620,COD,18,0,real_openml_creditcard_42397
280.22,55.77,971,COD,21,0,synthetic
420.21,66.84,1230,COD,20,0,synthetic
677.37,14.86,838,Wallet,2,0,synthetic
579.53,16.28,767,Wallet,12,0,synthetic
411.73,57.28,1108,COD,10,0,synthetic
330.69,41.84,850,COD,1,0,synthetic
504.63,41.62,1004,Prepaid,21,0,synthetic
393.54,55.54,1071,Prepaid,14,0,synthetic
2.84,11.95,196,Wallet,13,0,real_openml_creditcard_42397
234.12,87.41,1310,Prepaid,5,0,synthetic
100.5,9.3,252,Wallet,20,0,real_openml_creditcard_42397
173.66,88.73,1271,Wallet,21,0,synthetic
190.89,102.41,1451,Prepaid,12,0,synthetic
762.42,87.26,1783,COD,12,0,synthetic
84.62,4.65,182,Prepaid,16,0,real_openml_creditcard_42397
9.93,63.67,823,Prepaid,18,0,synthetic
79.57,5.78,191,COD,17,0,real_openml_creditcard_42397
904.25,27.76,1197,Prepaid,12,0,real_openml_creditcard_42397
6.12,12.79,209,Prepaid,4,0,real_openml_creditcard_42397
114.76,3.56,196,Prepaid,21,0,real_openml_creditcard_42397
671.74,84.53,1669,Prepaid,18,0,synthetic
704.45,83.49,1686,Wallet,18,0,synthetic
731.49,95.27,1852,COD,15,0,synthetic
568.25,37.43,1011,Wallet,16,0,synthetic
355.82,9.38,483,Prepaid,4,0,synthetic
574.76,28.99,915,Prepaid,6,0,synthetic
175.26,6.61,287,COD,22,0,real_openml_creditcard_42397
331.93,109.76,1666,Wallet,18,1,synthetic
252.69,112.0,1621,Wallet,6,0,synthetic
787.36,42.57,1269,Prepaid,8,0,synthetic
106.91,4.31,198,Wallet,15,0,real_openml_creditcard_42397
729.1,30.62,1074,Wallet,5,1,synthetic
156.5,105.8,1461,COD,16,0,synthetic
66.69,8.83,216,Wallet,8,0,real_openml_creditcard_42397
34.68,10.32,205,Wallet,16,0,real_openml_creditcard_42397
76.6,5.5,185,COD,12,0,real_openml_creditcard_42397
675.27,78.97,1605,Wallet,21,0,synthetic
533.3,65.39,1315,Prepaid,18,0,synthetic
215.32,82.23,1231,Prepaid,7,0,synthetic
385.48,48.34,977,Prepaid,20,0,real_openml_creditcard_42397
108.63,3.02,184,Wallet,18,0,real_openml_creditcard_42397
139.02,96.07,1328,Prepaid,5,0,synthetic
701.57,26.84,1003,Prepaid,2,0,synthetic
762.91,52.12,1362,Prepaid,7,0,synthetic
145.19,8.03,277,COD,13,0,real_openml_creditcard_42397
138.79,0.59,182,Wallet,11,0,real_openml_creditcard_42397
61.3,6.4,182,COD,7,0,real_openml_creditcard_42397
198.29,57.65,920,Wallet,10,0,synthetic
428.82,30.34,800,Wallet,19,0,synthetic
33.79,17.3,288,Prepaid,2,0,real_openml_creditcard_42397
266.03,10.3,413,Wallet,6,0,real_openml_creditcard_42397
263.18,11.74,428,COD,12,0,synthetic
117.01,5.0,215,COD,12,0,synthetic
280.0,68.0,1118,Wallet,13,0,real_openml_creditcard_42397
332.78,92.46,1459,Wallet,0,0,synthetic
130.86,1.85,190,Wallet,8,0,real_openml_creditcard_42397
102.83,3.45,184,Wallet,19,0,real_openml_creditcard_42397
613.6,9.44,716,COD,22,0,synthetic
337.42,11.28,489,Prepaid,3,0,synthetic
93.96,9.79,252,COD,16,0,real_openml_creditcard_42397
62.76,8.46,208,Wallet,16,0,real_openml_creditcard_42397
28.23,8.81,181,Wallet,20,0,synthetic
75.63,85.24,1141,Prepaid,11,0,real_openml_creditcard_42397
62.59,1.42,123,Prepaid,22,0,synthetic
240.2,1.88,289,Prepaid,9,0,synthetic
447.76,51.99,1077,Prepaid,18,0,synthetic
608.93,64.52,1372,Prepaid,18,0,synthetic
608.11,101.3,1813,COD,6,0,synthetic
526.7,95.68,1672,Wallet,15,0,synthetic
94.31,45.64,683,Prepaid,14,0,synthetic
108.65,2.93,183,COD,12,0,real_openml_creditcard_42397
111.47,4.47,204,Prepaid,3,0,real_openml_creditcard_42397
514.5,71.01,1365,Prepaid,23,0,synthetic
700.84,77.22,1607,Prepaid,3,0,synthetic
255.21,61.27,1015,COD,0,0,synthetic
153.69,2.81,222,Prepaid,16,0,real_openml_creditcard_42397
470.43,115.96,1865,Prepaid,7,0,synthetic
36.49,14.6,258,Wallet,16,0,real_openml_creditcard_42397
380.4,78.39,1333,COD,16,0,synthetic
131.6,35.93,600,COD,8,0,synthetic
927.9,177.32,3013,Prepaid,20,0,real_openml_creditcard_42397
604.14,21.63,853,Prepaid,1,0,synthetic
71.54,74.72,1011,Wallet,23,1,synthetic
11.07,12.42,209,Wallet,19,0,real_openml_creditcard_42397
193.16,48.84,810,Wallet,23,0,synthetic
582.27,13.4,735,COD,11,0,synthetic
591.6,29.03,931,Wallet,17,0,synthetic
448.15,87.37,1502,Wallet,10,0,synthetic
94.76,5.39,200,COD,21,0,real_openml_creditcard_42397
502.08,92.99,1618,COD,3,0,synthetic
441.67,54.28,1099,Prepaid,14,0,synthetic
718.22,98.49,1878,Prepaid,10,0,synthetic
130.86,115.5,1554,Prepaid,17,0,synthetic
355.7,115.69,1758,COD,14,0,synthetic
117.8,77.03,1080,COD,13,0,synthetic
527.97,59.1,1234,COD,1,0,synthetic
312.78,74.6,1227,Prepaid,10,0,synthetic
90.23,4.23,182,Wallet,15,0,real_openml_creditcard_42397
703.86,113.55,2046,COD,4,0,synthetic
58.55,6.61,182,Prepaid,18,0,real_openml_creditcard_42397
775.4,115.33,2132,Prepaid,19,0,synthetic
456.53,61.42,1198,Prepaid,20,0,synthetic
513.46,114.54,1887,COD,22,0,synthetic
16.48,10.35,189,Prepaid,21,0,synthetic
136.93,2.86,208,COD,23,0,synthetic
617.52,34.02,1014,Wallet,16,0,real_openml_creditcard_42397
29.26,10.81,206,COD,9,0,real_openml_creditcard_42397
235.5,111.79,1603,Prepaid,13,0,synthetic
512.19,107.99,1807,Wallet,11,1,synthetic
91.8,72.4,1001,Prepaid,10,0,synthetic
558.06,116.26,1947,Prepaid,12,0,synthetic
105.8,3.07,182,Wallet,6,0,real_openml_creditcard_42397
88.59,61.83,872,Wallet,1,1,synthetic
576.19,60.55,1295,COD,3,0,synthetic
58.71,103.16,1341,Wallet,19,0,synthetic
273.04,78.99,1244,Prepaid,18,1,synthetic
82.39,59.02,832,Wallet,14,0,synthetic
171.57,118.24,1623,Wallet,6,0,synthetic
441.59,110.35,1772,Prepaid,11,0,synthetic
748.72,50.39,1329,Wallet,13,0,synthetic
609.67,30.77,968,Wallet,1,0,synthetic
764.18,82.8,1731,Wallet,18,0,synthetic
608.98,6.83,680,Prepaid,20,0,real_openml_creditcard_42397
736.61,41.3,1208,COD,13,0,synthetic
329.55,80.25,1310,Prepaid,12,0,synthetic
52.11,78.55,1040,Prepaid,10,0,synthetic
12.54,12.14,207,COD,12,0,real_openml_creditcard_42397
483.81,93.86,1612,COD,18,0,synthetic
120.61,1.95,182,Prepaid,15,0,real_openml_creditcard_42397
57.86,117.12,1508,Wallet,6,0,synthetic
765.07,108.95,2046,COD,0,1,synthetic
134.07,118.29,1590,COD,5,0,synthetic
661.79,42.22,1152,Prepaid,5,0,synthetic
44.09,7.69,182,Prepaid,16,0,real_openml_creditcard_42397
115.82,4.98,214,COD,10,0,real_openml_creditcard_42397
406.59,36.4,853,Prepaid,3,1,synthetic
400.43,76.07,1323,COD,0,1,synthetic
38.89,23.0,361,COD,17,0,real_openml_creditcard_42397
194.44,30.5,591,COD,13,0,real_openml_creditcard_42397
512.85,16.95,715,Wallet,7,0,real_openml_creditcard_42397
83.04,115.9,1515,Prepaid,12,0,synthetic
74.01,6.78,198,COD,9,0,real_openml_creditcard_42397
519.07,50.72,1126,COD,0,0,synthetic
219.19,6.31,323,Prepaid,13,0,real_openml_creditcard_42397
81.24,11.99,267,COD,16,0,real_openml_creditcard_42397
480.6,36.61,922,Prepaid,14,0,synthetic
70.08,6.16,187,COD,19,0,real_openml_creditcard_42397
502.84,81.88,1485,COD,23,0,synthetic
10.39,16.8,261,COD,17,0,real_openml_creditcard_42397
785.91,114.38,2130,COD,14,0,synthetic
80.61,5.04,183,Wallet,21,0,real_openml_creditcard_42397
175.51,3.59,251,Wallet,4,0,real_openml_creditcard_42397
23.62,12.81,225,COD,14,0,real_openml_creditcard_42397
421.0,59.02,1137,Prepaid,15,0,synthetic
50.27,8.73,200,COD,22,0,real_openml_creditcard_42397
480.95,16.98,687,Prepaid,5,0,synthetic
67.6,7.26,198,Wallet,14,0,real_openml_creditcard_42397
79.52,6.37,198,Prepaid,8,0,real_openml_creditcard_42397
501.18,43.6,1024,Prepaid,23,0,synthetic
23.23,95.51,1217,Prepaid,6,0,synthetic
243.14,5.66,337,Prepaid,2,0,synthetic
44.73,9.06,199,Wallet,17,0,real_openml_creditcard_42397
615.98,68.46,1426,Wallet,19,0,synthetic
101.79,14.7,318,COD,16,0,real_openml_creditcard_42397
134.32,1.93,194,Prepaid,14,0,real_openml_creditcard_42397
77.26,11.96,263,Prepaid,12,0,real_openml_creditcard_42397
50.43,133.38,1696,Prepaid,11,0,real_openml_creditcard_42397
77.35,5.2,182,Prepaid,13,0,real_openml_creditcard_42397
594.17,34.42,998,COD,15,0,synthetic
47.01,9.56,207,COD,3,0,real_openml_creditcard_42397
149.0,42.77,697,COD,21,0,synthetic
633.63,17.9,835,Wallet,8,0,synthetic
257.55,23.59,565,COD,23,0,synthetic
17.69,11.67,206,Wallet,19,0,real_openml_creditcard_42397
648.27,108.93,1941,COD,0,0,synthetic
274.61,119.94,1736,COD,4,1,synthetic
91.91,4.86,191,COD,2,0,real_openml_creditcard_42397
74.86,5.47,183,Prepaid,14,0,real_openml_creditcard_42397
144.55,3.91,227,Wallet,11,0,real_openml_creditcard_42397
117.0,56.42,832,COD,14,0,synthetic
39.3,16.9,288,Prepaid,21,0,synthetic
770.79,49.08,1333,Prepaid,18,0,synthetic
551.29,76.59,1465,COD,13,0,synthetic
119.13,10.78,287,Wallet,17,0,synthetic
135.4,5.68,240,Wallet,18,0,real_openml_creditcard_42397
20.88,80.95,1040,COD,23,1,synthetic
62.96,105.02,1367,Wallet,17,0,synthetic
172.42,67.74,1018,Wallet,18,0,synthetic
73.8,6.63,196,Wallet,23,0,real_openml_creditcard_42397
66.79,6.49,188,Wallet,15,0,real_openml_creditcard_42397
170.27,35.44,628,Prepaid,4,0,synthetic
221.15,118.07,1666,Wallet,14,0,synthetic
184.37,3.01,252,Prepaid,13,0,real_openml_creditcard_42397
87.86,8.02,225,Prepaid,21,0,synthetic
58.9,7.83,197,COD,0,0,real_openml_creditcard_42397
65.46,8.48,211,COD,1,0,synthetic
441.14,74.06,1336,Prepaid,23,0,synthetic
542.38,95.06,1679,Prepaid,10,0,synthetic
11.39,10.15,182,COD,0,0,real_openml_creditcard_42397
768.12,26.87,1064,COD,7,0,synthetic
715.1,85.31,1717,COD,12,0,synthetic
1.14,10.75,180,Wallet,10,0,real_openml_creditcard_42397
231.79,66.3,1054,Prepaid,22,0,synthetic
480.53,74.41,1375,Wallet,22,0,synthetic
389.26,32.45,790,Prepaid,8,0,synthetic
138.48,1.03,187,Prepaid,11,0,real_openml_creditcard_42397
619.52,109.9,1926,COD,6,0,synthetic
97.12,33.72,542,Prepaid,22,0,real_openml_creditcard_42397
101.59,33.98,549,Wallet,19,0,synthetic
696.35,67.74,1490,COD,22,0,synthetic
434.76,31.25,816,COD,16,0,synthetic
223.9,19.0,480,Wallet,7,0,synthetic
83.88,84.9,1144,Prepaid,14,0,synthetic
91.0,55.3,795,COD,14,0,synthetic
154.5,6.42,266,Prepaid,17,0,synthetic
73.3,12.84,270,Prepaid,16,0,real_openml_creditcard_42397
764.18,69.71,1574,COD,7,0,synthetic
463.41,13.28,626,COD,20,0,synthetic
157.88,1.83,214,Prepaid,17,0,real_openml_creditcard_42397
781.33,50.07,1354,Wallet,5,0,synthetic
53.62,6.98,182,Prepaid,7,0,real_openml_creditcard_42397
167.83,17.91,416,Wallet,19,0,real_openml_creditcard_42397
626.8,32.01,998,Prepaid,10,0,synthetic
34.19,11.19,215,COD,14,0,real_openml_creditcard_42397
686.93,54.66,1324,COD,14,0,synthetic
139.16,0.56,182,Prepaid,20,0,real_openml_creditcard_42397
457.67,6.59,541,Wallet,11,0,real_openml_creditcard_42397
664.87,92.41,1757,Prepaid,10,0,synthetic
93.68,8.14,232,Prepaid,23,0,real_openml_creditcard_42397
161.58,102.12,1421,Prepaid,7,0,synthetic
18.02,27.14,392,COD,13,0,synthetic
110.2,100.24,1352,COD,16,0,synthetic
292.0,0.6,320,COD,23,0,real_openml_creditcard_42397
177.49,22.44,479,COD,9,0,real_openml_creditcard_42397
41.09,8.42,188,Prepaid,5,0,real_openml_creditcard_42397
163.8,3.97,245,COD,13,0,real_openml_creditcard_42397
501.47,1.36,518,Wallet,0,0,synthetic
32.0,9.02,187,COD,6,0,real_openml_creditcard_42397
71.4,90.28,1198,Wallet,15,1,synthetic
67.61,10.26,234,Wallet,11,0,real_openml_creditcard_42397
8.73,19.1,287,COD,10,0,real_openml_creditcard_42397
653.49,98.05,1815,Wallet,18,0,synthetic
107.89,2.91,182,Prepaid,22,0,real_openml_creditcard_42397
527.5,79.32,1477,Prepaid,9,0,synthetic
36.12,101.0,1295,Wallet,4,0,synthetic
366.41,79.43,1333,Wallet,3,0,synthetic
610.38,2.39,628,Wallet,13,0,synthetic
57.24,13.46,263,Wallet,18,0,real_openml_creditcard_42397
395.89,16.26,601,Wallet,3,0,synthetic
57.66,13.51,264,COD,22,0,real_openml_creditcard_42397
629.31,68.98,1444,COD,9,1,synthetic
768.05,36.53,1180,Prepaid,5,0,synthetic
502.94,108.96,1810,Prepaid,6,0,synthetic
508.9,9.22,619,Wallet,20,0,synthetic
146.14,1.92,205,Wallet,0,0,synthetic
60.02,7.33,192,Prepaid,8,0,real_openml_creditcard_42397
8.81,10.34,182,Prepaid,16,0,real_openml_creditcard_42397
614.87,41.73,1104,Wallet,2,0,synthetic
330.87,34.12,757,Prepaid,17,0,synthetic
30.85,10.77,207,Wallet,14,0,real_openml_creditcard_42397
633.21,27.69,952,Prepaid,17,0,synthetic
695.93,45.4,1221,Wallet,12,0,synthetic
533.57,7.04,615,Wallet,14,0,synthetic
373.55,117.4,1795,COD,0,0,synthetic
189.52,16.29,416,Wallet,15,0,real_openml_creditcard_42397
305.2,95.32,1469,COD,1,0,synthetic
256.51,111.56,1620,Wallet,7,0,synthetic
758.97,46.07,1286,Wallet,1,0,synthetic
119.85,3.76,203,Wallet,14,0,real_openml_creditcard_42397
493.25,92.79,1607,Prepaid,21,0,synthetic
230.9,83.41,1259,COD,3,0,synthetic
494.11,1.98,518,Prepaid,1,0,synthetic
177.94,1.99,234,Prepaid,15,0,real_openml_creditcard_42397
8.07,20.06,298,COD,14,0,real_openml_creditcard_42397
67.77,47.14,677,COD,14,0,synthetic
351.1,82.99,1362,Prepaid,17,0,synthetic
20.7,9.95,188,Prepaid,21,0,real_openml_creditcard_42397
640.29,4.31,678,Wallet,18,0,real_openml_creditcard_42397
216.43,78.05,1181,Prepaid,13,0,synthetic
170.41,107.17,1489,COD,19,0,synthetic
77.76,17.58,331,Wallet,17,0,real_openml_creditcard_42397
383.41,43.94,922,Prepaid,11,0,synthetic
752.77,15.6,915,Wallet,5,0,synthetic
89.5,16.45,328,COD,18,0,real_openml_creditcard_42397
325.37,23.74,628,Wallet,18,0,synthetic
500.93,29.96,860,Wallet,20,0,synthetic
24.47,9.48,186,Prepaid,1,0,synthetic
640.61,108.68,1931,COD,1,1,synthetic
158.54,70.34,1037,COD,13,0,synthetic
192.01,1.68,243,Prepaid,9,0,real_openml_creditcard_42397
55.92,53.43,741,COD,6,0,synthetic
254.74,69.05,1108,Wallet,11,1,synthetic
669.3,59.69,1369,Prepaid,8,0,synthetic
633.14,41.23,1115,Prepaid,20,0,synthetic
121.18,3.41,200,Prepaid,19,0,real_openml_creditcard_42397
46.12,7.62,183,Prepaid,22,0,real_openml_creditcard_42397
250.27,45.46,821,COD,16,0,synthetic
420.71,31.23,803,COD,8,0,synthetic
44.14,9.94,209,Prepaid,8,0,real_openml_creditcard_42397
254.68,102.02,1504,Prepaid,4,0,synthetic
117.76,68.06,973,COD,6,0,synthetic
4.37,73.14,932,Wallet,16,0,synthetic
153.79,3.22,227,COD,8,0,real_openml_creditcard_42397
143.64,17.28,387,Wallet,20,0,synthetic
384.93,53.35,1037,COD,22,1,synthetic
332.66,17.84,564,COD,2,0,synthetic
62.36,6.16,180,COD,15,0,real_openml_creditcard_42397
703.94,57.19,1370,Prepaid,4,0,synthetic
586.15,43.1,1095,COD,16,1,synthetic
794.9,97.94,1941,Wallet,0,1,synthetic
530.4,19.72,764,Prepaid,11,0,real_openml_creditcard_42397
50.06,14.58,270,Prepaid,8,0,real_openml_creditcard_42397
797.99,62.22,1515,Wallet,2,0,synthetic
65.07,6.29,184,COD,19,0,real_openml_creditcard_42397
443.63,3.03,486,COD,23,0,synthetic
246.82,26.39,589,Wallet,10,0,synthetic
21.96,9.27,181,Wallet,8,0,real_openml_creditcard_42397
179.75,4.94,271,Prepaid,9,0,real_openml_creditcard_42397
75.97,8.72,223,Prepaid,20,0,real_openml_creditcard_42397
85.84,74.04,1016,COD,6,0,synthetic
98.18,4.89,197,Wallet,14,0,real_openml_creditcard_42397
647.65,10.04,753,COD,19,0,synthetic
141.87,3.19,216,Wallet,23,0,real_openml_creditcard_42397
333.08,18.85,576,COD,11,0,real_openml_creditcard_42397
489.02,2.49,520,COD,6,0,synthetic
110.08,3.33,189,Prepaid,12,0,real_openml_creditcard_42397
160.71,12.36,343,COD,15,0,real_openml_creditcard_42397
49.93,7.26,182,Prepaid,21,0,real_openml_creditcard_42397
57.08,7.72,194,Prepaid,20,0,real_openml_creditcard_42397
42.49,7.73,181,Wallet,11,0,real_openml_creditcard_42397
640.74,71.19,1481,Wallet,10,0,synthetic
701.46,117.38,2090,Prepaid,21,0,synthetic
487.49,22.6,760,Wallet,17,0,real_openml_creditcard_42397
300.47,25.6,628,Wallet,9,0,synthetic
174.66,60.34,931,Wallet,7,0,synthetic
281.01,110.42,1628,COD,8,0,synthetic
127.96,1.4,182,Prepaid,23,0,real_openml_creditcard_42397
566.85,73.52,1442,Prepaid,14,0,synthetic
23.92,44.82,609,COD,18,0,synthetic
106.21,95.62,1293,Wallet,7,0,synthetic
588.05,55.11,1241,Prepaid,17,0,synthetic
799.75,92.2,1876,Prepaid,14,0,synthetic
191.42,5.62,290,Prepaid,8,0,synthetic
373.0,23.31,665,COD,1,0,synthetic
431.02,64.74,1215,COD,16,0,synthetic
378.93,77.96,1327,COD,15,0,synthetic
365.54,33.89,786,Prepaid,17,0,synthetic
47.43,44.31,624,Prepaid,17,0,synthetic
394.07,19.78,642,Wallet,1,0,real_openml_creditcard_42397
146.7,1.08,195,Prepaid,16,0,real_openml_creditcard_42397
421.88,78.57,1373,COD,19,0,synthetic
44.6,9.32,202,COD,8,0,real_openml_creditcard_42397
18.76,9.93,186,Prepaid,21,0,real_openml_creditcard_42397
1.0,43.18,569,Prepaid,21,0,real_openml_creditcard_42397
448.58,7.52,544,Prepaid,9,0,real_openml_creditcard_42397
83.65,25.98,437,Wallet,23,0,real_openml_creditcard_42397
620.71,96.55,1767,Wallet,21,0,synthetic
123.17,27.68,493,COD,10,0,synthetic
58.37,96.43,1260,Wallet,15,1,synthetic
245.92,94.56,1406,COD,6,0,synthetic
152.98,0.53,194,Prepaid,8,0,real_openml_creditcard_42397
97.63,4.26,189,Prepaid,18,0,real_openml_creditcard_42397
29.39,16.05,269,Wallet,9,0,real_openml_creditcard_42397
637.45,54.2,1274,Prepaid,9,0,synthetic
108.36,44.16,677,COD,1,0,synthetic
310.85,73.97,1217,Prepaid,17,0,synthetic
110.49,56.91,832,Wallet,16,0,synthetic
37.35,8.87,190,COD,19,0,real_openml_creditcard_42397
51.14,7.33,184,Wallet,13,0,real_openml_creditcard_42397
62.94,60.5,833,Wallet,6,0,synthetic
500.81,40.86,991,Prepaid,23,0,synthetic
92.31,66.4,930,Wallet,3,0,synthetic
422.34,48.42,1011,COD,6,0,synthetic
317.45,75.3,1239,Wallet,22,0,synthetic
591.47,48.41,1163,COD,14,0,synthetic
62.28,51.29,722,Wallet,3,1,synthetic
435.03,1.04,454,Prepaid,13,0,real_openml_creditcard_42397
288.26,17.9,524,COD,3,0,synthetic
79.3,5.42,186,Prepaid,18,0,synthetic
124.44,6.83,244,COD,12,0,real_openml_creditcard_42397
472.33,117.46,1885,Wallet,23,0,synthetic
175.14,3.78,253,Wallet,11,0,real_openml_creditcard_42397
593.36,44.08,1113,Wallet,17,0,synthetic
438.79,104.28,1696,Prepaid,2,0,synthetic
792.66,111.46,2101,Prepaid,1,0,synthetic
92.27,4.58,188,COD,18,0,real_openml_creditcard_42397
133.74,6.3,246,COD,16,0,real_openml_creditcard_42397
69.08,19.07,341,Wallet,13,0,real_openml_creditcard_42397
162.05,41.14,689,Prepaid,5,0,synthetic
283.01,26.58,624,COD,0,0,synthetic
2.08,12.68,204,Prepaid,23,0,real_openml_creditcard_42397
320.07,65.17,1120,Wallet,20,0,synthetic
691.99,85.01,1693,Wallet,10,0,synthetic
658.79,83.25,1642,COD,10,0,synthetic
380.11,15.15,574,COD,17,0,synthetic
245.15,20.56,517,Wallet,17,0,synthetic
204.31,18.66,458,Wallet,3,0,synthetic
349.84,7.67,457,COD,13,0,synthetic
788.05,89.65,1835,Prepaid,18,0,synthetic
245.12,83.42,1272,Wallet,23,0,synthetic
79.35,6.97,205,COD,18,0,real_openml_creditcard_42397
65.92,6.06,182,Wallet,14,0,real_openml_creditcard_42397
188.91,3.75,265,Prepaid,12,0,real_openml_creditcard_42397
92.18,4.09,182,COD,8,0,real_openml_creditcard_42397
136.72,20.79,423,Wallet,10,0,synthetic
198.2,9.55,343,Wallet,11,0,real_openml_creditcard_42397
720.72,26.37,1015,Wallet,12,0,synthetic
61.45,8.47,207,Prepaid,19,0,real_openml_creditcard_42397
768.19,73.04,1618,COD,18,0,synthetic
302.6,103.03,1559,Prepaid,3,0,synthetic
427.15,39.2,905,COD,22,0,synthetic
512.98,111.24,1847,Wallet,17,0,synthetic
105.28,4.44,198,Prepaid,21,0,real_openml_creditcard_42397
761.08,39.03,1203,Prepaid,17,1,synthetic
102.88,32.62,534,COD,12,0,real_openml_creditcard_42397
97.76,73.4,1019,Prepaid,1,0,synthetic
601.96,83.94,1599,Prepaid,13,0,synthetic
44.43,8.25,189,COD,0,0,real_openml_creditcard_42397
103.43,4.58,198,Prepaid,23,0,real_openml_creditcard_42397
788.51,118.21,2178,Wallet,22,0,synthetic
476.03,114.27,1850,Wallet,6,0,synthetic
115.36,48.87,740,COD,1,0,synthetic
91.5,36.8,574,Wallet,17,0,synthetic
237.2,91.43,1361,Wallet,18,0,synthetic
162.11,16.83,398,Prepaid,13,0,synthetic
386.04,96.44,1555,Wallet,8,0,synthetic
502.5,10.74,631,Prepaid,22,0,synthetic
634.38,82.6,1612,COD,7,0,synthetic
223.44,82.71,1244,Wallet,10,0,synthetic
673.07,11.17,790,Wallet,16,0,synthetic
678.76,83.9,1668,Prepaid,13,0,synthetic
5.15,15.36,239,COD,22,0,real_openml_creditcard_42397
366.53,0.51,386,Wallet,19,0,real_openml_creditcard_42397
33.1,10.35,204,Prepaid,17,0,real_openml_creditcard_42397
81.9,6.44,201,COD,22,0,real_openml_creditcard_42397
479.58,33.43,883,Prepaid,19,0,synthetic
668.43,89.55,1726,Wallet,3,0,synthetic
458.28,87.92,1517,Prepaid,19,0,synthetic
655.73,114.07,2009,Wallet,2,1,synthetic
110.57,24.96,449,Wallet,13,0,real_openml_creditcard_42397
597.62,6.6,667,Prepaid,3,0,synthetic
48.07,24.59,388,Prepaid,21,0,synthetic
366.94,80.06,1341,Wallet,4,0,synthetic
125.7,1.99,187,Wallet,21,0,real_openml_creditcard_42397
89.89,94.47,1265,Prepaid,12,0,synthetic
324.04,103.59,1585,Prepaid,11,0,synthetic
581.54,112.36,1922,Prepaid,4,0,synthetic
350.13,51.96,989,COD,4,0,synthetic
526.48,9.0,632,Wallet,15,0,synthetic
256.96,42.06,786,COD,21,0,real_openml_creditcard_42397
54.23,10.18,221,COD,18,0,real_openml_creditcard_42397
207.81,73.44,1118,COD,15,0,synthetic
733.43,78.1,1647,Wallet,12,0,synthetic
37.12,13.97,251,Prepaid,17,0,real_openml_creditcard_42397
621.35,9.88,728,Prepaid,6,0,synthetic
629.77,52.24,1244,Prepaid,13,0,synthetic
574.12,44.47,1100,Wallet,18,0,synthetic
69.89,10.34,237,Wallet,13,0,real_openml_creditcard_42397
131.9,9.17,279,Wallet,23,0,synthetic
594.55,107.13,1871,COD,4,0,synthetic
33.48,15.57,267,Wallet,17,0,real_openml_creditcard_42397
208.13,91.27,1333,COD,22,0,synthetic
624.41,108.23,1911,COD,8,0,synthetic
102.85,6.7,223,COD,9,0,real_openml_creditcard_42397
256.71,67.16,1087,COD,22,0,real_openml_creditcard_42397
269.4,1.63,312,COD,9,0,real_openml_creditcard_42397
422.7,9.71,547,COD,6,0,synthetic
672.31,40.82,1145,Prepaid,11,0,synthetic
195.26,58.21,924,Prepaid,5,0,synthetic
121.93,2.77,193,Wallet,9,0,real_openml_creditcard_42397
138.9,1.17,189,COD,22,0,real_openml_creditcard_42397
746.78,100.42,1927,Prepaid,7,0,synthetic
247.31,94.44,1406,Wallet,18,0,synthetic
278.38,112.09,1646,COD,15,0,synthetic
148.48,76.91,1107,COD,12,0,synthetic
104.17,14.66,320,Prepaid,1,0,synthetic
206.44,79.89,1194,COD,2,0,synthetic
224.76,39.31,724,Prepaid,17,0,real_openml_creditcard_42397
349.75,94.97,1504,Wallet,6,0,synthetic
5925.38,99.26,6574,Prepaid,9,0,real_openml_creditcard_42397
102.59,97.72,1315,COD,10,0,synthetic
40.61,7.95,182,COD,10,0,real_openml_creditcard_42397
492.02,9.06,602,Wallet,1,0,synthetic
201.13,41.27,726,Wallet,3,0,synthetic
168.49,4.7,258,COD,11,0,real_openml_creditcard_42397
143.31,107.54,1470,COD,10,0,synthetic
187.44,2.77,252,COD,16,0,synthetic
570.72,116.53,1962,Prepaid,12,0,synthetic
465.19,101.34,1685,COD,19,0,synthetic
241.09,46.36,823,Wallet,4,0,synthetic
678.3,106.97,1944,Wallet,4,0,synthetic
629.48,68.94,1444,COD,18,0,synthetic
408.44,5.09,479,Prepaid,2,0,synthetic
181.0,19.99,453,Prepaid,16,1,synthetic
794.25,41.31,1261,COD,12,0,synthetic
72.71,9.75,232,Wallet,13,0,synthetic
36.04,53.03,719,Wallet,15,0,synthetic
66.73,8.08,207,COD,17,0,real_openml_creditcard_42397
324.28,77.58,1273,COD,0,0,synthetic
209.57,118.66,1663,COD,12,0,synthetic
307.53,3.6,370,COD,17,0,real_openml_creditcard_42397
1146.41,38.6,1545,Wallet,13,0,real_openml_creditcard_42397
782.78,39.8,1232,COD,16,1,synthetic
101.36,3.4,182,COD,16,0,real_openml_creditcard_42397
767.37,5.69,809,Wallet,13,0,synthetic
739.5,14.63,891,COD,3,0,synthetic
586.92,110.28,1902,Wallet,8,0,synthetic
50.14,17.66,307,COD,2,0,real_openml_creditcard_42397
311.19,30.98,702,Wallet,8,0,synthetic
189.05,3.4,261,Prepaid,9,0,real_openml_creditcard_42397
570.03,66.14,1357,Prepaid,19,0,synthetic
337.42,15.61,541,Prepaid,12,0,real_openml_creditcard_42397
221.59,101.94,1473,Wallet,4,0,synthetic
67.21,18.09,328,COD,13,0,synthetic
122.51,2.31,188,COD,19,0,real_openml_creditcard_42397
50.13,8.57,198,Prepaid,8,0,real_openml_creditcard_42397
79.56,17.87,336,COD,15,0,real_openml_creditcard_42397
227.82,34.66,671,COD,12,0,real_openml_creditcard_42397
527.54,48.61,1108,COD,8,0,synthetic
583.35,74.76,1472,Prepaid,6,0,synthetic
178.83,39.84,689,Wallet,18,0,real_openml_creditcard_42397
384.41,82.15,1382,COD,8,0,synthetic
103.37,3.41,184,Wallet,12,0,real_openml_creditcard_42397
587.11,76.47,1496,Prepaid,22,0,synthetic
688.24,116.19,2064,COD,5,0,synthetic
108.29,98.18,1326,Wallet,2,0,synthetic
140.61,1.12,190,Wallet,13,0,real_openml_creditcard_42397
33.76,8.63,184,Prepaid,18,0,real_openml_creditcard_42397
724.12,47.53,1272,Wallet,2,0,synthetic
313.07,79.07,1281,Wallet,11,0,synthetic
25.2,12.61,224,COD,10,0,real_openml_creditcard_42397
564.96,38.79,1024,Wallet,23,0,synthetic
169.12,109.42,1515,COD,1,0,synthetic
493.4,19.08,723,COD,16,0,synthetic
50.77,7.36,184,Prepaid,18,0,real_openml_creditcard_42397
481.92,36.32,920,COD,4,0,synthetic
39.65,9.61,201,Prepaid,20,0,real_openml_creditcard_42397
389.57,45.93,952,COD,23,0,synthetic
109.09,2.82,182,Wallet,7,0,real_openml_creditcard_42397
229.65,18.11,474,COD,10,0,real_openml_creditcard_42397
158.64,3.85,239,COD,2,0,real_openml_creditcard_42397
405.58,16.69,615,Prepaid,20,0,synthetic
88.99,4.16,180,COD,21,0,real_openml_creditcard_42397
481.3,91.2,1578,Wallet,11,0,synthetic
4965.84,164.31,6491,Wallet,17,0,real_openml_creditcard_42397
468.72,40.42,957,Wallet,13,0,synthetic
105.69,65.03,925,Prepaid,4,0,synthetic
64.36,6.92,191,Prepaid,20,0,real_openml_creditcard_42397
84.88,48.13,704,Wallet,23,0,synthetic
51.19,6.99,180,Wallet,19,0,real_openml_creditcard_42397
28.64,9.02,184,Wallet,16,0,real_openml_creditcard_42397
43.32,9.83,207,Prepaid,17,0,real_openml_creditcard_42397
534.74,68.17,1349,Prepaid,7,0,synthetic
261.47,15.82,475,Wallet,2,0,synthetic
114.39,9.84,271,COD,14,0,real_openml_creditcard_42397
74.05,26.28,432,Wallet,18,0,real_openml_creditcard_42397
51.6,26.38,413,COD,20,0,real_openml_creditcard_42397
51.79,8.45,198,Wallet,20,0,real_openml_creditcard_42397
76.41,15.19,301,COD,14,0,real_openml_creditcard_42397
104.19,25.07,445,Prepaid,15,0,synthetic
64.98,99.51,1303,Prepaid,10,0,synthetic
712.73,86.5,1729,Wallet,21,0,synthetic
70.84,102.76,1347,Prepaid,11,0,synthetic
387.08,40.55,885,Wallet,15,0,real_openml_creditcard_42397
218.26,5.21,309,Wallet,0,0,real_openml_creditcard_42397
69.81,5.76,182,Prepaid,8,0,real_openml_creditcard_42397
46.68,8.83,198,Wallet,14,0,real_openml_creditcard_42397
779.42,85.92,1783,Prepaid,1,0,synthetic
736.88,83.91,1720,Wallet,21,0,synthetic
92.45,103.22,1372,Wallet,3,0,synthetic
201.41,115.51,1617,Wallet,4,0,synthetic
359.24,9.22,484,Wallet,19,0,real_openml_creditcard_42397
57.8,54.39,755,COD,5,0,synthetic
31.62,9.71,195,Prepaid,2,0,real_openml_creditcard_42397
769.73,71.21,1597,Prepaid,0,0,synthetic
130.68,1.37,184,Prepaid,21,0,real_openml_creditcard_42397
262.22,9.62,401,Wallet,23,0,synthetic
29.29,13.22,235,COD,6,0,real_openml_creditcard_42397
309.01,5.0,388,COD,2,0,synthetic
3.59,12.06,198,COD,15,0,real_openml_creditcard_42397
4.85,19.72,291,Wallet,17,0,real_openml_creditcard_42397
465.02,42.28,976,Prepaid,20,0,synthetic
361.39,94.13,1505,Prepaid,22,0,synthetic
291.08,16.45,509,Wallet,18,0,synthetic
436.99,37.66,895,COD,19,1,synthetic
109.14,4.15,198,Wallet,2,0,real_openml_creditcard_42397
143.82,4.46,233,COD,10,0,real_openml_creditcard_42397
63.99,7.12,193,Prepaid,12,0,real_openml_creditcard_42397
289.35,113.94,1678,Prepaid,10,0,synthetic
791.48,46.23,1317,Wallet,22,0,synthetic
343.66,85.79,1389,COD,23,0,synthetic
477.35,15.73,668,Prepaid,15,0,synthetic
108.67,112.25,1495,Prepaid,14,1,synthetic
88.51,4.53,184,COD,19,0,real_openml_creditcard_42397
242.24,102.4,1497,Wallet,11,0,synthetic
183.94,0.95,227,Prepaid,12,0,real_openml_creditcard_42397
737.17,117.61,2125,COD,17,0,synthetic
640.96,14.95,806,COD,17,0,synthetic
39.1,13.82,251,Wallet,10,0,real_openml_creditcard_42397
484.36,33.13,884,COD,14,0,synthetic
60.24,7.57,195,Wallet,18,0,real_openml_creditcard_42397
653.41,93.93,1765,Wallet,16,0,synthetic
49.52,7.29,182,COD,12,0,real_openml_creditcard_42397
116.51,5.09,216,Prepaid,15,0,real_openml_creditcard_42397
159.06,47.4,762,Prepaid,15,0,synthetic
480.6,115.29,1866,Wallet,14,0,synthetic
140.7,23.7,461,Prepaid,21,0,real_openml_creditcard_42397
788.25,15.48,945,Prepaid,7,0,synthetic
91.35,7.65,224,Wallet,11,0,real_openml_creditcard_42397
28.7,10.43,201,COD,5,0,real_openml_creditcard_42397
261.37,25.98,597,COD,16,0,real_openml_creditcard_42397
76.16,106.81,1400,Prepaid,15,0,synthetic
108.23,9.55,262,COD,1,0,real_openml_creditcard_42397
121.53,2.64,191,Prepaid,15,0,real_openml_creditcard_42397
118.26,2.55,187,Wallet,19,0,real_openml_creditcard_42397
40.1,8.49,188,COD,9,0,real_openml_creditcard_42397
128.46,4.2,216,COD,18,0,real_openml_creditcard_42397
19.9,12.17,214,Wallet,10,0,real_openml_creditcard_42397
268.7,101.56,1511,Prepaid,17,0,synthetic
638.33,78.59,1568,Prepaid,0,1,synthetic
527.79,112.05,1870,Wallet,19,0,synthetic
624.68,101.02,1825,COD,12,0,synthetic
283.3,104.16,1555,COD,20,0,synthetic
66.54,11.01,242,Wallet,15,0,real_openml_creditcard_42397
96.25,16.52,335,COD,22,0,synthetic
133.39,1.16,184,Wallet,18,0,real_openml_creditcard_42397
160.48,0.71,203,COD,15,0,real_openml_creditcard_42397
450.86,45.46,1001,Wallet,15,0,synthetic
56.85,24.82,399,COD,18,0,real_openml_creditcard_42397
313.19,65.61,1119,COD,11,0,synthetic
37.28,9.87,202,Prepaid,16,0,real_openml_creditcard_42397
402.32,79.58,1367,COD,11,0,synthetic
769.92,76.44,1660,Wallet,8,0,synthetic
165.2,9.03,307,Prepaid,18,0,real_openml_creditcard_42397
497.75,80.21,1460,Wallet,8,0,synthetic
24.32,140.76,1761,COD,10,0,real_openml_creditcard_42397
5.18,27.85,389,COD,9,0,synthetic
260.49,52.91,919,Wallet,5,0,synthetic
55.28,9.1,209,Prepaid,12,0,real_openml_creditcard_42397
26.24,9.03,182,COD,15,0,real_openml_creditcard_42397
219.21,2.2,274,COD,15,0,synthetic
5.29,10.52,181,Prepaid,18,0,real_openml_creditcard_42397
201.82,97.7,1404,Wallet,7,0,real_openml_creditcard_42397
697.74,2.89,713,Wallet,9,0,synthetic
64.72,6.15,182,Prepaid,15,0,real_openml_creditcard_42397
247.54,3.6,316,COD,23,0,real_openml_creditcard_42397
796.62,110.89,2098,Wallet,19,0,synthetic
165.85,0.81,209,Prepaid,21,0,real_openml_creditcard_42397
451.65,42.88,971,Prepaid,7,0,synthetic
503.72,47.3,1071,Prepaid,21,0,real_openml_creditcard_42397
490.48,62.46,1241,Prepaid,4,0,synthetic
459.4,51.69,1084,Wallet,7,0,synthetic
132.23,1.33,185,Prepaid,19,0,real_openml_creditcard_42397
641.54,80.38,1592,Wallet,23,0,synthetic
346.81,68.48,1184,COD,5,0,synthetic
611.64,26.48,918,Wallet,18,0,synthetic
69.93,58.9,820,Prepaid,8,0,synthetic
327.84,100.83,1555,COD,13,0,synthetic
105.0,14.21,315,Wallet,16,0,real_openml_creditcard_42397
177.74,1.25,225,COD,6,0,real_openml_creditcard_42397
473.09,5.02,536,Prepaid,9,0,synthetic
266.94,19.37,523,COD,21,0,synthetic
77.03,71.6,979,Prepaid,14,0,synthetic
363.0,105.86,1647,COD,9,0,synthetic
560.74,53.98,1202,COD,17,0,synthetic
678.77,74.77,1558,Prepaid,0,0,synthetic
85.73,5.82,197,Wallet,14,0,real_openml_creditcard_42397
336.99,17.44,563,Wallet,13,0,synthetic
28.32,9.96,195,Wallet,9,0,real_openml_creditcard_42397
128.18,1.39,182,Wallet,23,0,real_openml_creditcard_42397
324.14,15.34,526,Prepaid,20,0,synthetic
74.9,7.3,205,Prepaid,14,0,real_openml_creditcard_42397
546.76,16.9,745,Prepaid,8,0,synthetic
335.88,100.24,1555,Prepaid,14,0,synthetic
126.84,1.65,184,Prepaid,21,0,real_openml_creditcard_42397
21.62,9.38,182,COD,8,0,real_openml_creditcard_42397
197.19,78.28,1167,Wallet,19,0,synthetic
510.28,63.19,1267,COD,13,0,synthetic
32.6,8.56,182,Wallet,13,0,real_openml_creditcard_42397
658.73,62.65,1395,Wallet,4,0,synthetic
109.05,5.32,212,Prepaid,16,0,real_openml_creditcard_42397
770.57,117.04,2148,Wallet,6,0,synthetic
27.4,24.94,374,Prepaid,3,0,real_openml_creditcard_42397
10.46,40.47,545,Wallet,8,0,real_openml_creditcard_42397
294.6,115.65,1703,COD,10,0,synthetic
72.6,5.72,184,Wallet,18,0,real_openml_creditcard_42397
396.59,42.18,913,Prepaid,5,0,synthetic
749.0,70.94,1575,COD,3,0,synthetic
70.14,6.07,186,COD,10,0,real_openml_creditcard_42397
160.46,78.77,1140,COD,14,0,synthetic
440.97,54.25,1098,Wallet,3,0,synthetic
276.37,67.06,1103,COD,14,0,synthetic
651.03,113.77,2001,COD,1,0,synthetic
85.69,25.24,430,Prepaid,16,0,real_openml_creditcard_42397
75.69,5.57,185,Wallet,1,0,real_openml_creditcard_42397
31.33,24.32,370,Wallet,20,0,real_openml_creditcard_42397
44.15,7.69,182,Prepaid,9,0,real_openml_creditcard_42397
94.28,19.46,368,Wallet,6,0,synthetic
381.41,34.15,803,Prepaid,6,0,synthetic
663.47,33.41,1048,COD,19,0,synthetic
406.35,52.89,1050,COD,16,0,synthetic
241.11,117.96,1683,Prepaid,7,0,synthetic
131.24,118.16,1586,Wallet,5,0,synthetic
130.08,1.91,190,Wallet,12,0,real_openml_creditcard_42397
661.21,107.59,1936,COD,13,0,synthetic
163.13,44.56,732,COD,12,0,synthetic
190.45,8.02,318,Wallet,17,0,synthetic
317.79,65.66,1124,Prepaid,1,0,synthetic
200.05,24.59,525,COD,1,0,synthetic
179.41,1.13,225,Wallet,14,0,real_openml_creditcard_42397
56.68,100.57,1308,COD,3,0,synthetic
663.74,1.04,660,COD,3,0,synthetic
357.45,18.19,590,Wallet,9,0,real_openml_creditcard_42397
3.06,11.19,187,COD,8,0,real_openml_creditcard_42397
730.86,115.26,2091,Prepaid,16,0,synthetic
513.84,76.54,1431,Prepaid,13,0,synthetic
312.47,45.73,880,COD,0,0,synthetic
51.73,10.37,221,Wallet,16,0,real_openml_creditcard_42397
183.85,26.17,530,Prepaid,2,0,synthetic
45.86,50.34,695,Wallet,17,0,synthetic
43.27,8.17,187,COD,17,0,real_openml_creditcard_42397
775.08,23.02,1024,Prepaid,13,0,synthetic
135.19,0.86,182,COD,0,0,real_openml_creditcard_42397
285.49,11.17,441,COD,15,0,real_openml_creditcard_42397
52.33,7.16,183,Prepaid,6,0,real_openml_creditcard_42397
255.28,1.94,303,Wallet,14,0,real_openml_creditcard_42397
14.45,10.58,190,COD,10,0,real_openml_creditcard_42397
431.84,55.55,1105,Wallet,14,0,synthetic
114.7,3.48,195,COD,10,0,real_openml_creditcard_42397
684.43,22.85,940,Wallet,23,0,synthetic
480.03,74.43,1375,Wallet,5,0,synthetic
123.14,1.76,182,COD,7,0,real_openml_creditcard_42397
120.97,3.51,201,Prepaid,5,0,real_openml_creditcard_42397
43.49,10.57,216,Wallet,8,0,real_openml_creditcard_42397
79.91,6.59,201,COD,15,0,real_openml_creditcard_42397
741.62,116.75,2119,Wallet,14,0,synthetic
258.58,41.37,779,Prepaid,12,0,synthetic
330.12,52.66,979,Prepaid,0,0,synthetic
790.36,116.57,2160,Wallet,10,0,synthetic
459.27,29.8,821,Wallet,8,0,real_openml_creditcard_42397
75.29,5.19,180,Prepaid,3,0,real_openml_creditcard_42397
144.93,22.1,446,Prepaid,2,0,synthetic
156.19,0.62,198,Prepaid,6,0,real_openml_creditcard_42397
56.7,47.28,668,Prepaid,0,0,synthetic
127.56,83.31,1165,COD,16,0,synthetic
704.74,20.49,930,Prepaid,17,0,synthetic
383.74,31.25,770,COD,13,0,synthetic
447.46,19.76,690,Prepaid,17,0,synthetic
331.58,56.69,1029,COD,6,0,synthetic
46.56,20.92,343,COD,13,0,real_openml_creditcard_42397
784.37,68.82,1582,Wallet,9,0,synthetic
692.99,19.16,904,COD,14,0,synthetic
761.28,45.93,1286,Prepaid,3,0,synthetic
78.34,6.46,198,Wallet,0,0,real_openml_creditcard_42397
318.17,27.45,666,COD,15,0,synthetic
108.22,17.72,360,Wallet,15,0,real_openml_creditcard_42397
193.54,15.17,406,Wallet,1,0,synthetic
754.35,81.75,1710,Prepaid,23,0,synthetic
214.41,99.56,1438,COD,19,0,synthetic
106.87,2.99,182,Wallet,9,0,real_openml_creditcard_42397
60.44,7.8,198,Prepaid,13,0,real_openml_creditcard_42397
175.63,111.29,1544,Prepaid,20,0,synthetic
83.36,111.43,1462,Prepaid,0,0,synthetic
163.1,1.02,209,Wallet,21,0,real_openml_creditcard_42397
182.28,71.42,1071,COD,0,0,synthetic
768.36,61.16,1475,Prepaid,15,0,synthetic
64.49,7.16,194,COD,12,0,real_openml_creditcard_42397
171.24,34.82,622,Wallet,0,0,real_openml_creditcard_42397
585.38,114.93,1956,COD,7,0,synthetic
30.47,9.63,193,COD,12,0,real_openml_creditcard_42397
510.48,65.73,1298,Wallet,3,0,synthetic
68.07,7.06,196,Prepaid,18,0,real_openml_creditcard_42397
162.81,2.62,228,COD,15,0,real_openml_creditcard_42397
14.57,14.24,234,COD,19,0,real_openml_creditcard_42397
630.18,70.54,1464,Wallet,21,0,synthetic
187.54,97.4,1388,COD,8,0,synthetic
479.11,115.24,1864,Wallet,11,0,synthetic
10.97,13.76,225,Wallet,11,0,real_openml_creditcard_42397
424.17,78.17,1370,COD,8,0,synthetic
3.74,10.72,182,Prepaid,23,0,real_openml_creditcard_42397
286.79,57.67,1000,COD,19,0,synthetic
28.58,31.69,456,Prepaid,17,0,real_openml_creditcard_42397
711.73,54.64,1346,Wallet,16,0,synthetic
26.49,9.18,184,Wallet,21,0,real_openml_creditcard_42397
769.56,13.99,910,Wallet,16,0,synthetic
82.83,13.2,283,Wallet,14,0,real_openml_creditcard_42397
407.52,100.82,1627,Wallet,22,0,synthetic
171.96,8.52,307,COD,9,0,real_openml_creditcard_42397
645.15,20.86,881,Wallet,19,0,synthetic
317.46,5.43,401,COD,17,0,synthetic
70.14,7.41,202,Wallet,18,0,real_openml_creditcard_42397
57.02,9.47,215,Wallet,22,0,real_openml_creditcard_42397
113.75,3.8,198,Wallet,19,0,real_openml_creditcard_42397
623.86,118.08,2028,COD,16,0,synthetic
284.04,2.61,337,Prepaid,0,0,real_openml_creditcard_42397
223.9,45.96,803,Wallet,2,0,synthetic
246.76,3.24,311,COD,10,0,real_openml_creditcard_42397
30.32,8.81,183,Prepaid,11,0,real_openml_creditcard_42397
71.62,30.22,477,COD,19,0,synthetic
61.66,6.54,184,Wallet,18,0,real_openml_creditcard_42397
763.32,108.1,2034,Wallet,12,0,synthetic
680.98,52.05,1287,Wallet,17,0,synthetic
31.98,8.43,180,COD,15,0,real_openml_creditcard_42397
158.2,45.58,739,Prepaid,8,0,synthetic
123.4,28.41,502,Wallet,1,0,synthetic
545.59,96.07,1694,COD,11,0,synthetic
197.18,35.88,658,Prepaid,16,0,real_openml_creditcard_42397
98.4,3.79,184,Prepaid,1,0,real_openml_creditcard_42397
771.74,60.2,1467,COD,23,0,synthetic
396.65,98.8,1593,Wallet,4,0,synthetic
18.99,34.34,479,Wallet,20,0,synthetic
573.98,15.83,757,Wallet,20,0,synthetic
115.37,2.76,187,Prepaid,12,0,real_openml_creditcard_42397
59.87,6.51,182,Wallet,19,0,real_openml_creditcard_42397
723.22,66.16,1495,COD,16,0,synthetic
182.54,2.56,245,Wallet,13,0,real_openml_creditcard_42397
703.65,16.59,882,COD,10,1,synthetic
125.2,5.61,230,Prepaid,21,0,real_openml_creditcard_42397
319.52,46.6,897,Prepaid,14,0,synthetic
553.19,88.38,1608,Prepaid,9,0,synthetic
66.63,9.17,220,Wallet,10,0,real_openml_creditcard_42397
797.82,42.15,1274,Wallet,20,0,synthetic
472.96,67.19,1282,Prepaid,16,0,synthetic
505.79,74.95,1405,Prepaid,11,1,synthetic
100.77,70.07,981,COD,5,0,synthetic
143.82,15.05,360,Wallet,19,0,real_openml_creditcard_42397
539.2,95.3,1679,Prepaid,7,1,synthetic
187.56,36.02,651,Prepaid,20,0,real_openml_creditcard_42397
184.47,116.5,1614,Prepaid,11,0,synthetic
201.48,75.91,1142,COD,15,0,synthetic
149.59,39.13,654,Prepaid,2,0,synthetic
740.32,89.11,1786,COD,7,0,synthetic
29.74,81.36,1053,Wallet,1,0,synthetic
150.58,37.04,630,COD,10,0,real_openml_creditcard_42397
252.95,4.78,335,COD,11,0,real_openml_creditcard_42397
32.6,9.56,194,Prepaid,0,0,real_openml_creditcard_42397
322.37,69.51,1174,Prepaid,23,0,synthetic
17.93,10.24,189,COD,8,0,real_openml_creditcard_42397
500.47,10.3,624,Prepaid,7,0,real_openml_creditcard_42397
40.98,24.68,383,Wallet,18,0,real_openml_creditcard_42397
148.29,1.46,201,Wallet,13,0,real_openml_creditcard_42397
247.79,12.75,426,Prepaid,17,0,real_openml_creditcard_42397
490.05,78.19,1429,Wallet,9,0,synthetic
350.55,78.57,1308,Wallet,17,0,synthetic
130.75,6.36,244,Wallet,13,0,real_openml_creditcard_42397
545.25,68.92,1368,COD,14,0,synthetic
86.54,11.93,271,COD,18,0,real_openml_creditcard_42397
188.26,66.32,1015,Wallet,16,0,synthetic
50.65,7.12,181,COD,0,0,real_openml_creditcard_42397
173.45,24.74,503,Prepaid,21,0,real_openml_creditcard_42397
122.69,63.95,928,COD,10,0,synthetic
635.14,102.53,1852,Wallet,18,0,synthetic
141.32,0.65,185,COD,17,0,real_openml_creditcard_42397
294.24,101.62,1534,Wallet,9,0,synthetic
1.45,52.12,677,Wallet,8,0,synthetic
7.86,64.19,827,Wallet,18,0,synthetic
29.79,94.85,1215,Wallet,5,0,synthetic
188.05,14.98,399,Wallet,14,0,real_openml_creditcard_42397
792.28,109.58,2078,COD,12,0,synthetic
413.02,71.14,1275,Prepaid,12,0,synthetic
62.87,11.7,247,COD,12,0,real_openml_creditcard_42397
77.65,76.44,1037,Wallet,23,0,synthetic
85.46,20.54,373,Prepaid,3,0,synthetic
24.33,15.76,261,COD,8,0,real_openml_creditcard_42397
294.45,119.5,1749,Prepaid,0,0,synthetic
23.71,12.06,216,COD,5,0,real_openml_creditcard_42397
34.01,8.7,185,Prepaid,20,0,real_openml_creditcard_42397
619.45,25.23,910,Prepaid,9,0,synthetic
243.25,3.17,307,COD,13,0,real_openml_creditcard_42397
423.42,46.9,994,Prepaid,19,0,synthetic
1320.87,119.27,2670,Wallet,15,0,real_openml_creditcard_42397
576.41,57.89,1263,Wallet,12,0,synthetic
79.9,6.09,195,Prepaid,3,0,real_openml_creditcard_42397
296.17,56.99,1000,Prepaid,8,0,synthetic
226.0,8.97,361,Wallet,15,0,real_openml_creditcard_42397
29.43,66.91,879,COD,18,0,synthetic
191.6,102.0,1446,COD,5,0,synthetic
528.39,56.91,1209,Wallet,23,0,synthetic
412.15,1.99,445,Wallet,0,0,synthetic
527.37,93.23,1643,Prepaid,6,0,synthetic
85.23,6.11,200,COD,19,0,real_openml_creditcard_42397
21.61,9.38,182,Prepaid,15,0,real_openml_creditcard_42397
400.56,56.15,1084,COD,2,0,synthetic
723.88,64.46,1475,Wallet,11,0,synthetic
142.91,1.53,197,Wallet,19,0,real_openml_creditcard_42397
36.77,77.15,1009,Prepaid,23,0,synthetic
245.46,10.38,395,Wallet,6,0,synthetic
680.16,87.65,1714,Wallet,16,0,synthetic
772.82,48.87,1332,Prepaid,16,0,synthetic
356.46,11.62,510,Prepaid,11,0,synthetic
98.59,14.77,316,Prepaid,17,0,real_openml_creditcard_42397
321.61,6.24,414,COD,18,0,synthetic
432.07,107.97,1734,COD,7,0,synthetic
346.73,113.76,1727,COD,14,0,synthetic
236.45,64.02,1031,Wallet,6,0,synthetic
86.92,5.73,197,COD,14,0,real_openml_creditcard_42397
275.24,118.27,1717,Wallet,19,0,synthetic
250.56,118.7,1700,COD,11,0,synthetic
398.94,118.49,1831,COD,15,1,synthetic
157.75,6.84,274,COD,23,0,real_openml_creditcard_42397
143.22,18.26,398,COD,22,0,real_openml_creditcard_42397
122.16,5.42,225,Wallet,20,0,real_openml_creditcard_42397
273.72,114.79,1674,Prepaid,23,0,synthetic
442.65,87.66,1500,Prepaid,12,0,synthetic
61.73,13.79,271,COD,18,0,real_openml_creditcard_42397
130.33,37.83,621,Prepaid,16,0,synthetic
240.99,71.12,1120,Wallet,1,0,synthetic
720.98,12.25,846,COD,16,0,synthetic
101.24,94.83,1279,Wallet,13,0,synthetic
78.13,6.06,193,Wallet,16,0,real_openml_creditcard_42397
301.4,16.41,518,Prepaid,17,0,synthetic
410.35,112.75,1772,Prepaid,6,1,synthetic
108.47,105.04,1408,COD,10,0,synthetic
295.03,7.71,408,COD,12,0,real_openml_creditcard_42397
315.91,50.28,938,COD,3,0,synthetic
453.8,13.12,616,Wallet,18,0,synthetic
707.83,106.05,1960,Wallet,0,0,synthetic
32.78,13.62,243,Wallet,11,0,real_openml_creditcard_42397
524.63,60.84,1252,Prepaid,2,0,synthetic
117.15,112.73,1508,Prepaid,0,0,synthetic
502.61,91.9,1605,COD,8,0,synthetic
50.82,7.44,185,Wallet,17,0,real_openml_creditcard_42397
107.01,4.14,196,Prepaid,13,0,real_openml_creditcard_42397
158.94,1.25,208,Wallet,8,0,real_openml_creditcard_42397
151.75,3.37,227,COD,22,0,real_openml_creditcard_42397
19.32,10.72,196,Wallet,1,0,real_openml_creditcard_42397
7.2,17.96,272,COD,21,0,real_openml_creditcard_42397
283.04,48.83,891,COD,17,0,synthetic
218.87,66.21,1041,COD,12,0,synthetic
96.21,8.87,243,Wallet,21,0,real_openml_creditcard_42397
180.89,95.84,1363,Wallet,6,1,synthetic
474.23,16.88,679,COD,13,0,synthetic
88.7,5.35,194,Wallet,22,0,real_openml_creditcard_42397
16.68,9.75,182,COD,22,0,real_openml_creditcard_42397
367.58,24.66,677,Wallet,9,0,synthetic
144.0,70.62,1027,Wallet,9,0,synthetic
594.3,57.7,1277,Wallet,18,0,synthetic
129.59,2.86,201,Prepaid,11,0,real_openml_creditcard_42397
334.07,119.82,1789,Prepaid,9,0,synthetic
114.0,44.25,684,COD,22,1,synthetic
131.35,1.07,181,COD,12,0,real_openml_creditcard_42397
115.04,2.62,185,Wallet,17,0,real_openml_creditcard_42397
115.26,34.95,573,Wallet,9,0,synthetic
769.28,5.72,811,Wallet,12,0,real_openml_creditcard_42397
518.63,39.27,988,Prepaid,2,0,synthetic
19.29,9.55,182,COD,2,0,real_openml_creditcard_42397
16.09,11.63,204,COD,17,0,real_openml_creditcard_42397
523.29,119.91,1960,Wallet,13,0,synthetic
433.22,96.41,1597,COD,18,0,synthetic
81.52,4.97,183,Prepaid,10,0,real_openml_creditcard_42397
730.74,11.1,841,Prepaid,8,0,synthetic
414.59,0.91,434,Prepaid,11,0,real_openml_creditcard_42397
540.43,91.4,1633,Wallet,11,0,synthetic
684.02,29.79,1023,Wallet,5,0,synthetic
455.29,95.39,1604,Prepaid,9,0,synthetic
125.88,3.23,202,Prepaid,13,0,real_openml_creditcard_42397
433.98,44.73,977,Wallet,7,0,synthetic
754.6,33.4,1130,Prepaid,10,0,synthetic
6.87,26.43,373,COD,1,0,synthetic
587.54,31.64,958,Prepaid,22,0,synthetic
25.72,11.9,216,Wallet,15,0,real_openml_creditcard_42397
71.82,6.95,198,COD,7,0,real_openml_creditcard_42397
186.47,54.64,873,COD,21,0,synthetic
280.84,6.94,386,Prepaid,12,0,real_openml_creditcard_42397
451.75,79.03,1405,Wallet,0,0,synthetic
388.74,15.68,588,COD,22,0,real_openml_creditcard_42397
422.62,3.3,470,COD,13,0,real_openml_creditcard_42397
281.6,114.07,1672,Wallet,21,0,synthetic
415.25,110.03,1744,Wallet,0,0,synthetic
70.1,46.99,677,COD,21,0,real_openml_creditcard_42397
291.3,0.84,322,COD,16,0,synthetic
552.55,49.81,1145,Wallet,19,0,synthetic
67.98,7.65,203,Wallet,22,0,real_openml_creditcard_42397
640.3,61.38,1363,COD,13,0,synthetic
153.06,40.1,669,COD,7,0,synthetic
139.45,2.21,202,Prepaid,21,0,real_openml_creditcard_42397
36.46,8.85,189,Prepaid,19,0,real_openml_creditcard_42397
619.15,100.66,1815,Wallet,12,0,synthetic
167.51,8.1,298,COD,21,0,real_openml_creditcard_42397
519.3,48.29,1097,Wallet,22,0,synthetic
634.0,9.84,739,COD,6,1,synthetic
456.91,8.9,568,Prepaid,8,0,real_openml_creditcard_42397
421.84,103.07,1666,Prepaid,18,0,synthetic
311.16,91.92,1433,Prepaid,13,0,synthetic
175.3,116.44,1605,Wallet,8,0,synthetic
99.49,4.04,188,Wallet,15,0,real_openml_creditcard_42397
192.54,80.1,1184,COD,0,0,synthetic
46.96,20.31,336,Prepaid,10,0,real_openml_creditcard_42397
271.28,1.65,314,Wallet,16,0,real_openml_creditcard_42397
36.96,8.56,186,COD,20,0,real_openml_creditcard_42397
122.77,7.96,256,Prepaid,18,0,real_openml_creditcard_42397
704.1,55.54,1350,COD,1,0,synthetic
127.49,3.52,207,Prepaid,14,0,real_openml_creditcard_42397
11.36,39.98,540,Prepaid,8,0,real_openml_creditcard_42397
40.91,8.27,186,Prepaid,15,0,real_openml_creditcard_42397
319.2,72.12,1203,COD,14,0,synthetic
133.63,2.64,202,Wallet,19,0,real_openml_creditcard_42397
280.66,29.46,656,Wallet,0,0,synthetic
480.72,16.45,680,COD,12,0,real_openml_creditcard_42397
10.7,10.28,183,COD,14,0,real_openml_creditcard_42397
738.48,119.73,2151,COD,6,0,synthetic
40.63,8.45,188,Prepaid,23,0,real_openml_creditcard_42397
3125.68,78.66,3807,COD,14,0,real_openml_creditcard_42397
97.26,10.04,258,Prepaid,9,0,real_openml_creditcard_42397
38.88,14.75,262,COD,20,0,real_openml_creditcard_42397
23.62,11.31,207,COD,11,0,real_openml_creditcard_42397
396.56,56.74,1088,Prepaid,18,0,synthetic
21.51,21.3,325,Wallet,15,0,real_openml_creditcard_42397
853.49,1.99,842,Wallet,21,0,real_openml_creditcard_42397
209.03,116.55,1637,COD,1,0,synthetic
518.32,1.16,530,Prepaid,7,0,synthetic
64.99,6.13,182,COD,14,0,real_openml_creditcard_42397
145.01,61.01,913,COD,21,0,synthetic
103.07,7.69,235,Wallet,0,0,real_openml_creditcard_42397
588.26,42.37,1088,Wallet,3,0,synthetic
210.99,118.83,1666,COD,15,0,synthetic
188.27,112.77,1573,COD,0,0,synthetic
75.36,5.6,185,Wallet,18,0,real_openml_creditcard_42397
32.57,8.72,184,Prepaid,21,0,real_openml_creditcard_42397
474.96,83.69,1482,Prepaid,13,0,synthetic
85.28,7.44,216,Prepaid,21,0,real_openml_creditcard_42397
669.4,107.26,1940,Prepaid,23,0,synthetic
157.59,12.6,343,COD,7,0,real_openml_creditcard_42397
286.89,93.18,1426,Wallet,7,0,synthetic
268.26,5.8,361,Prepaid,16,0,real_openml_creditcard_42397
119.94,1.92,181,Wallet,17,0,real_openml_creditcard_42397
799.15,15.03,950,Prepaid,5,0,synthetic
244.13,105.62,1537,Wallet,1,0,synthetic
678.86,27.71,993,COD,12,0,synthetic
677.86,80.66,1628,COD,0,0,synthetic
298.83,11.62,458,Prepaid,8,0,synthetic
40.3,9.48,200,COD,4,0,real_openml_creditcard_42397
546.94,52.57,1173,Prepaid,18,0,synthetic
258.19,28.68,627,Prepaid,17,0,synthetic
14.76,76.97,987,Wallet,10,0,synthetic
132.8,2.04,194,Wallet,5,0,real_openml_creditcard_42397
332.28,33.48,751,Prepaid,18,0,synthetic
156.33,0.61,198,Wallet,12,0,real_openml_creditcard_42397
31.96,14.1,248,Wallet,11,0,real_openml_creditcard_42397
330.91,60.26,1071,Prepaid,14,1,synthetic
85.14,6.11,200,Wallet,13,0,real_openml_creditcard_42397
324.4,7.07,427,Wallet,23,1,synthetic
646.75,69.28,1463,COD,17,0,synthetic
730.48,97.35,1876,Wallet,18,0,synthetic
327.06,83.79,1350,Prepaid,8,0,synthetic
434.93,32.13,827,Prepaid,9,0,synthetic
41.83,9.36,200,COD,13,0,real_openml_creditcard_42397
659.04,118.4,2064,Wallet,2,0,synthetic
128.98,1.49,184,COD,14,0,real_openml_creditcard_42397
588.44,13.92,747,COD,18,0,synthetic
610.69,94.19,1730,Prepaid,6,0,synthetic
149.04,2.57,215,Wallet,16,0,real_openml_creditcard_42397
377.81,13.83,556,Prepaid,16,0,real_openml_creditcard_42397
88.84,4.17,180,COD,14,0,real_openml_creditcard_42397
126.53,1.43,181,Wallet,20,0,real_openml_creditcard_42397
71.87,5.78,184,COD,4,0,real_openml_creditcard_42397
307.78,111.78,1668,COD,7,0,synthetic
464.34,102.28,1695,Prepaid,7,0,synthetic
582.97,53.23,1213,Wallet,1,0,synthetic
123.57,3.82,207,Wallet,20,0,real_openml_creditcard_42397
175.68,21.32,464,COD,14,0,real_openml_creditcard_42397
96.74,92.8,1251,COD,17,0,synthetic
273.53,63.31,1056,COD,17,0,synthetic
16.79,9.99,185,Prepaid,18,0,real_openml_creditcard_42397
934.04,16.36,1087,Prepaid,21,0,real_openml_creditcard_42397
519.82,51.47,1136,Wallet,18,0,synthetic
237.72,10.32,388,Wallet,20,0,synthetic
779.31,3.89,798,Wallet,5,0,synthetic
50.06,11.83,237,COD,17,0,real_openml_creditcard_42397
4212.31,137.41,5490,Wallet,11,0,real_openml_creditcard_42397
271.31,113.52,1656,Prepaid,22,0,synthetic
277.45,110.79,1629,COD,1,0,synthetic
85.05,4.95,186,COD,18,0,real_openml_creditcard_42397
490.12,60.3,1215,COD,13,0,synthetic
173.66,78.46,1148,COD,16,0,synthetic
699.05,29.9,1038,Prepaid,0,0,synthetic
157.95,13.15,350,Wallet,17,0,real_openml_creditcard_42397
542.61,111.9,1881,Wallet,15,0,synthetic
346.28,74.4,1254,Wallet,13,0,synthetic
658.0,10.16,764,Wallet,14,0,synthetic
57.88,12.66,254,COD,15,0,real_openml_creditcard_42397
8.45,10.53,184,Wallet,16,0,real_openml_creditcard_42397
82.83,5.45,190,COD,13,0,real_openml_creditcard_42397
40.25,7.98,182,Wallet,19,0,real_openml_creditcard_42397
523.22,12.03,665,Prepaid,9,0,synthetic
225.84,98.14,1431,COD,21,0,synthetic
213.37,42.42,751,COD,2,0,synthetic
555.49,21.21,804,Wallet,3,0,synthetic
242.86,18.93,496,Prepaid,0,0,synthetic
35.87,73.02,959,Prepaid,23,0,synthetic
635.38,62.65,1374,COD,23,0,synthetic
544.19,9.19,650,Wallet,10,0,real_openml_creditcard_42397
668.4,113.01,2008,Wallet,14,0,synthetic
230.11,7.45,347,Prepaid,4,0,synthetic
40.98,10.34,211,Prepaid,19,0,real_openml_creditcard_42397
295.28,1.6,335,Prepaid,23,0,real_openml_creditcard_42397
96.82,11.4,274,Wallet,14,0,real_openml_creditcard_42397
229.22,5.73,325,COD,17,0,real_openml_creditcard_42397
71.22,5.66,182,Prepaid,22,0,real_openml_creditcard_42397
134.69,4.48,225,Prepaid,9,0,real_openml_creditcard_42397
365.25,84.31,1390,Prepaid,23,0,synthetic
401.29,56.92,1094,Wallet,18,0,synthetic
71.68,12.12,260,Wallet,14,0,real_openml_creditcard_42397
341.57,95.57,1504,Prepaid,21,0,synthetic
123.79,2.05,186,COD,7,0,real_openml_creditcard_42397
365.78,94.11,1509,Prepaid,4,0,synthetic
284.48,96.1,1459,COD,11,0,synthetic
562.54,94.43,1689,Prepaid,3,0,synthetic
488.87,13.38,651,COD,1,0,synthetic
116.02,74.73,1051,Prepaid,7,0,synthetic
252.31,88.03,1333,Prepaid,6,0,synthetic
70.4,8.89,220,COD,10,0,real_openml_creditcard_42397
388.41,96.09,1553,Prepaid,20,0,synthetic
227.97,76.73,1176,Wallet,23,0,synthetic
698.6,108.03,1975,COD,16,0,synthetic
38.1,13.39,245,COD,6,0,real_openml_creditcard_42397
13.96,11.54,201,COD,19,0,real_openml_creditcard_42397
251.67,28.08,613,COD,12,0,synthetic
282.62,1.64,324,Prepaid,3,0,real_openml_creditcard_42397
431.54,94.61,1574,Wallet,0,0,synthetic
43.27,26.09,402,Prepaid,16,0,real_openml_creditcard_42397
34.6,9.07,190,Prepaid,13,0,real_openml_creditcard_42397
749.37,25.47,1030,Wallet,8,0,synthetic
156.6,46.84,753,Wallet,20,0,real_openml_creditcard_42397
116.5,3.6,198,Prepaid,22,0,real_openml_creditcard_42397
650.36,17.84,849,Wallet,0,0,synthetic
802.89,0.78,782,COD,16,0,real_openml_creditcard_42397
792.74,78.15,1701,COD,15,0,synthetic
229.8,26.19,571,Wallet,1,0,synthetic
696.37,81.75,1658,Wallet,11,0,synthetic
581.94,20.75,823,COD,2,0,synthetic
310.17,112.61,1680,Wallet,2,0,synthetic
233.68,37.85,715,Prepaid,2,0,synthetic
633.36,59.2,1330,COD,19,0,synthetic
51.55,16.05,289,Prepaid,19,0,real_openml_creditcard_42397
677.8,30.36,1024,COD,0,1,synthetic
90.71,31.28,507,Prepaid,10,0,real_openml_creditcard_42397
352.84,11.48,505,Prepaid,0,0,synthetic
541.08,19.2,767,COD,15,0,synthetic
60.07,81.21,1079,Wallet,17,0,synthetic
59.42,18.37,324,Wallet,7,0,synthetic
552.2,31.68,927,COD,6,0,synthetic
326.95,16.9,547,COD,22,0,real_openml_creditcard_42397
113.67,2.72,185,COD,14,0,real_openml_creditcard_42397
560.64,56.38,1231,Prepaid,5,1,synthetic
553.03,41.28,1043,Prepaid,14,0,synthetic
152.31,4.66,243,COD,17,0,real_openml_creditcard_42397
290.69,18.72,536,Wallet,15,0,synthetic
798.22,36.6,1208,Wallet,7,0,synthetic
620.64,39.1,1078,Prepaid,7,0,synthetic
117.34,2.2,182,COD,9,0,real_openml_creditcard_42397
102.34,10.49,268,Wallet,20,0,real_openml_creditcard_42397
115.06,3.7,198,Wallet,23,0,real_openml_creditcard_42397
2229.32,52.38,2685,COD,13,0,real_openml_creditcard_42397
4.01,16.53,252,COD,1,0,real_openml_creditcard_42397
194.77,0.73,234,Prepaid,2,0,real_openml_creditcard_42397
67.18,62.36,859,Prepaid,2,0,synthetic
101.29,3.32,181,Wallet,14,0,real_openml_creditcard_42397
596.51,85.82,1617,Wallet,4,0,synthetic
623.63,0.94,623,COD,21,0,synthetic
56.62,40.58,588,Wallet,1,0,synthetic
38.21,9.8,202,Prepaid,11,0,real_openml_creditcard_42397
125.13,5.45,228,Wallet,8,0,real_openml_creditcard_42397
741.52,68.06,1534,COD,8,0,synthetic
252.09,44.79,814,Prepaid,5,0,synthetic
153.81,5.21,251,COD,10,0,real_openml_creditcard_42397
51.69,115.9,1487,Prepaid,17,0,synthetic
611.55,70.47,1446,Wallet,0,0,synthetic
808.23,20.63,1025,Wallet,23,0,real_openml_creditcard_42397
558.33,57.71,1245,Wallet,23,0,synthetic
17.44,11.73,206,Prepaid,3,0,synthetic
548.33,111.44,1881,COD,20,0,synthetic
57.18,19.21,332,Wallet,14,0,real_openml_creditcard_42397
139.19,9.14,285,Prepaid,15,0,real_openml_creditcard_42397
567.21,11.87,703,Prepaid,12,0,synthetic
48.16,9.22,204,Prepaid,19,0,real_openml_creditcard_42397
555.03,34.9,968,Prepaid,14,0,synthetic
108.09,13.23,306,COD,12,0,real_openml_creditcard_42397
198.16,70.43,1073,Prepaid,15,0,synthetic
68.16,21.55,370,COD,11,0,real_openml_creditcard_42397
465.73,37.4,918,COD,15,0,real_openml_creditcard_42397
283.21,56.99,989,Wallet,18,0,synthetic
420.65,95.44,1574,Prepaid,15,0,synthetic
279.0,44.73,838,COD,11,0,synthetic
436.12,102.92,1678,Prepaid,11,0,synthetic
104.39,6.34,220,Wallet,3,0,real_openml_creditcard_42397
45.77,18.98,319,Prepaid,17,0,real_openml_creditcard_42397
165.5,5.34,263,COD,17,0,real_openml_creditcard_42397
170.95,112.27,1551,Prepaid,10,0,synthetic
560.39,4.8,612,COD,17,0,real_openml_creditcard_42397
549.3,62.3,1292,Prepaid,13,0,synthetic
485.39,101.56,1706,Wallet,21,0,synthetic
35.66,36.58,521,COD,18,0,real_openml_creditcard_42397
469.63,7.19,559,COD,19,0,synthetic
677.17,61.19,1394,Wallet,7,0,synthetic
181.89,34.94,633,Prepaid,18,0,real_openml_creditcard_42397
403.06,56.51,1091,COD,23,0,synthetic
20.57,13.12,226,Prepaid,10,0,real_openml_creditcard_42397
36.04,9.96,202,Prepaid,17,0,real_openml_creditcard_42397
16.07,13.38,225,Prepaid,11,0,real_openml_creditcard_42397
480.99,26.35,799,Prepaid,12,0,synthetic
293.92,12.84,469,Wallet,7,0,synthetic
360.44,29.81,732,Wallet,21,0,synthetic
326.19,10.45,469,Wallet,0,0,synthetic
657.2,77.37,1570,Wallet,2,0,synthetic
174.17,54.25,858,Prepaid,19,0,synthetic
74.02,32.7,509,COD,9,0,real_openml_creditcard_42397
15.49,27.29,391,Prepaid,17,0,synthetic
655.67,60.67,1368,Prepaid,8,0,synthetic
422.76,87.13,1476,Prepaid,18,0,synthetic
84.47,4.58,181,COD,17,0,real_openml_creditcard_42397
483.34,8.25,584,COD,10,0,real_openml_creditcard_42397
549.29,80.74,1513,COD,18,0,synthetic
147.43,1.03,195,Wallet,16,0,real_openml_creditcard_42397
11.47,12.39,209,Wallet,18,0,real_openml_creditcard_42397
75.92,10.72,247,Prepaid,16,0,real_openml_creditcard_42397
91.12,4.33,184,Prepaid,23,0,real_openml_creditcard_42397
486.31,99.58,1683,COD,0,0,synthetic
317.36,38.83,802,Wallet,3,0,synthetic
69.02,32.5,502,Prepaid,19,0,synthetic
576.61,44.2,1099,Prepaid,21,0,synthetic
200.72,1.86,253,Prepaid,9,0,real_openml_creditcard_42397
588.39,65.01,1360,Wallet,8,0,synthetic
168.53,1.19,216,COD,14,0,real_openml_creditcard_42397
82.42,5.98,196,Prepaid,21,0,real_openml_creditcard_42397
497.11,64.42,1271,Wallet,3,0,synthetic
78.23,11.3,256,Wallet,13,0,real_openml_creditcard_42397
1.38,10.81,181,Prepaid,14,0,real_openml_creditcard_42397
37.32,56.53,762,Prepaid,19,0,synthetic
616.3,11.65,744,Prepaid,6,1,synthetic
73.58,5.48,182,Prepaid,14,0,real_openml_creditcard_42397
71.54,11.55,253,Prepaid,11,0,real_openml_creditcard_42397
123.21,6.26,236,COD,10,0,real_openml_creditcard_42397
85.29,4.6,182,COD,21,0,real_openml_creditcard_42397
51.98,9.68,213,Wallet,9,0,real_openml_creditcard_42397
568.65,79.94,1521,COD,14,0,synthetic
467.14,3.29,510,Prepaid,1,0,synthetic
107.54,69.29,978,Prepaid,23,0,synthetic
260.78,94.24,1416,Prepaid,9,0,synthetic
732.4,54.86,1368,Wallet,7,0,synthetic
156.12,0.96,202,Prepaid,21,0,real_openml_creditcard_42397
293.52,86.78,1356,Wallet,4,0,synthetic
3.57,10.98,185,Prepaid,18,0,real_openml_creditcard_42397
408.3,7.34,506,COD,8,0,synthetic
761.04,8.51,837,Wallet,21,0,synthetic
692.17,114.93,2052,Wallet,5,0,synthetic
106.68,4.33,198,COD,17,0,real_openml_creditcard_42397
323.07,11.44,478,COD,18,0,real_openml_creditcard_42397
302.42,7.52,412,Wallet,3,0,synthetic
320.71,11.7,479,Wallet,16,0,real_openml_creditcard_42397
650.22,96.86,1798,COD,5,0,synthetic
126.4,1.85,186,Wallet,22,0,real_openml_creditcard_42397
163.42,4.74,254,Prepaid,0,0,real_openml_creditcard_42397
502.96,12.44,652,COD,0,1,synthetic
269.3,11.55,431,Prepaid,21,0,real_openml_creditcard_42397
359.94,88.61,1437,COD,21,0,synthetic
586.44,90.53,1664,Prepaid,2,0,synthetic
515.36,106.08,1787,COD,20,0,synthetic
89.42,7.13,216,Prepaid,1,0,real_openml_creditcard_42397
692.19,80.29,1637,Prepaid,8,0,synthetic
280.09,58.76,1007,COD,9,0,synthetic
652.65,92.74,1750,COD,23,0,synthetic
244.91,52.71,903,Prepaid,0,0,real_openml_creditcard_42397
719.79,107.59,1989,Prepaid,7,0,synthetic
542.5,62.07,1283,COD,2,0,synthetic
129.06,2.65,198,COD,19,0,real_openml_creditcard_42397
114.54,63.41,914,COD,13,0,synthetic
634.13,45.28,1164,COD,4,0,synthetic
131.4,2.48,198,COD,23,0,real_openml_creditcard_42397
216.15,3.29,284,COD,16,0,real_openml_creditcard_42397
77.14,6.3,195,Prepaid,22,0,real_openml_creditcard_42397
398.53,6.19,483,COD,10,0,real_openml_creditcard_42397
401.44,119.59,1846,Prepaid,22,0,synthetic
38.16,11.3,220,COD,19,0,real_openml_creditcard_42397
59.73,11.85,246,COD,17,0,real_openml_creditcard_42397
795.56,96.29,1922,Wallet,5,0,synthetic
128.52,7.03,250,Prepaid,20,0,real_openml_creditcard_42397
139.36,1.21,190,Wallet,10,0,real_openml_creditcard_42397
11.75,10.12,182,COD,23,0,real_openml_creditcard_42397
119.75,2.6,189,Prepaid,19,0,real_openml_creditcard_42397
70.01,9.08,222,Wallet,1,0,real_openml_creditcard_42397
581.14,35.47,999,Prepaid,18,0,synthetic
798.87,13.0,925,Prepaid,22,0,synthetic
644.85,107.47,1920,COD,14,0,synthetic
83.62,19.65,361,Prepaid,16,0,real_openml_creditcard_42397
551.92,15.77,736,Wallet,9,0,real_openml_creditcard_42397
529.22,17.42,735,Wallet,10,0,synthetic
506.18,4.66,561,COD,6,0,synthetic
667.16,2.06,675,COD,21,1,synthetic
84.5,4.66,182,COD,12,0,real_openml_creditcard_42397
53.44,7.32,186,Wallet,17,0,real_openml_creditcard_42397
5391.86,152.94,6738,Prepaid,14,0,real_openml_creditcard_42397
239.12,1.07,278,Prepaid,19,0,real_openml_creditcard_42397
168.54,1.94,225,Wallet,7,0,real_openml_creditcard_42397
603.65,43.56,1116,Prepaid,13,0,synthetic
308.45,97.79,1501,Wallet,7,0,synthetic
771.53,11.77,886,Wallet,16,0,synthetic
315.53,24.14,624,Wallet,19,0,synthetic
225.91,81.53,1232,Wallet,16,0,synthetic
608.69,12.08,743,Wallet,12,0,synthetic
868.94,70.58,1679,Prepaid,13,0,real_openml_creditcard_42397
107.42,8.36,247,COD,21,0,real_openml_creditcard_42397
715.1,13.67,858,Wallet,23,0,synthetic
497.08,66.96,1301,COD,14,0,synthetic
134.66,3.73,216,COD,9,0,real_openml_creditcard_42397
326.43,19.6,579,COD,15,0,real_openml_creditcard_42397
39.83,45.6,633,Prepaid,14,0,real_openml_creditcard_42397
734.98,48.25,1290,Prepaid,9,0,synthetic
651.93,94.45,1770,Prepaid,21,0,synthetic
190.93,114.78,1599,Prepaid,2,0,synthetic
64.23,43.42,629,COD,20,0,synthetic
77.43,5.28,183,Wallet,8,0,real_openml_creditcard_42397
528.95,44.2,1056,COD,18,0,synthetic
294.34,93.25,1434,Wallet,14,0,synthetic
87.09,4.47,182,Prepaid,7,0,real_openml_creditcard_42397
123.5,1.65,181,COD,8,0,real_openml_creditcard_42397
70.41,7.8,207,Prepaid,21,0,real_openml_creditcard_42397
418.08,88.14,1484,Wallet,12,0,synthetic
111.1,6.0,222,COD,21,0,real_openml_creditcard_42397
178.24,3.4,251,Wallet,11,0,synthetic
281.75,3.27,343,Wallet,7,0,synthetic
413.6,46.53,981,Prepaid,19,0,synthetic
46.53,94.05,1221,COD,14,0,synthetic
28.41,11.12,209,Wallet,12,0,real_openml_creditcard_42397
730.57,14.79,885,Prepaid,9,0,real_openml_creditcard_42397
388.79,33.36,800,Wallet,18,0,synthetic
549.54,93.42,1666,Prepaid,9,0,synthetic
265.12,58.82,994,Wallet,6,0,synthetic
468.9,93.89,1599,Prepaid,3,1,synthetic
68.02,74.11,1000,Wallet,8,0,synthetic
598.68,19.23,820,COD,15,0,synthetic
5.58,14.3,227,Wallet,21,0,synthetic
41.36,60.21,810,Wallet,11,0,synthetic
128.65,1.93,189,Wallet,11,0,real_openml_creditcard_42397
530.59,92.82,1641,Wallet,5,0,synthetic
362.74,38.29,836,Wallet,7,0,synthetic
20.82,16.86,271,COD,9,0,real_openml_creditcard_42397
364.65,105.2,1641,COD,23,0,synthetic
797.47,112.19,2114,Prepaid,21,0,synthetic
34.98,116.73,1482,Wallet,5,0,synthetic
73.0,1.01,128,Wallet,3,0,synthetic
118.61,3.94,204,Prepaid,19,0,real_openml_creditcard_42397
130.71,2.61,199,COD,13,0,real_openml_creditcard_42397
354.08,29.71,725,Wallet,3,0,synthetic
14.29,10.35,187,COD,20,0,real_openml_creditcard_42397
610.23,10.03,720,Prepaid,7,0,synthetic
18.18,22.89,341,Prepaid,11,0,real_openml_creditcard_42397
7.6,10.43,182,Wallet,20,0,real_openml_creditcard_42397
715.1,42.56,1204,COD,13,0,synthetic
779.34,58.63,1455,COD,22,0,synthetic
39.3,8.3,185,Prepaid,11,0,real_openml_creditcard_42397
816.93,12.23,932,Prepaid,8,0,real_openml_creditcard_42397
6.93,10.48,182,COD,17,0,real_openml_creditcard_42397
704.82,112.06,2029,Wallet,3,0,synthetic
5.51,108.13,1353,COD,14,0,synthetic
96.25,8.78,242,Wallet,8,0,real_openml_creditcard_42397
447.65,24.67,749,COD,13,0,synthetic
419.37,5.72,496,Prepaid,14,0,synthetic
124.33,2.59,193,Wallet,16,0,real_openml_creditcard_42397
707.03,63.32,1446,Wallet,22,0,synthetic
2.74,19.36,285,COD,22,0,synthetic
11.75,10.12,182,COD,12,0,real_openml_creditcard_42397
200.07,0.83,240,Prepaid,16,0,real_openml_creditcard_42397
40.2,11.48,224,Wallet,13,0,real_openml_creditcard_42397
98.28,9.38,251,Prepaid,18,0,real_openml_creditcard_42397
58.34,61.7,843,Prepaid,6,1,synthetic
70.35,25.43,419,Prepaid,16,0,synthetic
457.84,106.26,1737,Prepaid,21,0,synthetic
441.76,85.64,1475,Prepaid,16,0,synthetic
311.36,16.57,529,Prepaid,21,0,synthetic
102.43,13.82,308,COD,20,0,real_openml_creditcard_42397
587.38,99.57,1773,Wallet,12,0,synthetic
179.02,10.99,343,COD,5,0,real_openml_creditcard_42397
36.79,20.32,327,Wallet,17,0,real_openml_creditcard_42397
24.93,13.13,230,Wallet,3,0,real_openml_creditcard_42397
255.2,110.28,1603,COD,9,0,synthetic
592.36,116.78,1984,Prepaid,8,0,synthetic
311.13,41.77,831,Prepaid,16,0,synthetic
232.12,118.23,1678,COD,4,0,synthetic
465.88,48.99,1057,Wallet,5,0,synthetic
583.45,35.47,1001,COD,17,0,synthetic
25.05,16.29,268,Wallet,19,0,real_openml_creditcard_42397
458.39,1.7,483,COD,1,0,synthetic
78.63,6.1,194,COD,19,0,real_openml_creditcard_42397
132.58,4.64,225,Prepaid,18,0,real_openml_creditcard_42397
827.97,14.32,967,Prepaid,9,0,real_openml_creditcard_42397
103.65,10.2,266,COD,7,0,synthetic
568.13,54.57,1216,Wallet,15,0,synthetic
147.0,106.06,1455,Prepaid,3,0,synthetic
169.04,0.91,213,COD,18,0,real_openml_creditcard_42397
629.18,69.38,1449,COD,13,0,synthetic
675.79,78.25,1597,Prepaid,2,0,synthetic
581.38,27.12,899,COD,9,0,synthetic
54.72,9.73,216,Wallet,7,0,real_openml_creditcard_42397
613.36,59.13,1312,COD,19,0,synthetic
87.98,5.32,193,Prepaid,22,0,real_openml_creditcard_42397
498.56,48.47,1080,COD,20,0,synthetic
291.48,96.52,1471,Prepaid,8,0,synthetic
161.35,95.99,1347,Prepaid,12,0,synthetic
42.8,9.21,199,COD,17,0,real_openml_creditcard_42397
286.97,97.71,1481,Prepaid,17,0,synthetic
529.53,71.36,1383,Wallet,0,0,synthetic
79.38,8.63,225,Prepaid,13,0,real_openml_creditcard_42397
236.1,4.88,321,Prepaid,13,0,real_openml_creditcard_42397
21.57,27.59,400,Prepaid,5,0,synthetic
584.98,62.93,1332,COD,1,0,synthetic
101.66,4.46,195,Wallet,17,0,real_openml_creditcard_42397
599.45,15.58,776,Wallet,2,0,synthetic
116.87,6.07,228,Prepaid,13,0,real_openml_creditcard_42397
326.27,86.22,1378,COD,22,0,synthetic
183.46,9.66,331,Prepaid,19,0,real_openml_creditcard_42397
713.66,60.35,1417,COD,8,0,synthetic
97.13,6.3,213,Prepaid,21,0,real_openml_creditcard_42397
85.58,4.58,182,COD,18,0,real_openml_creditcard_42397
392.43,80.8,1373,Wallet,15,0,synthetic
439.43,42.83,959,Prepaid,4,0,synthetic
333.44,91.81,1452,Wallet,0,0,synthetic
144.61,2.15,206,COD,15,0,real_openml_creditcard_42397
442.38,50.41,1053,Prepaid,0,0,synthetic
28.52,41.42,573,COD,19,0,synthetic
395.14,23.4,686,COD,18,0,synthetic
736.85,26.61,1032,Wallet,9,0,synthetic
391.24,72.2,1268,COD,2,0,synthetic
199.41,3.81,275,COD,6,0,synthetic
295.71,22.21,583,Wallet,8,0,synthetic
547.97,41.07,1036,Wallet,0,0,synthetic
214.07,79.84,1201,Prepaid,23,0,synthetic
67.69,8.01,207,Prepaid,11,0,real_openml_creditcard_42397
479.93,12.59,633,Prepaid,12,0,real_openml_creditcard_42397
65.19,39.8,586,COD,15,0,synthetic
399.08,14.18,579,Prepaid,21,0,synthetic
622.97,103.49,1853,Wallet,1,0,synthetic
61.45,43.43,627,COD,0,0,synthetic
176.14,107.57,1499,Wallet,14,0,synthetic
712.65,89.19,1762,Prepaid,4,0,synthetic
451.16,68.54,1278,Wallet,0,0,synthetic
37.98,8.15,182,COD,15,0,real_openml_creditcard_42397
139.07,0.57,182,Wallet,0,0,real_openml_creditcard_42397
319.97,109.52,1652,Wallet,13,0,synthetic
599.8,6.6,669,COD,15,0,real_openml_creditcard_42397
196.28,2.11,252,Wallet,10,0,real_openml_creditcard_42397
143.3,38.53,641,Wallet,3,0,synthetic
292.67,18.42,534,Wallet,19,0,synthetic
166.03,91.74,1300,Prepaid,23,0,synthetic
304.69,13.48,486,Wallet,6,0,real_openml_creditcard_42397
274.96,84.74,1314,Wallet,21,0,synthetic
195.77,8.07,323,COD,10,0,real_openml_creditcard_42397
71.39,8.48,216,Prepaid,18,0,real_openml_creditcard_42397
467.68,90.6,1558,COD,18,0,synthetic
60.12,6.49,182,Prepaid,6,0,real_openml_creditcard_42397
289.65,0.61,318,COD,9,0,real_openml_creditcard_42397
464.52,21.15,722,Wallet,8,1,synthetic
77.09,9.22,230,COD,13,0,real_openml_creditcard_42397
249.79,79.45,1228,Wallet,13,0,synthetic
457.31,2.8,495,Wallet,2,0,synthetic
83.54,32.4,514,Wallet,0,0,synthetic
107.45,97.65,1319,Prepaid,1,0,synthetic
508.63,87.59,1559,Prepaid,23,0,synthetic
588.45,28.44,921,COD,0,0,synthetic
274.8,66.4,1094,Wallet,12,0,synthetic
314.54,78.98,1281,Prepaid,12,0,synthetic
679.66,111.51,2000,COD,10,0,synthetic
260.42,112.16,1630,Prepaid,11,0,synthetic
528.8,34.93,945,Prepaid,3,0,synthetic
36.44,31.93,466,Prepaid,17,0,real_openml_creditcard_42397
150.21,63.97,953,Wallet,8,0,synthetic
716.74,84.4,1708,Wallet,12,0,synthetic
106.43,84.99,1166,Prepaid,10,0,synthetic
200.64,3.67,275,Prepaid,1,0,synthetic
107.29,113.36,1507,Prepaid,7,0,synthetic
147.17,13.89,349,Prepaid,23,0,synthetic
185.8,111.85,1559,COD,14,0,synthetic
291.72,8.79,418,COD,15,0,real_openml_creditcard_42397
768.51,44.82,1280,Prepaid,14,0,synthetic
364.38,34.9,797,COD,23,0,synthetic
227.22,98.13,1432,Wallet,22,0,synthetic
182.04,59.67,930,Wallet,6,0,synthetic
466.25,53.64,1113,Prepaid,21,0,synthetic
216.97,51.34,861,Wallet,22,0,synthetic
198.06,28.41,569,COD,3,0,synthetic
41.35,27.91,422,Prepaid,20,0,synthetic
24.37,12.59,223,Prepaid,13,0,real_openml_creditcard_42397
17.01,11.47,203,Prepaid,12,0,real_openml_creditcard_42397
655.72,26.94,963,COD,22,0,synthetic
705.68,77.73,1618,COD,3,0,synthetic
785.04,81.62,1736,COD,19,0,synthetic
647.59,78.31,1573,Wallet,11,0,synthetic
350.28,100.01,1565,Wallet,15,0,synthetic
32.71,9.13,189,Wallet,12,0,real_openml_creditcard_42397
639.62,12.38,774,Wallet,2,0,synthetic
10.51,10.79,189,Wallet,11,0,real_openml_creditcard_42397
135.77,1.4,189,COD,9,0,synthetic
127.48,12.77,318,COD,7,0,real_openml_creditcard_42397
80.92,5.76,192,Prepaid,0,0,real_openml_creditcard_42397
351.12,56.01,1038,Prepaid,11,0,synthetic
74.83,9.3,229,Wallet,19,0,real_openml_creditcard_42397
87.38,4.45,182,Wallet,23,0,real_openml_creditcard_42397
144.71,58.4,881,Prepaid,20,0,real_openml_creditcard_42397
121.62,102.29,1387,Prepaid,11,0,synthetic
312.14,11.67,471,COD,15,0,real_openml_creditcard_42397
28.38,22.29,343,COD,8,0,real_openml_creditcard_42397
184.63,90.21,1299,COD,14,0,synthetic
729.87,94.72,1844,COD,18,0,synthetic
48.77,7.59,185,COD,20,0,real_openml_creditcard_42397
431.32,22.92,713,COD,10,0,synthetic
556.13,24.12,840,Wallet,11,0,real_openml_creditcard_42397
358.74,1.93,396,Wallet,20,0,real_openml_creditcard_42397
106.57,3.01,182,COD,21,0,real_openml_creditcard_42397
163.8,4.47,251,Wallet,1,0,real_openml_creditcard_42397
296.36,67.86,1131,Prepaid,20,0,synthetic
121.43,69.22,990,Wallet,22,0,synthetic
625.32,42.19,1119,Wallet,6,0,synthetic
69.67,109.28,1424,Prepaid,9,0,synthetic
555.81,29.26,901,Wallet,1,0,synthetic
538.01,9.35,646,Wallet,13,0,synthetic
186.01,7.47,307,COD,18,0,real_openml_creditcard_42397
154.38,2.01,213,Prepaid,17,0,real_openml_creditcard_42397
24.95,12.05,217,COD,20,0,real_openml_creditcard_42397
526.25,30.86,894,Prepaid,19,0,real_openml_creditcard_42397
744.94,39.65,1196,COD,17,0,synthetic
506.66,1.79,528,Prepaid,15,0,synthetic
1.41,20.98,303,Wallet,12,0,real_openml_creditcard_42397
29.52,10.87,207,Prepaid,15,0,real_openml_creditcard_42397
125.29,94.58,1298,COD,7,0,synthetic
112.55,2.98,187,COD,17,0,real_openml_creditcard_42397
371.55,96.01,1536,COD,23,0,synthetic
178.28,40.87,701,Wallet,16,0,synthetic
71.99,21.93,378,Prepaid,10,0,real_openml_creditcard_42397
359.36,75.05,1274,Wallet,9,0,synthetic
435.02,104.69,1698,Wallet,17,0,synthetic
312.02,97.09,1496,COD,19,0,synthetic
414.88,18.63,647,Wallet,9,0,real_openml_creditcard_42397
349.24,2.68,396,Wallet,22,0,synthetic
72.46,5.57,182,Wallet,13,0,real_openml_creditcard_42397
603.94,81.99,1577,Wallet,18,0,synthetic
80.08,13.41,283,Prepaid,15,0,real_openml_creditcard_42397
402.08,19.84,650,COD,7,0,synthetic
673.64,45.26,1199,COD,22,0,synthetic
388.96,76.16,1314,Prepaid,10,0,synthetic
207.98,4.23,288,COD,23,0,real_openml_creditcard_42397
510.46,21.83,771,COD,22,0,synthetic
140.8,43.13,694,COD,20,0,synthetic
137.38,0.7,182,COD,21,0,real_openml_creditcard_42397
229.56,6.45,334,COD,10,0,real_openml_creditcard_42397
14.92,9.88,182,COD,9,0,real_openml_creditcard_42397
281.44,111.57,1642,Prepaid,15,0,synthetic
685.75,110.05,1988,Prepaid,11,0,synthetic
745.11,103.34,1961,Prepaid,15,0,synthetic
172.81,1.46,223,Prepaid,20,0,real_openml_creditcard_42397
38.2,9.47,198,Wallet,18,0,real_openml_creditcard_42397
397.64,56.16,1082,COD,10,0,synthetic
166.16,13.45,361,COD,7,0,real_openml_creditcard_42397
90.08,4.24,182,Prepaid,19,0,real_openml_creditcard_42397
406.23,45.74,964,Wallet,4,0,synthetic
18.29,9.63,182,Prepaid,23,0,real_openml_creditcard_42397
54.26,11.1,232,COD,8,0,real_openml_creditcard_42397
209.79,10.48,365,Prepaid,11,0,synthetic
126.89,2.82,198,COD,19,0,real_openml_creditcard_42397
106.69,3.58,189,Prepaid,19,0,real_openml_creditcard_42397
463.89,97.13,1633,Wallet,12,0,synthetic
102.6,10.72,271,Wallet,13,0,real_openml_creditcard_42397
685.92,82.93,1662,Prepaid,17,0,synthetic
78.55,7.36,209,COD,4,0,real_openml_creditcard_42397
82.04,4.85,182,COD,19,0,real_openml_creditcard_42397
423.23,42.86,945,Prepaid,6,1,synthetic
101.64,12.52,292,Wallet,13,0,synthetic
34.56,83.14,1079,Prepaid,0,0,synthetic
2.72,10.96,184,Wallet,21,0,real_openml_creditcard_42397
957.85,69.24,1743,Prepaid,17,0,real_openml_creditcard_42397
90.76,4.28,183,COD,22,0,real_openml_creditcard_42397
606.79,16.66,796,COD,11,0,real_openml_creditcard_42397
652.48,7.23,724,Prepaid,4,0,real_openml_creditcard_42397
216.0,56.55,923,Prepaid,12,0,real_openml_creditcard_42397
75.43,6.09,191,COD,21,0,real_openml_creditcard_42397
58.61,10.77,232,COD,15,0,real_openml_creditcard_42397
35.49,9.09,191,Wallet,20,0,real_openml_creditcard_42397
105.06,3.04,181,COD,17,0,real_openml_creditcard_42397
68.31,8.54,214,COD,11,0,real_openml_creditcard_42397
408.64,1.67,438,Prepaid,16,0,synthetic
208.19,101.37,1454,Wallet,23,0,synthetic
1811.59,51.71,2301,Prepaid,8,0,real_openml_creditcard_42397
128.95,1.58,185,Prepaid,16,0,real_openml_creditcard_42397
32.71,17.71,292,Wallet,19,0,real_openml_creditcard_42397
131.64,18.25,388,Prepaid,10,0,synthetic
713.66,80.14,1654,Wallet,17,0,synthetic
190.85,2.44,251,COD,23,0,real_openml_creditcard_42397
87.39,4.61,184,Wallet,22,0,real_openml_creditcard_42397
669.26,37.47,1102,COD,10,0,real_openml_creditcard_42397
26.28,30.03,434,COD,18,0,real_openml_creditcard_42397
570.32,60.42,1288,Prepaid,14,0,synthetic
144.66,89.49,1254,Wallet,21,0,synthetic
84.96,3.71,171,COD,5,0,synthetic
82.42,114.94,1503,Prepaid,4,0,synthetic
480.95,86.22,1517,Wallet,22,1,synthetic
666.18,119.2,2080,COD,16,0,synthetic
30.82,8.86,184,Prepaid,17,0,real_openml_creditcard_42397
313.38,18.42,553,COD,6,0,synthetic
182.66,1.47,232,COD,11,0,real_openml_creditcard_42397
603.11,68.38,1413,Prepaid,17,0,synthetic
770.06,94.94,1882,COD,18,0,synthetic
645.79,14.06,800,Prepaid,8,0,synthetic
80.6,67.68,935,Prepaid,7,0,synthetic
448.66,116.21,1848,Prepaid,22,0,synthetic
550.42,22.36,814,Wallet,20,0,synthetic
739.88,40.08,1197,COD,11,0,synthetic
791.88,49.65,1358,Wallet,3,0,synthetic
198.9,62.5,979,Prepaid,10,0,real_openml_creditcard_42397
462.3,1.52,484,COD,23,0,synthetic
112.35,3.16,189,COD,11,0,real_openml_creditcard_42397
599.18,84.07,1598,Wallet,0,0,synthetic
145.66,10.16,303,Wallet,6,0,real_openml_creditcard_42397
90.68,86.39,1168,Prepaid,5,0,synthetic
313.45,26.02,644,Wallet,0,0,synthetic
17.44,11.36,202,COD,9,0,real_openml_creditcard_42397
311.31,14.32,502,Wallet,19,0,real_openml_creditcard_42397
139.08,16.07,368,Prepaid,5,0,real_openml_creditcard_42397
550.83,50.1,1147,Wallet,20,0,synthetic
207.36,73.14,1114,Wallet,18,0,synthetic
99.49,51.79,761,Wallet,12,0,synthetic
79.21,23.13,399,COD,17,0,synthetic
759.89,3.68,778,Wallet,18,0,synthetic
528.08,111.54,1864,Prepaid,23,0,synthetic
40.23,43.57,609,Wallet,17,0,real_openml_creditcard_42397
608.25,10.54,724,COD,23,0,synthetic
27.71,18.34,295,Wallet,11,0,real_openml_creditcard_42397
473.01,34.22,886,Prepaid,5,0,synthetic
211.73,4.04,289,COD,8,0,real_openml_creditcard_42397
110.02,3.75,194,Prepaid,12,0,real_openml_creditcard_42397
96.75,3.91,184,COD,9,0,real_openml_creditcard_42397
165.69,19.24,430,COD,15,0,synthetic
115.8,40.62,642,COD,20,0,synthetic
257.38,18.36,502,Prepaid,14,0,real_openml_creditcard_42397
95.48,8.01,232,Prepaid,19,0,real_openml_creditcard_42397
403.04,35.67,841,Prepaid,9,0,synthetic
44.38,12.87,244,Wallet,6,0,synthetic
564.3,30.48,924,Wallet,12,0,synthetic
45.02,7.62,182,COD,22,0,real_openml_creditcard_42397
736.4,49.25,1304,Prepaid,23,0,synthetic
716.91,88.35,1755,Prepaid,8,0,synthetic
13.01,61.52,800,COD,2,0,synthetic
137.24,0.87,184,Prepaid,9,0,real_openml_creditcard_42397
470.31,110.82,1803,Wallet,4,0,synthetic
497.3,7.35,586,Prepaid,4,0,synthetic
682.75,93.52,1787,Prepaid,20,0,synthetic
629.16,118.27,2036,Prepaid,19,0,synthetic
718.71,42.6,1208,COD,11,0,synthetic
134.46,11.39,308,Wallet,6,0,synthetic
67.95,5.9,182,Prepaid,0,0,real_openml_creditcard_42397
454.68,77.78,1393,Prepaid,14,0,synthetic
167.74,20.59,448,Wallet,0,0,synthetic
204.13,23.34,514,Prepaid,10,0,synthetic
54.79,6.97,183,COD,10,0,real_openml_creditcard_42397
382.63,104.99,1654,COD,19,0,synthetic
402.73,45.37,957,Prepaid,10,0,synthetic
785.03,80.81,1726,Wallet,13,0,synthetic
145.69,0.57,188,COD,17,0,real_openml_creditcard_42397
79.05,5.32,185,Prepaid,20,0,real_openml_creditcard_42397
12.08,11.51,199,COD,19,0,real_openml_creditcard_42397
213.06,39.84,720,COD,7,0,synthetic
19.19,22.56,338,COD,16,0,real_openml_creditcard_42397
356.23,93.52,1493,Prepaid,15,0,synthetic
712.4,45.6,1238,COD,13,0,synthetic
68.5,6.2,186,COD,14,0,real_openml_creditcard_42397
304.15,50.09,925,Wallet,11,0,synthetic
59.28,7.89,198,Wallet,13,0,real_openml_creditcard_42397
131.9,42.28,676,Wallet,4,0,synthetic
62.49,17.48,316,Wallet,13,0,real_openml_creditcard_42397
1.67,12.79,205,Prepaid,15,0,real_openml_creditcard_42397
40.92,20.26,330,Prepaid,18,0,real_openml_creditcard_42397
672.19,33.5,1057,COD,16,0,synthetic
599.39,108.75,1894,Wallet,16,0,synthetic
150.14,3.32,225,Prepaid,8,0,real_openml_creditcard_42397
294.54,24.16,605,Prepaid,17,0,real_openml_creditcard_42397
13.72,10.55,189,Prepaid,22,0,real_openml_creditcard_42397
47.11,14.13,262,Prepaid,11,0,real_openml_creditcard_42397
389.29,12.28,548,COD,9,0,synthetic
65.46,39.17,579,COD,0,1,synthetic
319.93,102.51,1568,Prepaid,15,1,synthetic
133.44,2.16,196,Wallet,8,0,real_openml_creditcard_42397
37.88,8.24,183,Wallet,23,0,real_openml_creditcard_42397
747.2,24.22,1013,Prepaid,20,0,synthetic
357.05,107.9,1666,Prepaid,15,0,synthetic
458.62,106.57,1742,Prepaid,6,0,synthetic
155.23,71.67,1050,COD,0,0,synthetic
92.58,7.14,219,Prepaid,17,0,real_openml_creditcard_42397
53.11,3.06,135,Prepaid,5,0,synthetic
96.3,77.16,1063,Wallet,19,0,synthetic
9.31,73.12,936,Wallet,8,0,synthetic
471.5,112.02,1819,Prepaid,13,0,synthetic
29.89,1.15,91,COD,3,0,synthetic
604.31,22.09,859,COD,15,0,real_openml_creditcard_42397
2221.83,6.2,2124,COD,11,0,real_openml_creditcard_42397
155.32,1.85,212,Wallet,16,0,real_openml_creditcard_42397
17.78,39.16,536,Prepaid,13,0,synthetic
407.94,34.65,833,Wallet,4,0,synthetic
385.25,21.12,650,Prepaid,21,1,synthetic
593.1,64.02,1352,COD,7,1,synthetic
262.05,114.41,1659,Wallet,15,0,synthetic
38.36,13.96,252,COD,23,0,real_openml_creditcard_42397
83.07,10.52,251,Prepaid,11,0,real_openml_creditcard_42397
78.51,9.44,234,COD,19,0,real_openml_creditcard_42397
6.4,12.77,209,Prepaid,4,0,real_openml_creditcard_42397
57.75,6.67,182,COD,15,0,real_openml_creditcard_42397
115.1,106.15,1427,Prepaid,8,0,synthetic
72.72,11.3,251,Wallet,14,0,real_openml_creditcard_42397
317.92,27.16,662,COD,1,0,synthetic
58.93,16.66,303,COD,0,0,real_openml_creditcard_42397
55.84,6.9,183,COD,6,0,real_openml_creditcard_42397
342.52,37.27,806,Wallet,7,0,synthetic
182.6,2.6,246,Prepaid,11,0,synthetic
48.6,9.94,213,Wallet,21,0,real_openml_creditcard_42397
157.78,9.89,311,Wallet,3,0,synthetic
1.14,104.64,1307,COD,9,0,synthetic
731.18,98.39,1889,COD,10,0,synthetic
92.27,4.08,182,COD,10,0,real_openml_creditcard_42397
129.44,40.96,658,Wallet,15,0,real_openml_creditcard_42397
766.72,108.42,2041,Prepaid,9,0,synthetic
637.82,8.2,722,Wallet,23,0,synthetic
167.6,1.26,216,Wallet,23,0,real_openml_creditcard_42397
85.43,7.93,222,Wallet,16,0,real_openml_creditcard_42397
766.86,23.14,1018,Wallet,4,0,synthetic
157.27,117.35,1600,Wallet,23,0,synthetic
232.35,52.12,885,COD,14,0,synthetic
293.25,24.32,606,Wallet,18,0,synthetic
191.57,4.05,271,Wallet,15,0,real_openml_creditcard_42397
394.07,35.36,829,COD,4,0,synthetic
216.47,69.79,1082,COD,5,0,synthetic
115.92,4.14,204,Prepaid,12,0,real_openml_creditcard_42397
483.97,46.21,1040,Prepaid,14,0,synthetic
116.71,2.16,181,Wallet,20,0,real_openml_creditcard_42397
508.3,24.64,803,Prepaid,7,0,synthetic
716.67,10.84,825,Wallet,6,0,synthetic
276.16,6.76,380,Prepaid,14,0,synthetic
170.25,15.73,392,Prepaid,6,0,real_openml_creditcard_42397
296.34,7.23,404,COD,23,0,synthetic
76.8,16.16,313,Wallet,11,0,real_openml_creditcard_42397
121.56,4.88,218,COD,16,0,real_openml_creditcard_42397
68.87,13.5,274,Prepaid,21,0,real_openml_creditcard_42397
186.79,43.08,735,Prepaid,3,0,synthetic
227.65,21.68,515,Wallet,10,0,real_openml_creditcard_42397
146.84,2.82,216,Prepaid,10,0,real_openml_creditcard_42397
206.12,116.39,1632,Wallet,0,0,synthetic
333.88,107.05,1635,COD,18,0,synthetic
728.62,93.01,1822,Prepaid,15,1,synthetic
496.99,107.24,1784,COD,10,0,synthetic
141.51,5.39,242,COD,9,0,real_openml_creditcard_42397
28.73,17.18,282,COD,13,0,real_openml_creditcard_42397
542.42,75.73,1447,Prepaid,1,0,synthetic
431.47,109.93,1757,Wallet,23,0,synthetic
771.76,39.73,1221,Wallet,0,0,synthetic
623.08,89.23,1682,COD,5,0,synthetic
748.69,41.17,1218,Wallet,4,0,synthetic
119.8,5.6,225,Prepaid,8,0,real_openml_creditcard_42397
554.52,3.49,591,COD,5,0,synthetic
555.99,11.54,689,COD,18,0,synthetic
56.88,6.65,181,COD,18,0,real_openml_creditcard_42397
21.27,18.15,287,Wallet,8,0,real_openml_creditcard_42397
66.08,10.46,235,Wallet,14,0,real_openml_creditcard_42397
320.25,90.68,1426,COD,10,0,synthetic
662.03,45.72,1194,Prepaid,8,1,synthetic
232.57,8.97,367,COD,11,0,real_openml_creditcard_42397
40.81,7.94,182,Prepaid,21,0,real_openml_creditcard_42397
504.06,81.56,1482,COD,15,0,synthetic
6.63,38.25,515,Prepaid,11,0,real_openml_creditcard_42397
122.64,4.39,213,COD,20,0,real_openml_creditcard_42397
768.64,116.79,2143,Prepaid,20,0,synthetic
600.07,74.2,1480,Wallet,6,0,synthetic
244.72,66.15,1064,COD,15,0,real_openml_creditcard_42397
685.25,49.17,1257,COD,15,0,synthetic
707.69,106.45,1964,Wallet,4,0,synthetic
1256.77,9.49,1295,Prepaid,17,0,real_openml_creditcard_42397
19.24,11.72,208,COD,7,0,real_openml_creditcard_42397
225.72,79.38,1206,COD,16,0,synthetic
83.53,5.24,188,Prepaid,13,0,real_openml_creditcard_42397
98.4,3.79,184,COD,15,0,real_openml_creditcard_42397
159.5,0.62,201,Wallet,22,0,real_openml_creditcard_42397
184.71,4.98,276,COD,13,0,real_openml_creditcard_42397
679.93,61.58,1401,Prepaid,6,0,synthetic
436.71,17.6,654,Prepaid,14,0,synthetic
187.95,11.82,361,Wallet,20,0,real_openml_creditcard_42397
197.7,0.51,234,COD,6,0,real_openml_creditcard_42397
90.06,5.33,195,Wallet,2,0,real_openml_creditcard_42397
774.78,67.23,1554,COD,22,0,synthetic
753.26,56.24,1403,COD,12,0,synthetic
732.14,23.61,992,Wallet,11,0,synthetic
112.47,40.76,640,COD,19,0,synthetic
383.34,4.0,443,Prepaid,23,0,real_openml_creditcard_42397
194.92,63.19,984,Prepaid,4,1,synthetic
722.35,101.92,1923,Prepaid,22,0,synthetic
379.79,117.27,1799,Wallet,2,0,synthetic
675.01,46.97,1221,COD,9,0,synthetic
113.68,5.64,220,Wallet,12,0,real_openml_creditcard_42397
21.99,9.77,187,COD,16,0,real_openml_creditcard_42397
109.68,87.64,1200,Prepaid,14,0,synthetic
678.31,50.59,1268,Prepaid,21,0,synthetic
787.42,44.09,1288,Prepaid,17,0,synthetic
221.88,53.13,887,Prepaid,4,0,synthetic
70.39,6.3,189,Prepaid,18,0,real_openml_creditcard_42397
619.76,75.89,1519,Wallet,9,0,synthetic
289.03,116.92,1713,COD,21,0,synthetic
12.57,18.22,280,Wallet,0,0,real_openml_creditcard_42397
746.05,77.7,1654,Wallet,22,0,synthetic
780.07,89.31,1824,Wallet,19,0,synthetic
130.63,1.54,186,Prepaid,16,0,real_openml_creditcard_42397
340.38,18.8,582,COD,7,0,synthetic
625.77,23.92,900,COD,9,0,synthetic
189.75,72.28,1088,Wallet,19,0,synthetic
419.8,90.59,1515,Prepaid,19,0,synthetic
485.53,105.18,1749,COD,23,0,synthetic
737.97,18.25,933,Wallet,18,0,synthetic
144.97,5.21,243,Prepaid,11,0,real_openml_creditcard_42397
469.54,94.66,1609,COD,4,0,synthetic
270.55,3.88,340,COD,3,0,synthetic
91.28,4.4,185,Wallet,14,0,real_openml_creditcard_42397
53.32,59.99,818,Wallet,8,1,synthetic
378.62,0.85,401,Prepaid,6,0,real_openml_creditcard_42397
544.08,94.94,1679,COD,22,0,synthetic
157.94,76.95,1116,Wallet,5,0,synthetic
123.73,1.72,182,Wallet,21,0,real_openml_creditcard_42397
44.78,7.81,184,Wallet,18,0,real_openml_creditcard_42397
138.43,1.87,197,COD,19,0,real_openml_creditcard_42397
34.57,74.32,973,Wallet,16,0,synthetic
785.49,89.95,1836,Wallet,21,0,synthetic
355.35,27.03,694,Prepaid,10,0,synthetic
608.16,96.85,1759,Prepaid,17,1,synthetic
202.38,63.01,988,COD,4,0,synthetic
139.47,8.37,276,Wallet,22,0,real_openml_creditcard_42397
243.45,16.3,465,Wallet,6,0,synthetic
88.49,72.74,1003,COD,13,0,synthetic
64.11,74.77,1005,Prepaid,17,0,synthetic
56.86,15.07,282,COD,16,0,real_openml_creditcard_42397
571.66,52.86,1199,Wallet,11,0,synthetic
94.29,7.68,227,Wallet,14,0,real_openml_creditcard_42397
218.94,104.74,1504,Wallet,19,0,synthetic
666.25,19.48,883,Wallet,9,0,synthetic
27.2,81.65,1054,Prepaid,6,0,synthetic
650.91,37.29,1083,Wallet,12,0,synthetic
167.66,11.84,343,Wallet,9,0,real_openml_creditcard_42397
33.48,9.66,196,Wallet,0,0,real_openml_creditcard_42397
499.42,75.08,1400,COD,9,0,synthetic
28.46,8.87,182,COD,14,0,real_openml_creditcard_42397
611.0,53.95,1247,Wallet,9,0,synthetic
6.92,103.95,1304,Prepaid,20,0,synthetic
256.73,57.71,974,Wallet,11,0,synthetic
358.36,93.87,1499,COD,22,0,synthetic
630.57,48.06,1194,Wallet,13,0,synthetic
52.15,7.09,182,Wallet,0,0,real_openml_creditcard_42397
23.15,10.93,202,COD,19,0,real_openml_creditcard_42397
458.15,43.72,987,COD,19,0,real_openml_creditcard_42397
164.57,65.9,989,Wallet,8,0,synthetic
703.66,66.91,1486,Prepaid,16,0,synthetic
627.94,106.28,1891,Wallet,9,0,synthetic
291.17,2.66,344,Wallet,10,0,real_openml_creditcard_42397
268.24,18.76,517,COD,19,0,synthetic
199.55,98.22,1408,Prepaid,15,0,synthetic
705.37,108.08,1982,COD,6,0,synthetic
173.0,1.03,218,COD,20,0,real_openml_creditcard_42397
471.19,68.58,1297,COD,10,0,synthetic
158.39,107.59,1484,Wallet,4,0,synthetic
579.58,14.39,744,Prepaid,6,0,synthetic
587.83,26.17,893,Wallet,7,0,synthetic
340.85,55.6,1024,COD,16,0,synthetic
71.59,13.21,273,Prepaid,23,0,real_openml_creditcard_42397
621.61,1.33,625,Prepaid,1,0,synthetic
634.6,88.11,1678,Prepaid,0,0,synthetic
117.02,2.47,185,Wallet,22,0,real_openml_creditcard_42397
614.01,76.81,1524,COD,18,0,synthetic
12.82,12.04,206,Wallet,17,0,real_openml_creditcard_42397
300.55,60.27,1044,Wallet,23,0,synthetic
12.02,17.51,271,Prepaid,16,0,real_openml_creditcard_42397
706.81,97.2,1853,COD,14,0,synthetic
85.18,42.12,632,Prepaid,6,0,synthetic
94.75,109.22,1446,Wallet,0,0,synthetic
70.78,5.69,182,Wallet,14,0,real_openml_creditcard_42397
134.41,76.78,1092,COD,9,0,synthetic
36.27,50.16,685,Wallet,11,0,synthetic
77.87,70.15,962,COD,4,0,synthetic
50.69,90.53,1182,Wallet,16,0,real_openml_creditcard_42397
74.94,10.13,239,Wallet,12,0,real_openml_creditcard_42397
172.45,49.32,797,Wallet,23,0,synthetic
712.77,89.04,1760,Prepaid,20,0,synthetic
329.65,68.47,1168,Prepaid,13,0,synthetic
580.78,0.58,580,Prepaid,0,0,synthetic
661.6,14.08,814,COD,0,0,synthetic
583.65,49.98,1175,COD,5,0,synthetic
577.33,88.86,1636,Wallet,7,0,synthetic
639.52,89.85,1704,Wallet,20,0,synthetic
197.4,46.25,783,Prepaid,1,0,synthetic
44.17,98.8,1275,Prepaid,5,0,synthetic
352.84,48.62,951,COD,13,0,real_openml_creditcard_42397
151.31,1.23,201,COD,11,0,real_openml_creditcard_42397
79.9,6.67,202,Prepaid,8,0,real_openml_creditcard_42397
484.53,83.91,1493,Wallet,13,0,real_openml_creditcard_42397
441.72,36.89,890,Wallet,22,0,synthetic
463.06,82.9,1462,Wallet,18,0,synthetic
133.39,62.74,923,COD,9,0,synthetic
98.53,51.78,760,Prepaid,18,0,real_openml_creditcard_42397
262.7,9.13,396,Wallet,12,0,real_openml_creditcard_42397
156.52,56.27,866,COD,11,0,synthetic
4.19,10.85,184,Prepaid,16,0,real_openml_creditcard_42397
79.1,60.15,843,Prepaid,15,0,synthetic
264.98,23.12,566,Prepaid,20,0,synthetic
170.74,2.94,239,Prepaid,11,0,real_openml_creditcard_42397
268.86,51.74,913,Prepaid,3,0,synthetic
250.99,104.07,1525,Wallet,23,0,synthetic
290.83,6.77,393,Wallet,10,0,real_openml_creditcard_42397
227.05,8.8,360,Prepaid,9,0,real_openml_creditcard_42397
130.13,1.41,184,COD,12,0,real_openml_creditcard_42397
468.87,95.24,1615,Prepaid,22,0,synthetic
54.68,21.4,356,Wallet,20,0,real_openml_creditcard_42397
214.18,101.0,1455,Wallet,4,0,synthetic
175.96,6.72,289,COD,16,0,real_openml_creditcard_42397
43.57,75.2,992,Wallet,17,0,synthetic
143.98,4.53,234,Prepaid,9,0,real_openml_creditcard_42397
687.74,95.92,1820,COD,16,0,synthetic
763.03,28.82,1083,Wallet,2,0,synthetic
199.93,17.42,439,Wallet,11,0,real_openml_creditcard_42397
576.19,57.62,1260,Wallet,16,0,synthetic
766.72,35.16,1162,Prepaid,3,0,synthetic
30.28,103.31,1317,Wallet,8,0,synthetic
319.34,66.95,1141,Prepaid,15,0,synthetic
404.44,21.0,666,COD,11,0,real_openml_creditcard_42397
261.45,4.81,343,Wallet,21,0,real_openml_creditcard_42397
635.35,109.42,1935,COD,10,0,synthetic
469.57,63.29,1232,Wallet,6,0,synthetic
28.41,59.45,789,Prepaid,12,0,real_openml_creditcard_42397
328.82,41.94,849,COD,8,0,synthetic
63.95,75.68,1016,COD,11,0,synthetic
701.1,91.61,1780,Wallet,6,0,synthetic
615.45,32.67,996,Prepaid,11,0,real_openml_creditcard_42397
520.71,13.45,680,Wallet,7,0,synthetic
853.92,22.37,1087,Wallet,11,0,real_openml_creditcard_42397
139.14,18.23,394,Prepaid,14,0,real_openml_creditcard_42397
331.43,35.16,770,COD,17,0,synthetic
124.06,2.28,189,Wallet,0,0,real_openml_creditcard_42397
688.98,18.69,894,Prepaid,12,0,synthetic
663.76,32.78,1041,Wallet,4,0,synthetic
311.95,106.44,1608,Wallet,12,0,synthetic
65.33,103.33,1349,Prepaid,18,0,synthetic
420.45,38.66,892,COD,20,0,synthetic
525.6,4.16,573,Prepaid,22,0,synthetic
366.17,7.54,470,COD,0,0,real_openml_creditcard_42397
222.28,70.88,1101,COD,7,0,synthetic
304.81,52.04,949,Wallet,7,0,synthetic
70.63,13.12,271,Prepaid,11,0,real_openml_creditcard_42397
20.58,10.37,193,Prepaid,18,0,real_openml_creditcard_42397
587.06,6.12,652,Wallet,21,0,synthetic
118.0,7.98,252,Wallet,12,0,real_openml_creditcard_42397
99.4,3.55,182,Prepaid,7,0,real_openml_creditcard_42397
29.04,13.49,238,Prepaid,23,0,real_openml_creditcard_42397
24.51,10.0,192,COD,16,0,real_openml_creditcard_42397
100.28,3.48,182,Prepaid,12,0,real_openml_creditcard_42397
783.82,115.73,2144,COD,23,0,synthetic
778.21,99.77,1948,COD,18,0,synthetic
50.64,114.82,1473,COD,23,0,synthetic
162.96,89.68,1273,COD,4,0,synthetic
702.95,54.12,1332,Wallet,17,0,synthetic
56.27,6.78,182,Prepaid,0,0,real_openml_creditcard_42397
745.25,43.04,1237,Wallet,5,0,synthetic
408.63,11.94,561,COD,9,0,real_openml_creditcard_42397
532.54,32.49,919,Prepaid,0,0,synthetic
138.56,91.81,1276,COD,16,0,synthetic
529.95,97.71,1699,Wallet,11,0,synthetic
755.1,99.83,1928,COD,5,0,synthetic
3.43,36.37,489,Prepaid,17,0,synthetic
248.41,30.64,641,COD,9,0,synthetic
86.99,4.48,182,COD,22,0,real_openml_creditcard_42397
442.66,64.99,1228,Prepaid,1,0,synthetic
312.82,3.37,372,Prepaid,15,0,real_openml_creditcard_42397
38.4,64.96,864,Wallet,18,0,synthetic
442.58,20.36,693,Prepaid,10,0,synthetic
749.74,4.07,774,Wallet,9,0,synthetic
113.92,16.62,352,Wallet,16,0,real_openml_creditcard_42397
104.6,17.32,352,Wallet,12,0,real_openml_creditcard_42397
105.37,10.35,269,COD,9,0,real_openml_creditcard_42397
312.72,64.51,1106,COD,3,0,synthetic
324.57,40.81,832,Prepaid,7,0,synthetic
218.86,72.19,1113,COD,5,0,synthetic
149.53,52.2,811,Prepaid,18,0,real_openml_creditcard_42397
285.69,8.94,414,COD,16,0,synthetic
752.46,58.4,1428,COD,16,0,synthetic
672.52,13.08,812,COD,18,0,synthetic
97.28,11.12,271,Wallet,17,0,real_openml_creditcard_42397
560.76,35.88,985,COD,18,0,synthetic
83.41,18.39,346,Prepaid,21,0,synthetic
56.93,20.89,352,Prepaid,6,0,synthetic
548.18,87.28,1591,Wallet,22,0,synthetic
172.76,4.38,258,Wallet,19,0,real_openml_creditcard_42397
559.65,3.62,597,COD,18,0,synthetic
587.48,99.38,1771,Prepaid,9,0,synthetic
535.36,1.1,545,COD,13,0,synthetic
74.59,6.41,194,Prepaid,20,0,real_openml_creditcard_42397
443.65,75.9,1360,COD,23,0,synthetic
577.1,24.35,862,Prepaid,16,0,synthetic
204.81,86.02,1267,Wallet,18,0,synthetic
277.72,96.51,1458,Prepaid,18,0,synthetic
206.42,20.2,478,COD,8,0,synthetic
492.41,78.25,1432,Wallet,22,0,synthetic
58.76,6.76,184,Prepaid,13,0,real_openml_creditcard_42397
333.8,77.65,1282,COD,10,0,synthetic
379.04,76.36,1307,COD,7,0,synthetic
536.71,112.66,1885,Wallet,17,0,synthetic
771.98,99.43,1938,Prepaid,8,0,synthetic
142.9,0.53,185,Prepaid,22,0,real_openml_creditcard_42397
441.9,10.61,575,COD,7,0,real_openml_creditcard_42397
116.72,40.77,644,COD,7,0,synthetic
132.22,1.0,181,Prepaid,12,0,real_openml_creditcard_42397
276.52,50.84,909,COD,17,0,synthetic
7.0,40.67,544,Wallet,10,0,synthetic
305.1,83.94,1332,COD,5,0,synthetic
118.97,3.74,202,Wallet,5,0,real_openml_creditcard_42397
727.6,82.72,1698,COD,20,0,synthetic
9.27,11.55,197,COD,14,0,real_openml_creditcard_42397
58.1,7.64,194,Prepaid,20,0,real_openml_creditcard_42397
207.23,43.34,757,COD,18,0,synthetic
442.49,5.5,514,Prepaid,15,0,synthetic
345.74,36.62,801,Wallet,17,1,synthetic
94.41,6.0,207,COD,11,0,real_openml_creditcard_42397
536.66,2.6,564,Wallet,0,0,synthetic
684.66,22.92,941,Prepaid,22,0,synthetic
13.02,65.84,852,COD,18,0,synthetic
427.75,76.51,1353,Prepaid,14,0,synthetic
129.2,99.41,1359,Prepaid,2,0,synthetic
393.63,105.57,1671,Wallet,6,0,synthetic
137.54,1.68,194,Wallet,20,0,real_openml_creditcard_42397
26.75,86.69,1114,Prepaid,22,0,synthetic
713.25,51.51,1310,Prepaid,16,0,synthetic
373.0,20.11,627,Wallet,19,1,synthetic
507.73,65.47,1293,Prepaid,15,0,synthetic
670.59,50.64,1261,COD,16,0,synthetic
253.46,6.32,354,Wallet,20,0,real_openml_creditcard_42397
200.61,52.7,863,Wallet,1,0,synthetic
95.43,13.34,296,COD,1,0,real_openml_creditcard_42397
732.66,66.3,1505,COD,6,0,synthetic
379.01,27.11,716,COD,1,0,synthetic
168.36,77.95,1137,Wallet,15,0,synthetic
22.44,31.48,448,COD,12,0,real_openml_creditcard_42397
91.09,6.17,206,COD,18,0,real_openml_creditcard_42397
670.68,98.15,1831,Prepaid,17,0,synthetic
135.95,10.21,295,Prepaid,0,0,synthetic
129.39,21.03,419,Wallet,16,0,synthetic
57.33,10.12,223,Wallet,11,0,real_openml_creditcard_42397
41.71,7.87,182,COD,8,0,real_openml_creditcard_42397
199.3,9.64,345,Prepaid,16,0,real_openml_creditcard_42397
165.26,5.69,267,Prepaid,15,0,real_openml_creditcard_42397
360.91,14.93,554,Wallet,21,0,real_openml_creditcard_42397
333.47,7.07,435,Prepaid,19,0,real_openml_creditcard_42397
223.2,6.59,330,Prepaid,14,0,real_openml_creditcard_42397
293.62,10.07,435,Prepaid,1,0,synthetic
192.01,1.6,242,COD,23,0,real_openml_creditcard_42397
400.16,62.99,1166,Wallet,1,0,synthetic
60.32,118.49,1526,Prepaid,2,0,synthetic
478.88,6.06,554,Wallet,15,0,synthetic
333.58,34.49,764,Wallet,16,0,synthetic
129.58,1.28,182,Wallet,10,0,real_openml_creditcard_42397
534.53,114.49,1905,Prepaid,23,0,synthetic
264.12,23.26,567,Prepaid,23,0,synthetic
21.21,33.7,474,Prepaid,15,0,synthetic
596.1,50.94,1198,COD,2,0,synthetic
17.84,13.08,223,Wallet,10,0,real_openml_creditcard_42397
71.24,28.16,452,Wallet,21,0,real_openml_creditcard_42397
344.07,34.96,779,COD,17,1,synthetic
37.63,9.51,198,COD,20,0,real_openml_creditcard_42397
62.46,8.98,214,Prepaid,23,0,real_openml_creditcard_42397
250.6,21.8,537,COD,6,0,synthetic
140.41,98.13,1354,COD,20,0,synthetic
120.53,11.81,300,COD,9,0,synthetic
134.95,2.21,198,Prepaid,8,0,real_openml_creditcard_42397
177.09,1.63,229,Prepaid,23,0,real_openml_creditcard_42397
729.36,51.21,1321,COD,6,0,synthetic
32.25,11.5,217,Wallet,11,0,real_openml_creditcard_42397
28.12,11.14,209,Wallet,12,0,real_openml_creditcard_42397
179.55,8.2,310,Prepaid,13,0,real_openml_creditcard_42397
119.74,2.19,184,Prepaid,5,0,real_openml_creditcard_42397
125.9,2.22,190,Wallet,18,0,real_openml_creditcard_42397
732.68,94.25,1840,Prepaid,10,0,synthetic
244.63,15.9,461,COD,9,0,real_openml_creditcard_42397
340.97,19.21,587,COD,2,0,synthetic
726.6,9.19,814,Wallet,14,0,synthetic
231.42,64.27,1029,Prepaid,23,0,synthetic
156.11,0.79,200,COD,5,0,real_openml_creditcard_42397
314.75,55.04,994,COD,22,0,synthetic
18.65,9.77,184,Prepaid,5,0,real_openml_creditcard_42397
356.58,23.12,648,COD,18,0,synthetic
149.47,1.46,202,COD,16,0,real_openml_creditcard_42397
70.68,19.2,344,Prepaid,10,0,real_openml_creditcard_42397
270.3,56.13,967,Prepaid,11,0,synthetic
337.68,94.22,1484,Prepaid,1,1,synthetic
397.55,114.92,1787,COD,7,0,synthetic
118.57,2.11,182,Prepaid,17,0,real_openml_creditcard_42397
146.31,18.86,408,Wallet,23,0,real_openml_creditcard_42397
355.17,40.03,850,COD,7,0,synthetic
106.41,46.45,703,Prepaid,4,0,synthetic
388.4,108.23,1698,Wallet,12,0,synthetic
152.21,3.75,232,Wallet,18,0,real_openml_creditcard_42397
123.11,84.9,1180,Wallet,8,0,synthetic
302.0,18.1,539,COD,23,0,real_openml_creditcard_42397
109.51,7.87,243,Prepaid,8,0,real_openml_creditcard_42397
263.2,92.06,1392,Prepaid,20,0,synthetic
743.99,103.48,1961,Wallet,12,0,synthetic
722.02,38.92,1167,Wallet,17,0,synthetic
667.85,29.7,1007,Prepaid,20,0,synthetic
11.6,99.87,1259,Prepaid,9,0,synthetic
151.66,86.48,1224,COD,7,0,synthetic
128.23,7.97,261,Wallet,15,0,real_openml_creditcard_42397
105.83,76.78,1067,COD,14,0,synthetic
139.49,105.35,1440,COD,12,0,synthetic
377.59,86.6,1429,Wallet,12,1,synthetic
81.75,31.45,501,COD,0,0,real_openml_creditcard_42397
142.11,68.01,994,COD,8,0,real_openml_creditcard_42397
660.54,43.97,1172,Prepaid,10,0,synthetic
305.75,40.45,811,COD,2,0,synthetic
234.54,8.33,361,Wallet,16,0,real_openml_creditcard_42397
357.07,21.47,629,Prepaid,9,0,real_openml_creditcard_42397
164.82,86.35,1235,Wallet,21,0,synthetic
47.56,11.27,228,Prepaid,17,0,real_openml_creditcard_42397
1283.33,28.75,1550,Wallet,13,0,real_openml_creditcard_42397
112.67,2.72,184,COD,14,0,real_openml_creditcard_42397
529.8,60.85,1257,Wallet,3,0,synthetic
329.43,74.49,1240,Wallet,6,0,synthetic
562.96,93.79,1682,Prepaid,13,0,synthetic
746.22,41.12,1215,Prepaid,19,0,synthetic
656.12,35.78,1070,COD,7,0,synthetic
8.63,114.09,1427,Prepaid,8,0,synthetic
212.05,71.55,1099,Wallet,15,0,synthetic
509.98,24.41,802,COD,16,0,synthetic
115.49,13.34,314,Prepaid,20,0,real_openml_creditcard_42397
310.72,46.12,883,Wallet,1,0,synthetic
616.6,45.73,1154,Wallet,1,0,synthetic
6.51,77.43,985,Wallet,13,0,synthetic
654.69,25.83,949,Prepaid,10,0,synthetic
150.37,10.89,316,Wallet,18,0,real_openml_creditcard_42397
224.75,48.6,835,Prepaid,17,0,synthetic
309.78,118.28,1748,Wallet,0,0,synthetic
333.77,4.08,399,Wallet,8,0,synthetic
735.91,102.98,1948,Prepaid,8,0,synthetic
88.64,6.44,207,Wallet,15,0,real_openml_creditcard_42397
66.7,8.66,214,Wallet,22,0,real_openml_creditcard_42397
639.84,58.54,1328,COD,9,0,synthetic
1.99,119.63,1487,Prepaid,23,0,synthetic
49.75,7.35,183,Prepaid,17,0,real_openml_creditcard_42397
90.19,4.32,183,Wallet,20,0,real_openml_creditcard_42397
331.69,34.79,766,Wallet,10,0,synthetic
103.23,31.29,518,Wallet,18,0,synthetic
120.42,34.13,568,COD,9,0,real_openml_creditcard_42397
697.5,55.7,1346,Wallet,8,0,synthetic
771.79,59.85,1463,COD,7,0,synthetic
233.43,10.24,383,Wallet,11,0,real_openml_creditcard_42397
194.91,11.22,360,Prepaid,11,0,real_openml_creditcard_42397
94.0,5.87,205,COD,18,0,real_openml_creditcard_42397
315.99,2.07,359,COD,16,0,synthetic
138.26,4.88,233,Prepaid,7,0,real_openml_creditcard_42397
438.24,83.71,1449,COD,6,0,synthetic
305.11,47.82,898,COD,21,0,synthetic
20.78,9.61,184,Wallet,9,0,real_openml_creditcard_42397
140.03,1.16,190,Prepaid,17,0,real_openml_creditcard_42397
89.71,5.36,195,COD,8,0,real_openml_creditcard_42397
168.13,2.47,231,COD,12,0,real_openml_creditcard_42397
799.68,49.52,1364,Prepaid,12,0,synthetic
719.26,35.44,1123,COD,1,0,synthetic
753.83,33.82,1134,Wallet,12,0,synthetic
68.42,6.29,187,COD,18,0,real_openml_creditcard_42397
511.78,40.8,1000,Prepaid,18,0,synthetic
151.02,100.56,1393,Wallet,1,0,synthetic
146.93,13.56,345,Prepaid,9,0,real_openml_creditcard_42397
785.87,5.98,829,Wallet,8,0,real_openml_creditcard_42397
261.6,36.68,726,Prepaid,12,0,synthetic
473.71,119.8,1914,COD,11,0,synthetic
351.54,108.1,1664,Wallet,18,0,synthetic
557.37,33.02,948,Prepaid,7,0,synthetic
99.91,94.32,1272,Prepaid,15,0,synthetic
171.41,42.89,719,Wallet,17,0,real_openml_creditcard_42397
271.29,81.54,1273,Prepaid,15,0,synthetic
269.75,1.44,310,COD,11,0,real_openml_creditcard_42397
622.59,107.35,1898,Prepaid,8,0,synthetic
93.61,3.98,182,Wallet,21,0,real_openml_creditcard_42397
318.42,73.66,1220,COD,10,0,synthetic
195.78,2.58,257,Prepaid,21,0,synthetic
70.88,6.1,187,Prepaid,18,0,real_openml_creditcard_42397
525.69,99.68,1719,Prepaid,23,0,synthetic
155.47,12.59,341,Wallet,22,0,real_openml_creditcard_42397
544.31,39.87,1018,COD,22,0,synthetic
790.15,18.02,977,COD,7,0,synthetic
370.54,93.77,1509,COD,7,0,synthetic
286.84,27.24,635,Wallet,10,0,synthetic
305.59,86.87,1367,Prepaid,16,0,synthetic
59.98,6.5,182,COD,11,0,real_openml_creditcard_42397
99.35,3.38,180,Prepaid,20,0,real_openml_creditcard_42397
265.84,112.98,1645,Prepaid,12,0,synthetic
747.25,48.64,1306,Wallet,14,0,synthetic
586.25,78.22,1516,COD,17,0,synthetic
544.07,17.35,748,Prepaid,4,0,synthetic
68.2,8.55,214,COD,5,0,real_openml_creditcard_42397
104.54,4.49,198,COD,5,0,real_openml_creditcard_42397
503.99,46.98,1067,Wallet,3,1,synthetic
155.39,9.35,302,COD,13,0,real_openml_creditcard_42397
92.94,12.28,281,Prepaid,10,0,real_openml_creditcard_42397
554.2,50.84,1159,Wallet,5,0,synthetic
13.39,9.83,180,Wallet,9,0,real_openml_creditcard_42397
61.26,85.44,1130,COD,2,0,synthetic
21.79,9.37,182,Wallet,20,0,real_openml_creditcard_42397
710.53,30.49,1055,Prepaid,20,0,synthetic
141.48,2.06,202,COD,3,0,real_openml_creditcard_42397
455.89,3.23,499,COD,21,0,real_openml_creditcard_42397
30.62,8.7,182,Prepaid,15,0,real_openml_creditcard_42397
543.36,115.97,1931,Prepaid,6,0,synthetic
14.93,71.84,926,COD,9,0,synthetic
19.98,7.23,155,Wallet,13,0,synthetic
19.22,115.05,1448,Prepaid,10,0,synthetic
120.55,2.04,183,COD,7,0,real_openml_creditcard_42397
142.37,7.16,264,Prepaid,15,0,real_openml_creditcard_42397
314.3,81.69,1313,Prepaid,2,0,synthetic
54.34,6.92,182,Wallet,13,0,real_openml_creditcard_42397
677.62,45.77,1209,Wallet,1,0,synthetic
8.67,10.35,182,Wallet,19,0,real_openml_creditcard_42397
408.24,75.11,1319,Wallet,19,1,synthetic
122.28,5.0,220,Prepaid,21,0,real_openml_creditcard_42397
33.36,11.33,216,COD,19,0,real_openml_creditcard_42397
224.35,4.79,309,Wallet,2,0,synthetic
42.07,7.84,182,COD,16,0,real_openml_creditcard_42397
239.68,33.42,667,Wallet,14,0,synthetic
390.73,107.15,1687,Prepaid,18,0,synthetic
519.27,18.7,742,Prepaid,2,0,synthetic
91.27,12.57,283,COD,9,0,real_openml_creditcard_42397
109.74,2.77,182,Wallet,21,0,real_openml_creditcard_42397
109.81,45.48,695,COD,18,0,synthetic
113.7,2.31,180,Prepaid,22,0,real_openml_creditcard_42397
332.0,9.37,461,Prepaid,9,0,synthetic
140.57,119.43,1610,Prepaid,9,0,synthetic
746.86,107.25,2009,Wallet,9,0,synthetic
582.42,52.78,1207,Prepaid,16,0,synthetic
320.82,90.96,1430,Prepaid,6,0,synthetic
676.99,39.14,1129,Wallet,11,0,real_openml_creditcard_42397
133.95,0.95,182,COD,0,0,real_openml_creditcard_42397
128.66,80.84,1136,Prepaid,14,0,synthetic
17.13,11.13,199,COD,22,0,real_openml_creditcard_42397
238.21,31.56,643,COD,5,0,synthetic
115.27,93.32,1274,COD,19,0,synthetic
12.1,21.43,318,Wallet,22,0,real_openml_creditcard_42397
141.5,26.9,500,COD,13,1,synthetic
126.23,1.53,182,Prepaid,20,0,real_openml_creditcard_42397
105.38,3.1,182,Prepaid,7,0,real_openml_creditcard_42397
475.89,68.22,1297,COD,0,0,synthetic
172.44,5.4,270,Prepaid,10,0,real_openml_creditcard_42397
129.15,73.4,1047,Prepaid,23,0,synthetic
180.61,8.79,318,COD,15,0,real_openml_creditcard_42397
400.22,3.48,452,Prepaid,8,0,real_openml_creditcard_42397
214.2,8.85,349,COD,11,0,real_openml_creditcard_42397
276.78,30.83,669,Prepaid,4,0,synthetic
197.05,46.79,789,COD,12,0,synthetic
62.09,7.01,190,Prepaid,9,0,real_openml_creditcard_42397
680.05,71.6,1521,Wallet,12,0,synthetic
482.32,12.73,637,Prepaid,15,0,synthetic
38.74,8.09,182,Prepaid,18,0,real_openml_creditcard_42397
133.54,0.98,182,Prepaid,19,0,real_openml_creditcard_42397
192.57,4.56,278,Prepaid,2,0,real_openml_creditcard_42397
561.5,30.36,920,Wallet,5,0,synthetic
666.23,69.6,1485,Wallet,21,1,synthetic
76.14,18.54,341,COD,12,0,real_openml_creditcard_42397
27.57,8.93,182,Prepaid,23,0,real_openml_creditcard_42397
152.63,4.14,237,COD,20,0,real_openml_creditcard_42397
263.66,72.12,1153,Prepaid,19,0,synthetic
119.57,8.87,264,Wallet,19,0,real_openml_creditcard_42397
526.31,78.16,1462,COD,17,0,synthetic
300.74,112.31,1668,Prepaid,5,1,synthetic
666.88,86.66,1690,Wallet,13,0,synthetic
145.97,70.16,1023,Prepaid,9,0,synthetic
244.42,52.28,897,Wallet,5,0,synthetic
492.07,45.92,1044,COD,12,0,synthetic
65.1,66.92,912,Prepaid,16,0,synthetic
573.76,103.91,1813,Prepaid,7,0,synthetic
100.96,7.15,227,Wallet,21,0,synthetic
639.01,30.35,989,Prepaid,3,0,synthetic
180.63,22.66,485,COD,9,0,synthetic
968.77,8.93,1029,Prepaid,16,0,real_openml_creditcard_42397
274.58,29.42,650,COD,4,0,synthetic
185.45,62.33,965,COD,4,0,synthetic
538.39,44.42,1068,Prepaid,20,0,synthetic
724.51,17.06,907,Prepaid,3,0,synthetic
216.96,20.16,487,Prepaid,8,0,synthetic
604.7,88.59,1657,Wallet,17,0,synthetic
36.93,20.15,325,Prepaid,12,0,real_openml_creditcard_42397
121.23,2.49,189,COD,18,0,real_openml_creditcard_42397
602.32,75.77,1501,Prepaid,4,0,synthetic
795.04,80.82,1735,Prepaid,4,0,synthetic
310.04,39.75,806,COD,2,0,synthetic
89.6,5.03,191,Wallet,9,0,real_openml_creditcard_42397
149.16,1.98,208,Prepaid,2,0,real_openml_creditcard_42397
64.38,7.5,198,Prepaid,4,0,real_openml_creditcard_42397
671.81,66.21,1449,Wallet,12,0,synthetic
110.63,42.63,661,Wallet,22,0,synthetic
388.21,119.15,1829,Wallet,10,0,synthetic
43.56,7.76,182,Wallet,9,0,synthetic
138.72,1.6,194,Prepaid,19,0,real_openml_creditcard_42397
620.59,76.42,1526,COD,3,0,synthetic
32.53,10.23,202,COD,12,0,real_openml_creditcard_42397
764.94,116.21,2133,Prepaid,3,0,synthetic
94.06,5.53,201,Prepaid,13,0,real_openml_creditcard_42397
95.44,4.09,185,Wallet,20,0,real_openml_creditcard_42397
83.01,4.77,182,Wallet,12,0,real_openml_creditcard_42397
705.12,50.8,1294,Wallet,14,0,synthetic
90.72,4.2,182,Wallet,22,0,real_openml_creditcard_42397
9.81,13.35,219,Wallet,11,0,real_openml_creditcard_42397
2099.11,27.98,2275,COD,18,0,real_openml_creditcard_42397
576.39,70.05,1409,COD,12,0,synthetic
16.15,10.46,190,Prepaid,22,0,real_openml_creditcard_42397
137.27,0.62,181,Wallet,8,0,real_openml_creditcard_42397
226.63,47.56,825,Wallet,14,0,synthetic
481.03,86.95,1526,Prepaid,3,0,synthetic
26.69,93.58,1197,Prepaid,21,0,synthetic
140.86,7.1,262,Wallet,7,0,real_openml_creditcard_42397
731.13,26.19,1022,Prepaid,8,0,synthetic
200.57,90.76,1320,Prepaid,9,0,synthetic
767.02,109.53,2055,COD,3,0,synthetic
230.99,8.09,355,Wallet,10,0,real_openml_creditcard_42397
687.88,57.96,1365,Prepaid,12,0,synthetic
84.84,6.89,209,Wallet,21,0,real_openml_creditcard_42397
359.7,76.46,1291,Prepaid,17,0,synthetic
657.67,57.78,1335,COD,15,0,synthetic
223.42,38.46,713,COD,10,0,synthetic
213.35,6.33,318,Wallet,21,0,real_openml_creditcard_42397
123.13,28.59,504,Wallet,16,0,synthetic
25.19,12.69,225,Wallet,7,0,real_openml_creditcard_42397
366.29,74.27,1271,Wallet,23,1,synthetic
326.97,18.18,562,COD,13,0,synthetic
43.07,8.44,190,COD,18,0,real_openml_creditcard_42397
465.42,28.49,811,Prepaid,0,0,synthetic
190.48,65.61,1009,Prepaid,13,0,synthetic
261.41,43.35,805,Wallet,22,0,synthetic
722.5,77.07,1625,Prepaid,9,0,synthetic
441.98,99.46,1641,Wallet,17,0,synthetic
15.65,114.04,1433,Wallet,18,0,synthetic
31.56,15.3,262,Wallet,20,0,real_openml_creditcard_42397
696.8,13.16,835,COD,10,0,real_openml_creditcard_42397
182.69,0.8,224,COD,14,0,real_openml_creditcard_42397
187.08,39.05,687,COD,8,0,real_openml_creditcard_42397
662.55,42.29,1154,Wallet,2,0,synthetic
784.4,65.76,1545,COD,12,0,synthetic
360.38,31.22,749,COD,11,0,real_openml_creditcard_42397
73.15,115.08,1497,Wallet,11,0,synthetic
454.56,16.68,659,COD,4,0,synthetic
189.48,96.13,1374,Wallet,0,0,synthetic
672.37,106.52,1933,Prepaid,5,0,synthetic
636.81,60.7,1352,COD,14,0,synthetic
511.78,81.13,1484,COD,15,0,synthetic
470.42,107.85,1768,Wallet,2,0,synthetic
286.1,25.88,618,COD,19,0,real_openml_creditcard_42397
625.04,62.13,1358,COD,16,0,synthetic
482.5,36.99,928,Prepaid,11,0,synthetic
455.32,24.79,757,Prepaid,6,0,synthetic
118.91,24.0,445,Wallet,9,0,real_openml_creditcard_42397
147.31,72.42,1052,Wallet,0,0,synthetic
18.69,21.1,320,Wallet,6,0,synthetic
107.71,2.75,180,COD,20,0,real_openml_creditcard_42397
96.68,29.05,486,COD,13,0,synthetic
19.86,9.68,184,Wallet,21,0,real_openml_creditcard_42397
12.73,18.88,288,Wallet,22,0,real_openml_creditcard_42397
54.58,8.99,207,Prepaid,11,0,real_openml_creditcard_42397
293.34,97.15,1480,COD,11,0,synthetic
240.49,84.23,1277,Prepaid,1,0,synthetic
56.3,8.11,198,COD,19,0,real_openml_creditcard_42397
190.99,50.3,825,Prepaid,0,0,synthetic
793.56,22.99,1040,Wallet,4,0,synthetic
463.94,68.22,1286,COD,15,0,synthetic
527.5,70.44,1370,Wallet,15,0,synthetic
14.87,11.22,198,Prepaid,10,0,real_openml_creditcard_42397
154.46,93.43,1310,COD,5,0,synthetic
175.48,33.17,606,COD,22,0,real_openml_creditcard_42397
108.67,2.85,182,COD,7,0,real_openml_creditcard_42397
755.56,3.45,771,Prepaid,10,0,synthetic
50.59,55.26,759,COD,19,0,synthetic
17.9,101.97,1290,COD,10,0,synthetic
151.01,4.01,234,Wallet,6,0,real_openml_creditcard_42397
94.44,12.85,289,Prepaid,2,0,synthetic
523.96,41.56,1020,Prepaid,16,0,synthetic
41.65,90.09,1169,COD,12,0,synthetic
92.51,3.98,181,Prepaid,12,0,real_openml_creditcard_42397
457.51,2.97,497,COD,1,0,synthetic
320.82,1.11,352,Wallet,19,0,real_openml_creditcard_42397
374.95,78.45,1329,COD,23,0,synthetic
130.86,61.25,903,Prepaid,23,0,synthetic
2.33,111.43,1389,Prepaid,4,0,synthetic
561.78,66.63,1355,COD,14,0,synthetic
60.17,107.39,1393,COD,10,0,synthetic
563.81,18.33,777,Prepaid,12,0,synthetic
447.76,22.4,722,COD,4,0,synthetic
368.19,9.83,499,COD,20,0,synthetic
544.51,80.1,1501,Prepaid,17,0,synthetic
92.25,5.41,198,Wallet,15,0,real_openml_creditcard_42397
63.46,4.28,159,Wallet,4,0,synthetic
253.73,48.45,860,Wallet,17,0,synthetic
460.69,84.82,1482,COD,4,0,synthetic
323.92,64.61,1117,Prepaid,15,0,synthetic
66.25,71.06,962,Wallet,11,0,synthetic
53.5,24.99,398,Wallet,10,0,real_openml_creditcard_42397
82.11,25.84,434,Prepaid,14,0,real_openml_creditcard_42397
251.08,0.59,283,Wallet,12,0,real_openml_creditcard_42397
787.66,82.52,1749,Wallet,11,0,synthetic
177.7,75.67,1118,Prepaid,3,0,synthetic
81.35,5.23,186,COD,13,0,real_openml_creditcard_42397
706.48,3.18,724,COD,7,0,real_openml_creditcard_42397
29.61,118.97,1504,COD,9,0,synthetic
60.18,53.9,751,Prepaid,1,0,synthetic
397.68,14.06,577,COD,13,0,synthetic
714.31,62.52,1443,COD,22,0,synthetic
130.94,1.18,182,Wallet,14,0,real_openml_creditcard_42397
494.61,103.76,1740,Wallet,14,0,synthetic
92.87,4.03,182,Prepaid,19,0,real_openml_creditcard_42397
339.2,55.12,1017,COD,7,0,synthetic
66.33,9.94,229,COD,23,0,real_openml_creditcard_42397
466.89,118.49,1892,COD,19,0,synthetic
152.94,42.61,699,COD,12,0,real_openml_creditcard_42397
349.63,3.61,408,COD,19,0,real_openml_creditcard_42397
117.28,13.12,313,Prepaid,8,0,synthetic
243.12,19.99,509,Wallet,14,0,synthetic
646.41,68.5,1454,Prepaid,8,0,synthetic
102.42,24.11,431,Wallet,1,0,synthetic
163.33,13.67,361,COD,20,0,real_openml_creditcard_42397
193.01,76.39,1140,COD,4,0,synthetic
457.02,85.6,1489,Wallet,16,0,synthetic
87.28,10.37,253,COD,7,0,real_openml_creditcard_42397
81.66,7.21,210,COD,7,1,synthetic
59.66,10.86,234,COD,14,0,real_openml_creditcard_42397
423.03,43.77,956,Prepaid,5,0,synthetic
37.7,8.17,182,COD,8,0,real_openml_creditcard_42397
449.13,30.86,825,Prepaid,17,0,synthetic
685.52,4.01,715,Prepaid,15,0,synthetic
242.51,11.64,408,Prepaid,9,0,real_openml_creditcard_42397
326.99,8.14,442,COD,12,0,real_openml_creditcard_42397
304.83,108.37,1625,Wallet,17,0,synthetic
58.28,28.96,450,COD,15,0,real_openml_creditcard_42397
662.52,74.6,1541,Prepaid,6,0,synthetic
784.37,72.02,1620,COD,10,0,synthetic
677.31,42.34,1168,COD,23,0,synthetic
185.65,2.99,253,Prepaid,21,0,real_openml_creditcard_42397
544.96,113.21,1899,COD,11,0,synthetic
619.09,63.46,1369,Prepaid,6,0,synthetic
752.53,42.46,1237,Prepaid,1,1,synthetic
167.37,0.86,211,Wallet,22,0,real_openml_creditcard_42397
110.42,90.31,1233,COD,14,0,synthetic
177.0,10.35,334,COD,9,0,synthetic
56.4,8.19,199,Wallet,20,0,real_openml_creditcard_42397
601.73,61.27,1327,COD,10,0,synthetic
637.66,54.39,1277,COD,5,0,synthetic
672.21,110.48,1981,COD,22,0,synthetic
375.4,115.21,1770,Wallet,5,0,synthetic
292.89,84.51,1328,Wallet,17,0,synthetic
132.49,3.15,207,COD,4,0,real_openml_creditcard_42397
775.24,119.61,2183,COD,18,0,synthetic
257.93,102.58,1513,Wallet,6,0,synthetic
544.76,50.87,1151,Prepaid,16,0,synthetic
41.64,11.71,228,Prepaid,12,0,real_openml_creditcard_42397
63.77,8.8,213,Wallet,18,0,real_openml_creditcard_42397
105.11,18.62,368,Wallet,15,0,real_openml_creditcard_42397
763.41,111.04,2070,COD,12,0,synthetic
426.14,43.45,955,Prepaid,11,0,synthetic
639.22,58.28,1325,COD,23,0,synthetic
425.66,80.41,1398,Wallet,10,0,synthetic
596.43,62.27,1334,COD,14,0,synthetic
118.94,4.16,207,Wallet,19,0,real_openml_creditcard_42397
128.65,4.97,225,COD,6,0,synthetic
77.94,5.49,186,Wallet,19,0,real_openml_creditcard_42397
120.52,110.64,1486,COD,14,0,synthetic
202.67,52.04,857,COD,19,0,synthetic
558.26,22.96,828,Prepaid,14,0,real_openml_creditcard_42397
665.29,48.45,1230,Prepaid,8,0,synthetic
74.22,13.27,276,Wallet,11,0,real_openml_creditcard_42397
318.91,96.64,1497,COD,8,0,synthetic
49.91,104.53,1349,COD,6,0,synthetic
127.04,2.47,194,Prepaid,8,0,real_openml_creditcard_42397
737.99,67.04,1519,COD,12,0,synthetic
760.7,63.19,1493,COD,16,0,synthetic
106.96,6.56,225,COD,16,0,real_openml_creditcard_42397
75.8,8.06,215,Prepaid,6,0,real_openml_creditcard_42397
456.57,59.32,1173,Wallet,9,0,synthetic
266.24,116.44,1687,COD,19,0,synthetic
699.65,8.84,786,COD,8,0,synthetic
66.73,8.0,206,COD,17,0,real_openml_creditcard_42397
756.39,106.12,2004,COD,6,0,synthetic
635.63,35.94,1053,Prepaid,5,0,synthetic
39.18,10.31,209,COD,18,0,real_openml_creditcard_42397
563.77,14.79,735,COD,17,0,synthetic
140.12,56.59,855,COD,16,1,synthetic
133.74,0.97,182,COD,13,0,real_openml_creditcard_42397
433.33,101.26,1655,Prepaid,16,0,synthetic
631.94,62.65,1371,Wallet,16,0,synthetic
577.97,26.61,890,Prepaid,10,0,synthetic
131.2,3.99,216,COD,23,0,real_openml_creditcard_42397
136.93,2.23,200,COD,14,0,real_openml_creditcard_42397
2.6,12.47,202,Prepaid,15,0,real_openml_creditcard_42397
671.07,67.51,1464,Prepaid,18,0,synthetic
32.95,9.61,195,COD,20,0,real_openml_creditcard_42397
172.81,81.07,1178,COD,11,0,synthetic
12.75,109.83,1379,Wallet,17,0,synthetic
83.71,13.05,282,COD,14,0,real_openml_creditcard_42397
507.9,76.52,1425,COD,10,0,synthetic
52.96,109.85,1416,COD,0,0,synthetic
246.24,5.95,343,Wallet,8,0,real_openml_creditcard_42397
15.22,14.19,234,Wallet,14,0,real_openml_creditcard_42397
711.21,27.12,1016,Wallet,5,1,synthetic
229.63,45.72,805,Wallet,10,0,synthetic
563.26,48.83,1143,Prepaid,9,0,synthetic
63.39,6.25,182,Prepaid,15,0,real_openml_creditcard_42397
520.76,19.29,750,Prepaid,7,0,synthetic
127.38,52.13,790,COD,1,0,synthetic
303.97,81.55,1302,Wallet,21,0,synthetic
666.96,83.96,1658,COD,17,0,synthetic
232.04,96.24,1414,Prepaid,22,0,synthetic
730.61,29.98,1067,Wallet,18,0,synthetic
71.43,5.98,186,COD,23,0,real_openml_creditcard_42397
759.6,32.52,1124,COD,4,1,synthetic
231.92,18.75,484,COD,14,0,synthetic
277.35,39.31,771,COD,15,0,synthetic
692.31,1.49,691,COD,10,0,real_openml_creditcard_42397
315.09,56.58,1013,Prepaid,19,0,synthetic
113.8,4.55,207,Prepaid,18,0,real_openml_creditcard_42397
3.33,16.5,251,Prepaid,10,0,real_openml_creditcard_42397
209.79,73.52,1121,Prepaid,2,0,synthetic
692.63,81.78,1655,Wallet,9,0,synthetic
546.65,32.49,932,Prepaid,17,0,synthetic
43.04,13.03,245,COD,17,0,synthetic
166.57,88.88,1266,Wallet,14,0,synthetic
317.86,70.99,1188,Prepaid,11,0,real_openml_creditcard_42397
254.52,42.59,790,COD,7,0,synthetic
215.58,2.33,272,COD,16,0,real_openml_creditcard_42397
108.48,3.86,194,COD,15,0,real_openml_creditcard_42397
225.86,0.73,262,COD,16,0,real_openml_creditcard_42397
88.57,10.52,256,Wallet,3,0,real_openml_creditcard_42397
297.37,99.66,1514,Wallet,11,0,synthetic
347.55,49.69,959,COD,7,0,synthetic
491.2,106.83,1774,Wallet,19,0,synthetic
263.49,8.24,386,Prepaid,20,0,real_openml_creditcard_42397
132.57,1.81,191,COD,16,0,real_openml_creditcard_42397
354.21,78.02,1305,Wallet,5,0,synthetic
28.49,10.2,198,Prepaid,15,0,real_openml_creditcard_42397
279.33,92.87,1416,Wallet,20,0,synthetic
684.68,117.56,2077,COD,22,0,synthetic
553.96,28.64,892,COD,13,0,synthetic
79.35,12.3,269,Prepaid,15,0,real_openml_creditcard_42397
1.07,13.17,209,Wallet,16,0,real_openml_creditcard_42397
49.76,7.52,185,Wallet,22,0,real_openml_creditcard_42397
453.57,66.33,1254,Wallet,9,0,synthetic
25.89,34.13,483,Prepaid,8,0,synthetic
48.39,14.7,270,COD,14,0,real_openml_creditcard_42397
417.63,55.74,1095,COD,10,0,synthetic
78.14,7.97,216,Prepaid,13,0,real_openml_creditcard_42397
5.73,18.07,272,COD,20,0,real_openml_creditcard_42397
527.77,45.74,1074,COD,6,0,synthetic
132.0,1.1,182,Wallet,10,0,real_openml_creditcard_42397
37.66,14.11,253,Wallet,13,0,synthetic
454.3,48.48,1041,Wallet,16,0,synthetic
268.53,8.86,398,COD,11,0,real_openml_creditcard_42397
25.15,9.86,191,COD,20,0,real_openml_creditcard_42397
656.25,34.35,1053,Wallet,23,0,synthetic
533.67,12.54,681,Wallet,18,0,synthetic
3023.27,44.34,3303,Wallet,21,0,real_openml_creditcard_42397
197.57,18.68,452,COD,17,0,real_openml_creditcard_42397
56.5,28.35,441,COD,14,0,real_openml_creditcard_42397
699.73,60.25,1403,COD,12,1,synthetic
572.13,49.38,1157,Prepaid,17,0,synthetic
97.45,3.69,182,COD,12,0,real_openml_creditcard_42397
189.99,9.92,340,Wallet,23,0,real_openml_creditcard_42397
744.06,119.78,2157,Wallet,0,0,synthetic
496.92,29.73,854,Wallet,10,0,synthetic
64.46,7.5,198,Wallet,22,0,real_openml_creditcard_42397
198.79,12.26,376,Prepaid,14,0,real_openml_creditcard_42397
591.65,28.07,919,COD,19,0,synthetic
113.89,3.04,189,Prepaid,21,0,real_openml_creditcard_42397
393.65,49.41,997,Prepaid,18,0,synthetic
591.37,36.4,1019,Prepaid,23,0,synthetic
3.66,28.82,399,Wallet,11,0,synthetic
191.6,34.95,642,COD,16,0,synthetic
13.62,15.98,254,COD,20,0,real_openml_creditcard_42397
362.93,71.9,1239,COD,9,0,synthetic
862.17,4.92,885,Wallet,14,0,real_openml_creditcard_42397
51.85,102.37,1325,Wallet,9,0,synthetic
8.92,13.16,216,Wallet,12,0,real_openml_creditcard_42397
117.93,2.32,184,COD,16,0,real_openml_creditcard_42397
68.08,10.73,240,Prepaid,11,0,real_openml_creditcard_42397
392.01,100.82,1613,COD,1,0,synthetic
175.18,102.56,1438,Prepaid,13,0,synthetic
35.06,43.1,599,Wallet,11,0,synthetic
465.45,69.69,1305,COD,9,1,synthetic
764.53,15.85,928,Prepaid,15,0,synthetic
538.96,59.37,1247,Prepaid,19,0,synthetic
148.52,14.61,359,Prepaid,10,0,real_openml_creditcard_42397
161.97,44.58,731,Prepaid,14,0,synthetic
698.1,79.89,1637,COD,7,0,synthetic
5.93,12.64,207,Wallet,14,0,real_openml_creditcard_42397
50.08,12.49,245,Prepaid,14,0,real_openml_creditcard_42397
373.72,112.02,1731,Wallet,2,0,synthetic
755.31,5.78,799,Wallet,14,0,synthetic
29.48,90.97,1168,COD,1,0,synthetic
64.18,6.69,188,COD,11,0,real_openml_creditcard_42397
155.93,4.22,241,Wallet,18,0,real_openml_creditcard_42397
416.39,112.43,1774,COD,20,0,synthetic
134.61,91.11,1264,Prepaid,2,0,synthetic
53.26,7.59,189,Wallet,21,0,real_openml_creditcard_42397
106.56,6.59,225,Wallet,10,0,real_openml_creditcard_42397
675.86,9.76,775,Prepaid,6,0,synthetic
553.23,114.9,1927,COD,23,0,synthetic
82.54,5.31,188,COD,21,0,real_openml_creditcard_42397
781.66,76.6,1673,COD,4,0,synthetic
254.05,35.28,702,COD,22,0,real_openml_creditcard_42397
471.13,22.04,739,Wallet,12,0,synthetic
591.24,90.57,1669,Prepaid,8,0,synthetic
74.35,16.51,315,Wallet,9,0,synthetic
237.71,41.83,766,Wallet,22,0,synthetic
110.41,3.89,196,COD,2,0,real_openml_creditcard_42397
476.05,57.74,1171,COD,14,0,synthetic
22.6,10.89,201,Prepaid,14,0,real_openml_creditcard_42397
684.43,93.65,1790,COD,5,0,synthetic
660.49,35.8,1074,Prepaid,23,0,synthetic
508.22,81.57,1486,Wallet,7,0,synthetic
324.05,54.49,996,Wallet,0,0,synthetic
23.25,77.47,1001,Prepaid,15,0,synthetic
133.21,4.59,225,Wallet,0,0,real_openml_creditcard_42397
495.51,91.32,1592,COD,14,0,synthetic
439.13,100.05,1646,COD,5,0,synthetic
207.76,114.78,1614,COD,6,0,synthetic
84.85,4.72,183,Wallet,22,0,real_openml_creditcard_42397
142.77,15.71,367,COD,12,0,real_openml_creditcard_42397
16.46,9.77,182,Wallet,22,0,real_openml_creditcard_42397
17.52,12.94,221,Wallet,21,0,real_openml_creditcard_42397
787.74,36.23,1194,Prepaid,21,0,synthetic
106.51,61.83,888,Wallet,13,0,synthetic
82.12,10.09,245,Wallet,20,0,real_openml_creditcard_42397
629.58,118.61,2040,Wallet,20,0,synthetic
322.29,55.51,1006,Prepaid,22,0,synthetic
555.33,25.32,854,COD,17,0,synthetic
222.41,0.65,258,Prepaid,12,0,real_openml_creditcard_42397
3196.67,13.25,3086,COD,12,0,real_openml_creditcard_42397
246.13,119.01,1700,COD,20,0,synthetic
628.33,44.66,1151,COD,2,0,synthetic
253.27,56.97,962,Wallet,7,0,synthetic
25.49,24.17,363,Wallet,10,0,real_openml_creditcard_42397
436.23,49.45,1036,COD,1,0,synthetic
83.03,15.11,306,Wallet,15,0,real_openml_creditcard_42397
267.91,118.66,1715,Wallet,20,0,synthetic
258.45,65.57,1069,Prepaid,16,0,synthetic
93.85,6.21,209,Wallet,20,0,real_openml_creditcard_42397
125.64,1.74,184,Wallet,13,0,real_openml_creditcard_42397
230.31,3.56,300,Prepaid,7,0,real_openml_creditcard_42397
61.24,13.82,271,Prepaid,15,0,real_openml_creditcard_42397
243.91,65.54,1056,Prepaid,20,0,real_openml_creditcard_42397
65.02,6.12,182,Wallet,11,0,real_openml_creditcard_42397
790.43,88.51,1824,Wallet,19,0,synthetic
378.93,2.69,423,Wallet,20,0,synthetic
363.53,86.66,1417,Prepaid,15,0,synthetic
256.15,2.19,307,Prepaid,4,0,synthetic
310.89,77.09,1255,COD,8,0,synthetic
665.49,111.0,1981,COD,20,0,synthetic
145.15,1.45,198,Prepaid,15,0,real_openml_creditcard_42397
647.09,68.29,1452,Wallet,5,0,synthetic
184.96,111.11,1550,Prepaid,5,0,synthetic
209.23,94.86,1377,COD,16,0,synthetic
704.41,43.86,1210,Prepaid,11,0,synthetic
233.21,42.78,773,Wallet,22,0,synthetic
115.79,89.5,1228,COD,16,0,synthetic
544.89,102.32,1768,Prepaid,10,0,synthetic
774.36,119.35,2179,Wallet,10,0,synthetic
438.55,55.49,1111,COD,13,0,synthetic
616.57,16.35,801,Prepaid,6,1,synthetic
90.85,4.19,182,Wallet,10,0,real_openml_creditcard_42397
176.35,11.02,341,Prepaid,10,0,real_openml_creditcard_42397
621.35,17.52,819,Prepaid,10,0,synthetic
22.81,11.87,213,COD,7,0,real_openml_creditcard_42397
69.28,91.52,1211,Prepaid,17,0,synthetic
99.25,19.14,369,Wallet,0,0,synthetic
317.23,69.62,1171,Prepaid,11,0,synthetic
381.05,23.42,674,Prepaid,2,0,synthetic
164.28,11.68,338,Wallet,11,0,synthetic
204.3,71.09,1087,COD,11,0,real_openml_creditcard_42397
595.39,110.18,1908,COD,11,0,synthetic
14.36,23.34,343,Wallet,10,0,real_openml_creditcard_42397
341.34,79.11,1307,Prepaid,1,0,synthetic
797.12,42.84,1281,Wallet,12,0,synthetic
259.48,7.96,379,COD,14,0,real_openml_creditcard_42397
548.07,76.29,1459,Prepaid,18,0,synthetic
359.57,25.53,680,Wallet,20,0,real_openml_creditcard_42397
239.5,14.2,436,COD,8,0,real_openml_creditcard_42397
311.8,2.53,361,Wallet,21,0,real_openml_creditcard_42397
78.19,5.14,182,Prepaid,18,0,real_openml_creditcard_42397
277.69,42.25,807,Prepaid,5,0,synthetic
100.41,78.79,1086,Wallet,14,0,synthetic
323.32,30.67,709,COD,17,0,real_openml_creditcard_42397
233.72,34.35,672,COD,21,0,synthetic
139.84,46.44,733,Wallet,3,0,synthetic
116.74,4.83,213,Prepaid,3,0,real_openml_creditcard_42397
127.97,1.4,182,COD,21,0,real_openml_creditcard_42397
323.22,33.29,740,Prepaid,15,0,synthetic
119.97,2.0,182,Prepaid,16,0,real_openml_creditcard_42397
309.94,5.42,394,Wallet,9,0,real_openml_creditcard_42397
258.64,86.34,1319,COD,18,0,synthetic
76.79,5.41,184,COD,0,0,real_openml_creditcard_42397
11.04,17.67,272,COD,10,0,real_openml_creditcard_42397
177.71,89.77,1287,Prepaid,23,0,synthetic
164.31,89.36,1270,COD,10,0,synthetic
401.36,87.82,1465,COD,19,0,synthetic
656.58,90.05,1721,COD,14,0,synthetic
481.41,106.08,1756,COD,8,0,synthetic
731.58,103.7,1953,Wallet,12,0,synthetic
258.69,40.53,769,Wallet,13,0,synthetic
65.68,15.24,292,Prepaid,19,0,real_openml_creditcard_42397
308.62,38.4,789,Wallet,23,0,synthetic
762.43,78.27,1675,COD,4,0,synthetic
66.92,6.06,183,Prepaid,10,0,real_openml_creditcard_42397
476.89,14.37,652,Prepaid,13,0,synthetic
223.24,111.38,1587,COD,5,0,synthetic
328.35,22.24,612,Wallet,3,0,synthetic
597.41,19.53,822,Wallet,8,0,real_openml_creditcard_42397
602.9,33.02,989,COD,23,0,synthetic
577.62,60.34,1294,COD,3,0,synthetic
134.86,1.3,187,Wallet,12,0,real_openml_creditcard_42397
473.95,110.94,1808,Wallet,2,1,synthetic
793.08,103.91,2011,Prepaid,19,0,synthetic
95.78,82.06,1121,COD,16,0,synthetic
154.09,6.86,271,Wallet,16,0,real_openml_creditcard_42397
137.43,1.69,194,Wallet,14,0,real_openml_creditcard_42397
103.14,22.03,407,COD,15,0,synthetic
24.77,9.81,190,COD,0,0,real_openml_creditcard_42397
79.31,5.47,187,Prepaid,8,0,real_openml_creditcard_42397
8.6,10.36,182,COD,19,0,real_openml_creditcard_42397
238.8,83.61,1268,Wallet,2,0,synthetic
180.52,4.79,270,COD,21,0,real_openml_creditcard_42397
152.36,26.78,509,Wallet,17,0,synthetic
203.14,2.13,258,Prepaid,9,0,synthetic
172.93,70.5,1052,COD,11,0,synthetic
96.3,24.78,434,Wallet,12,0,real_openml_creditcard_42397
132.07,2.68,201,COD,6,0,real_openml_creditcard_42397
57.08,14.89,280,COD,20,0,real_openml_creditcard_42397
121.53,2.3,187,COD,22,0,real_openml_creditcard_42397
76.61,5.17,181,Wallet,11,0,real_openml_creditcard_42397
225.62,54.0,901,COD,12,0,synthetic
378.15,12.39,539,Wallet,15,0,real_openml_creditcard_42397
359.93,108.81,1680,Prepaid,0,0,synthetic
113.13,14.27,323,Wallet,23,0,real_openml_creditcard_42397
248.75,17.34,482,Wallet,10,0,real_openml_creditcard_42397
180.63,59.13,922,Prepaid,3,0,synthetic
68.95,15.25,295,Wallet,10,0,real_openml_creditcard_42397
507.82,19.29,738,Wallet,14,0,synthetic
215.66,7.16,330,Prepaid,20,0,real_openml_creditcard_42397
172.95,1.86,228,Prepaid,21,0,real_openml_creditcard_42397
751.26,95.84,1876,COD,14,0,synthetic
414.78,111.86,1766,COD,21,0,synthetic
118.12,96.62,1316,COD,13,0,synthetic
148.89,4.08,233,COD,21,0,real_openml_creditcard_42397
102.41,7.57,233,Wallet,11,0,real_openml_creditcard_42397
246.8,0.91,283,Wallet,20,0,real_openml_creditcard_42397
633.58,95.42,1765,Wallet,17,0,synthetic
100.25,3.48,182,Prepaid,16,0,real_openml_creditcard_42397
570.84,68.1,1381,Prepaid,20,0,synthetic
110.13,47.1,714,COD,1,0,synthetic
475.35,3.14,516,COD,5,0,synthetic
245.5,47.51,841,COD,13,0,synthetic
565.86,99.59,1754,COD,14,0,synthetic
864.13,24.61,1123,Prepaid,12,0,real_openml_creditcard_42397
618.03,110.68,1934,Wallet,6,0,synthetic
587.13,7.47,668,Prepaid,19,0,real_openml_creditcard_42397
431.77,114.73,1815,Wallet,0,0,synthetic
41.97,7.85,182,Prepaid,7,0,real_openml_creditcard_42397
72.99,84.49,1130,Wallet,1,0,synthetic
64.59,7.16,194,COD,0,0,real_openml_creditcard_42397
444.13,2.44,479,Prepaid,3,0,real_openml_creditcard_42397
121.39,47.29,727,Prepaid,19,0,synthetic
503.8,8.69,608,Prepaid,22,0,synthetic
259.6,67.56,1094,COD,21,0,synthetic
130.59,4.46,221,Wallet,15,0,real_openml_creditcard_42397
412.6,1.22,436,Prepaid,9,0,real_openml_creditcard_42397
334.09,28.29,690,Prepaid,8,0,synthetic
18.22,11.13,200,Wallet,21,0,real_openml_creditcard_42397
53.29,12.09,243,Wallet,19,0,real_openml_creditcard_42397
358.63,53.62,1016,Prepaid,8,0,synthetic
66.66,33.77,515,Prepaid,15,0,synthetic
442.65,28.86,795,Wallet,22,0,synthetic
335.74,119.49,1786,Prepaid,19,0,synthetic
18.18,23.8,352,Wallet,21,0,real_openml_creditcard_42397
525.46,47.57,1094,COD,6,0,synthetic
722.62,52.86,1335,Prepaid,0,0,synthetic
542.78,116.46,1936,Prepaid,7,0,synthetic
472.53,90.67,1563,COD,16,0,synthetic
197.89,5.77,297,Wallet,12,0,synthetic
236.52,44.59,798,Wallet,3,0,synthetic
76.14,16.12,312,Wallet,3,0,real_openml_creditcard_42397
1028.06,8.15,1073,Prepaid,17,0,real_openml_creditcard_42397
787.16,37.68,1211,Prepaid,20,0,synthetic
674.57,6.93,740,Wallet,20,0,synthetic
456.13,28.71,805,COD,23,0,real_openml_creditcard_42397
372.78,5.96,457,COD,10,0,real_openml_creditcard_42397
17.48,10.19,188,COD,17,0,real_openml_creditcard_42397
301.46,4.81,379,Prepaid,16,0,real_openml_creditcard_42397
151.59,29.17,536,Wallet,6,0,synthetic
53.78,8.63,202,Wallet,15,0,real_openml_creditcard_42397
555.4,84.61,1565,Wallet,9,0,synthetic
755.42,16.18,924,Prepaid,12,0,real_openml_creditcard_42397
1.0,20.63,298,COD,20,0,real_openml_creditcard_42397
23.18,33.99,479,Wallet,2,0,synthetic
93.01,17.63,345,COD,17,0,synthetic
488.65,113.1,1847,Prepaid,6,0,synthetic
323.88,35.72,770,Wallet,1,0,synthetic
9.45,10.29,182,COD,23,0,real_openml_creditcard_42397
127.32,95.32,1308,COD,15,0,synthetic
116.25,5.78,224,Prepaid,16,0,real_openml_creditcard_42397
129.8,5.68,235,Prepaid,19,0,real_openml_creditcard_42397
286.45,113.59,1671,Prepaid,23,0,synthetic
148.07,1.98,207,Wallet,23,0,real_openml_creditcard_42397
361.95,41.49,874,Wallet,0,0,synthetic
90.46,4.8,189,COD,23,0,real_openml_creditcard_42397
95.76,31.98,520,COD,14,0,real_openml_creditcard_42397
685.39,81.97,1650,COD,2,0,synthetic
18.28,9.63,182,Wallet,0,0,real_openml_creditcard_42397
86.09,17.0,331,Prepaid,23,0,synthetic
109.42,28.81,494,COD,13,0,synthetic
605.7,46.69,1155,COD,15,0,synthetic
483.33,73.69,1369,COD,14,0,synthetic
122.8,2.04,185,Wallet,17,0,real_openml_creditcard_42397
60.98,13.76,270,Prepaid,2,0,real_openml_creditcard_42397
102.16,4.84,200,Wallet,18,0,real_openml_creditcard_42397
561.57,24.31,847,Prepaid,17,0,synthetic
25.81,9.98,193,Prepaid,9,0,real_openml_creditcard_42397
639.52,118.59,2049,Prepaid,18,0,synthetic
153.25,2.84,222,Wallet,20,0,real_openml_creditcard_42397
20.69,10.11,190,COD,19,0,real_openml_creditcard_42397
90.1,89.13,1201,Prepaid,9,0,synthetic
110.86,2.85,184,COD,12,0,real_openml_creditcard_42397
328.96,13.24,505,Wallet,15,0,real_openml_creditcard_42397
49.63,65.04,875,Prepaid,15,0,synthetic
451.35,41.54,955,Wallet,18,0,synthetic
590.88,82.01,1566,Wallet,3,0,synthetic
1.05,114.45,1424,COD,16,0,synthetic
783.19,50.84,1365,Prepaid,13,0,synthetic
439.74,104.36,1698,Prepaid,10,0,synthetic
214.04,1.11,256,Wallet,0,0,real_openml_creditcard_42397
57.08,6.72,182,Prepaid,19,0,real_openml_creditcard_42397
556.96,70.91,1402,Prepaid,15,0,synthetic
3.39,14.16,223,Wallet,1,0,real_openml_creditcard_42397
62.97,56.64,786,COD,19,0,synthetic
138.87,13.5,337,Wallet,18,0,real_openml_creditcard_42397
341.58,114.11,1727,COD,19,0,synthetic
10.92,25.26,363,COD,12,0,real_openml_creditcard_42397
7.92,14.41,230,COD,21,0,real_openml_creditcard_42397
284.01,15.12,487,Prepaid,11,0,synthetic
77.84,7.0,204,Prepaid,11,0,real_openml_creditcard_42397
382.7,67.98,1210,COD,2,0,synthetic
724.99,38.77,1168,COD,20,0,synthetic
66.15,6.46,187,Wallet,9,0,real_openml_creditcard_42397
335.87,8.31,452,COD,15,0,real_openml_creditcard_42397
600.46,91.02,1683,COD,12,0,synthetic
104.8,5.58,211,Prepaid,9,0,synthetic
53.12,7.02,182,Wallet,7,0,real_openml_creditcard_42397
505.28,25.2,807,Prepaid,22,0,synthetic
175.17,4.53,262,Prepaid,11,0,real_openml_creditcard_42397
57.98,84.14,1112,Wallet,17,0,synthetic
330.58,83.65,1351,COD,19,0,synthetic
30.97,12.59,229,COD,14,0,real_openml_creditcard_42397
81.07,4.92,182,Prepaid,9,0,real_openml_creditcard_42397
164.24,4.18,248,COD,11,0,real_openml_creditcard_42397
18.28,52.36,695,Wallet,2,0,synthetic
711.17,96.81,1852,Wallet,17,0,synthetic
623.64,83.74,1616,Prepaid,5,0,synthetic
635.22,38.17,1080,Wallet,0,0,synthetic
135.35,1.35,188,COD,20,0,real_openml_creditcard_42397
219.39,27.95,583,Wallet,23,0,synthetic
78.23,6.97,204,COD,21,0,real_openml_creditcard_42397
102.19,3.5,184,Wallet,22,0,real_openml_creditcard_42397
51.08,9.42,209,COD,4,0,real_openml_creditcard_42397
50.3,7.23,182,Prepaid,18,0,real_openml_creditcard_42397
428.47,101.78,1657,Prepaid,20,0,synthetic
357.24,11.17,505,COD,22,0,synthetic
1.26,12.49,201,Wallet,13,0,real_openml_creditcard_42397
27.71,9.17,185,Wallet,23,0,real_openml_creditcard_42397
468.73,114.91,1851,Prepaid,3,0,synthetic
618.27,53.45,1248,COD,6,1,synthetic
106.59,4.17,196,Wallet,13,0,real_openml_creditcard_42397
184.63,57.4,905,Prepaid,13,0,real_openml_creditcard_42397
36.64,103.15,1321,COD,10,0,synthetic
24.23,12.02,216,COD,15,0,real_openml_creditcard_42397
780.87,108.47,2054,Prepaid,4,0,synthetic
743.4,5.54,786,Wallet,22,0,synthetic
299.81,60.85,1050,Wallet,11,0,real_openml_creditcard_42397
325.81,35.87,774,Prepaid,1,0,synthetic
9.37,11.8,200,COD,21,0,real_openml_creditcard_42397
652.46,100.89,1848,Prepaid,3,0,synthetic
60.29,11.81,246,Prepaid,17,0,real_openml_creditcard_42397
53.11,112.5,1448,Prepaid,0,0,synthetic
231.79,108.13,1556,Prepaid,7,0,synthetic
130.27,15.15,349,Prepaid,12,0,real_openml_creditcard_42397
657.56,12.83,796,Prepaid,23,0,synthetic
62.82,8.12,204,Wallet,14,0,real_openml_creditcard_42397
17.99,55.14,728,Wallet,17,0,synthetic
31.39,8.56,181,Prepaid,22,0,real_openml_creditcard_42397
508.96,0.83,518,COD,8,0,synthetic
78.7,10.22,243,COD,5,0,synthetic
228.75,62.1,1001,Prepaid,19,0,synthetic
555.28,16.72,750,Prepaid,9,0,synthetic
368.12,44.37,914,Prepaid,2,0,synthetic
90.11,14.83,309,Wallet,13,0,synthetic
255.76,1.63,300,Wallet,17,0,synthetic
86.36,7.36,216,Prepaid,11,0,real_openml_creditcard_42397
164.8,1.89,221,COD,21,0,real_openml_creditcard_42397
673.48,24.28,948,COD,8,0,synthetic
696.6,39.64,1153,Wallet,10,0,synthetic
144.83,9.72,297,COD,0,0,real_openml_creditcard_42397
119.49,3.42,199,COD,2,0,synthetic
754.11,88.23,1787,COD,2,0,synthetic
69.02,5.82,182,Prepaid,0,0,real_openml_creditcard_42397
689.54,4.08,720,Wallet,18,0,synthetic
17.81,9.58,181,Prepaid,0,0,real_openml_creditcard_42397
340.91,69.5,1191,Prepaid,11,0,synthetic
35.76,11.4,219,COD,10,0,real_openml_creditcard_42397
471.93,25.69,783,COD,19,0,synthetic
310.95,105.02,1590,COD,3,0,synthetic
458.51,33.89,869,Prepaid,4,0,synthetic
109.17,60.05,869,COD,17,0,synthetic
190.87,4.93,281,Wallet,11,0,real_openml_creditcard_42397
98.35,3.62,182,Wallet,19,0,real_openml_creditcard_42397
150.71,10.95,317,COD,18,0,real_openml_creditcard_42397
46.47,7.35,180,Prepaid,16,0,real_openml_creditcard_42397
521.97,20.88,770,Prepaid,3,0,synthetic
442.33,106.61,1727,Prepaid,23,0,synthetic
617.71,107.37,1894,Wallet,6,0,synthetic
720.18,6.43,775,Prepaid,13,0,synthetic
661.29,107.19,1931,COD,3,0,synthetic
67.23,6.54,189,COD,14,0,real_openml_creditcard_42397
95.96,4.8,194,Prepaid,22,0,real_openml_creditcard_42397
562.86,16.29,752,COD,1,0,synthetic
151.05,10.09,307,Prepaid,11,0,real_openml_creditcard_42397
312.2,109.42,1644,Wallet,15,0,synthetic
11.59,11.05,193,COD,1,0,real_openml_creditcard_42397
155.72,45.36,735,Prepaid,20,0,synthetic
280.21,82.48,1292,Prepaid,8,0,synthetic
49.86,8.09,192,COD,20,0,real_openml_creditcard_42397
13.45,65.17,844,Prepaid,18,0,synthetic
176.54,12.84,363,Prepaid,9,0,real_openml_creditcard_42397
559.62,48.95,1141,Prepaid,10,0,real_openml_creditcard_42397
771.65,4.64,800,COD,20,1,synthetic
380.54,14.21,563,COD,16,0,real_openml_creditcard_42397
118.15,52.12,782,COD,0,0,synthetic
775.15,52.98,1383,Prepaid,12,0,synthetic
109.55,2.78,182,Prepaid,18,0,real_openml_creditcard_42397
54.66,7.4,188,COD,14,0,real_openml_creditcard_42397
551.21,75.43,1451,Prepaid,9,0,synthetic
456.77,9.41,574,COD,12,0,real_openml_creditcard_42397
89.01,59.63,846,Prepaid,10,0,synthetic
150.17,1.74,206,Wallet,11,0,real_openml_creditcard_42397
391.07,7.0,486,COD,7,0,real_openml_creditcard_42397
32.26,53.25,718,Wallet,14,0,synthetic
612.02,105.46,1866,Prepaid,16,0,synthetic
567.73,11.42,698,Prepaid,20,0,real_openml_creditcard_42397
23.41,10.33,195,COD,22,0,real_openml_creditcard_42397
586.08,72.12,1443,Prepaid,20,0,synthetic
151.83,1.03,199,Prepaid,11,0,real_openml_creditcard_42397
587.74,52.16,1205,Prepaid,18,0,synthetic
145.17,74.85,1079,Prepaid,6,0,synthetic
240.09,102.23,1493,Prepaid,3,0,synthetic
94.22,12.85,289,COD,10,0,real_openml_creditcard_42397
186.54,101.79,1439,Prepaid,12,0,synthetic
203.78,22.72,506,Prepaid,13,0,real_openml_creditcard_42397
95.06,6.7,216,Wallet,19,0,real_openml_creditcard_42397
283.65,75.66,1213,COD,4,0,synthetic
469.52,7.91,567,Prepaid,14,0,synthetic
487.93,66.51,1287,Prepaid,9,0,synthetic
459.05,67.89,1278,Wallet,0,0,synthetic
793.52,28.64,1108,Wallet,2,0,synthetic
29.68,64.38,849,Wallet,8,0,synthetic
168.19,62.4,950,COD,0,0,synthetic
310.52,110.07,1650,Prepaid,1,0,synthetic
159.71,8.69,298,Prepaid,19,0,real_openml_creditcard_42397
89.52,52.12,756,COD,2,0,real_openml_creditcard_42397
270.37,105.92,1564,Prepaid,13,0,synthetic
368.91,100.9,1593,COD,1,0,synthetic
731.22,26.31,1024,COD,16,0,synthetic
635.26,86.89,1664,COD,7,0,synthetic
1043.73,0.72,998,Wallet,12,0,real_openml_creditcard_42397
85.93,14.81,305,COD,18,0,real_openml_creditcard_42397
325.56,3.33,383,Prepaid,19,0,real_openml_creditcard_42397
198.16,28.67,572,Prepaid,21,0,synthetic
27.61,21.44,332,Wallet,20,0,synthetic
59.82,117.2,1510,COD,14,0,synthetic
726.96,84.12,1714,COD,10,0,synthetic
633.46,42.87,1135,Prepaid,6,0,synthetic
146.95,0.81,192,Prepaid,6,0,real_openml_creditcard_42397
135.52,3.42,213,Prepaid,17,0,real_openml_creditcard_42397
74.04,18.45,338,Wallet,22,0,real_openml_creditcard_42397
102.37,77.41,1071,Wallet,16,0,synthetic
181.3,7.24,300,Wallet,15,0,real_openml_creditcard_42397
136.47,0.76,182,Wallet,16,0,real_openml_creditcard_42397
38.08,37.96,540,Wallet,23,0,synthetic
607.84,63.48,1359,Wallet,14,1,synthetic
611.26,7.01,684,COD,11,0,synthetic
125.07,1.87,185,Prepaid,22,0,real_openml_creditcard_42397
361.16,35.48,801,COD,23,0,synthetic
337.68,63.76,1119,Wallet,15,0,synthetic
83.75,7.3,213,Wallet,22,0,real_openml_creditcard_42397
185.92,38.94,685,Prepaid,7,1,synthetic
105.02,3.21,183,Wallet,11,0,real_openml_creditcard_42397
449.1,26.39,771,Wallet,12,0,synthetic
180.83,2.85,247,Wallet,19,0,real_openml_creditcard_42397
230.71,54.91,917,Wallet,16,0,synthetic
811.98,8.77,886,Wallet,14,0,real_openml_creditcard_42397
202.26,10.08,353,COD,22,0,real_openml_creditcard_42397
726.76,98.81,1890,Wallet,2,0,synthetic
136.34,1.02,185,COD,22,0,real_openml_creditcard_42397
71.81,12.95,270,Prepaid,2,0,real_openml_creditcard_42397
37.67,8.18,182,Prepaid,19,0,real_openml_creditcard_42397
167.67,80.53,1167,COD,21,0,synthetic
583.1,39.88,1053,COD,17,0,synthetic
132.48,3.65,213,Wallet,14,0,real_openml_creditcard_42397
94.42,4.67,191,Prepaid,11,0,real_openml_creditcard_42397
150.98,1.26,201,COD,16,0,real_openml_creditcard_42397
50.56,7.21,182,Prepaid,7,0,real_openml_creditcard_42397
762.02,34.98,1156,Prepaid,14,0,synthetic
87.71,26.39,446,COD,2,0,synthetic
136.88,38.93,640,Wallet,19,0,synthetic
322.36,83.83,1346,COD,7,0,synthetic
32.77,8.46,181,COD,19,0,real_openml_creditcard_42397
525.44,100.78,1732,Prepaid,8,0,synthetic
229.66,91.46,1354,COD,3,0,synthetic
59.22,9.64,219,COD,22,0,real_openml_creditcard_42397
696.86,26.24,992,COD,6,0,synthetic
112.54,66.57,950,COD,17,0,synthetic
10.78,11.52,198,Wallet,10,0,real_openml_creditcard_42397
792.55,61.19,1498,Prepaid,1,0,synthetic
751.41,34.27,1137,Wallet,3,1,synthetic
75.12,5.37,182,Prepaid,16,0,real_openml_creditcard_42397
641.51,60.86,1358,Wallet,18,0,synthetic
48.88,11.08,227,Wallet,11,0,real_openml_creditcard_42397
40.54,9.29,198,Prepaid,15,0,real_openml_creditcard_42397
187.46,54.43,872,COD,1,0,synthetic
24.79,12.47,222,Wallet,14,0,real_openml_creditcard_42397
29.09,5.87,147,COD,13,0,synthetic
696.04,85.94,1708,Wallet,0,0,synthetic
1.0,16.08,244,COD,10,0,real_openml_creditcard_42397
327.8,69.85,1183,Prepaid,9,0,synthetic
667.42,15.87,841,Prepaid,21,0,synthetic
32.66,96.42,1236,Prepaid,6,0,synthetic
650.66,44.85,1174,Wallet,0,0,synthetic
53.95,17.37,307,COD,19,0,real_openml_creditcard_42397
61.24,8.66,209,Prepaid,8,0,real_openml_creditcard_42397
16.87,9.73,182,Prepaid,21,0,real_openml_creditcard_42397
240.0,5.22,329,Wallet,1,0,synthetic
8.69,37.26,505,Prepaid,3,0,synthetic
24.63,19.9,311,Prepaid,9,0,real_openml_creditcard_42397
607.89,103.64,1841,Wallet,4,0,synthetic
96.28,9.95,256,Prepaid,22,0,real_openml_creditcard_42397
161.49,112.75,1548,Prepaid,18,0,synthetic
266.18,72.03,1154,Prepaid,3,0,synthetic
304.19,82.45,1313,COD,5,0,synthetic
101.09,6.25,216,COD,12,0,real_openml_creditcard_42397
543.64,5.02,599,Prepaid,6,0,synthetic
117.23,12.87,310,Wallet,15,0,real_openml_creditcard_42397
82.26,9.16,234,COD,18,0,real_openml_creditcard_42397
653.45,87.05,1683,Wallet,15,1,synthetic
34.99,67.71,894,COD,4,0,synthetic
440.86,41.65,947,Prepaid,12,0,synthetic
108.9,4.92,207,COD,23,0,real_openml_creditcard_42397
174.88,44.44,741,COD,6,0,synthetic
247.05,11.22,407,Wallet,9,0,real_openml_creditcard_42397
29.27,11.47,214,COD,1,0,real_openml_creditcard_42397
178.48,23.13,488,COD,23,0,synthetic
255.03,2.12,305,COD,19,0,real_openml_creditcard_42397
14.17,13.87,229,Wallet,12,0,synthetic
110.84,4.02,198,Prepaid,0,0,real_openml_creditcard_42397
638.13,14.45,798,Prepaid,7,0,synthetic
15.31,10.1,185,Wallet,21,0,real_openml_creditcard_42397
67.72,5.92,182,COD,18,0,real_openml_creditcard_42397
221.26,3.59,292,COD,3,0,synthetic
8.99,15.58,245,COD,12,0,real_openml_creditcard_42397
213.61,10.98,374,COD,17,0,real_openml_creditcard_42397
64.47,6.41,185,Prepaid,19,0,real_openml_creditcard_42397
583.53,24.58,870,Prepaid,12,0,synthetic
118.66,5.35,221,COD,18,0,real_openml_creditcard_42397
280.46,83.6,1306,Prepaid,4,0,synthetic
308.69,76.93,1251,COD,5,0,synthetic
106.81,3.07,183,Wallet,6,0,real_openml_creditcard_42397
468.56,95.31,1615,Prepaid,23,0,synthetic
148.98,27.58,515,Wallet,14,0,synthetic
102.61,76.31,1058,Wallet,17,0,synthetic
346.59,12.29,509,Wallet,18,0,synthetic
119.48,4.29,209,Wallet,10,0,real_openml_creditcard_42397
69.97,5.75,182,Prepaid,23,0,real_openml_creditcard_42397
145.48,1.92,204,Wallet,17,0,real_openml_creditcard_42397
447.62,34.69,869,Prepaid,1,0,synthetic
410.56,14.14,589,Wallet,3,0,synthetic
105.48,3.34,185,Wallet,12,0,real_openml_creditcard_42397
511.07,13.17,668,Wallet,9,0,real_openml_creditcard_42397
478.25,23.09,757,Prepaid,3,0,synthetic
75.37,20.57,365,Wallet,12,0,synthetic
693.74,44.08,1203,COD,16,0,synthetic
74.17,6.31,193,Prepaid,9,0,synthetic
647.14,73.45,1514,COD,19,0,synthetic
252.83,3.37,318,Wallet,9,0,real_openml_creditcard_42397
737.46,37.52,1164,Wallet,9,0,synthetic
666.94,47.67,1222,Prepaid,22,0,synthetic
630.35,106.18,1891,Wallet,14,0,synthetic
674.09,95.3,1800,Wallet,13,0,synthetic
125.25,1.61,182,COD,22,0,real_openml_creditcard_42397
101.04,18.34,361,Wallet,18,0,real_openml_creditcard_42397
72.1,5.59,182,Wallet,11,0,real_openml_creditcard_42397
470.85,5.52,540,Prepaid,21,0,real_openml_creditcard_42397
718.23,101.42,1913,Wallet,22,0,synthetic
108.46,2.87,182,Wallet,17,0,real_openml_creditcard_42397
379.05,86.53,1429,Wallet,15,1,synthetic
80.37,5.64,190,Wallet,7,0,real_openml_creditcard_42397
218.37,84.6,1262,Prepaid,22,0,synthetic
13.4,9.99,182,COD,15,0,real_openml_creditcard_42397
260.11,17.06,489,Prepaid,13,0,synthetic
548.55,3.35,584,COD,13,0,synthetic
118.86,22.33,425,Prepaid,0,0,synthetic
276.68,4.83,357,COD,16,0,real_openml_creditcard_42397
84.0,5.2,188,Wallet,15,0,real_openml_creditcard_42397
752.67,95.42,1872,COD,9,0,synthetic
91.07,6.59,211,Prepaid,18,0,real_openml_creditcard_42397
142.89,0.7,187,Wallet,20,0,real_openml_creditcard_42397
593.38,83.47,1586,Wallet,1,0,synthetic
135.6,101.56,1391,COD,11,0,synthetic
192.89,41.92,727,Wallet,8,0,synthetic
11.6,19.05,289,COD,9,0,real_openml_creditcard_42397
708.91,58.36,1388,COD,17,0,synthetic
133.78,10.47,296,Prepaid,19,0,real_openml_creditcard_42397
13.02,64.22,832,Prepaid,12,0,synthetic
79.2,88.08,1178,Prepaid,17,0,synthetic
506.25,111.53,1844,Wallet,23,1,synthetic
453.36,24.87,756,COD,21,0,synthetic
260.16,3.92,331,Wallet,9,0,synthetic
225.05,10.29,376,COD,10,0,real_openml_creditcard_42397
737.44,101.71,1934,Wallet,23,0,synthetic
207.47,50.62,844,Prepaid,7,1,synthetic
76.06,103.74,1363,COD,12,0,synthetic
377.31,64.28,1161,Prepaid,14,1,synthetic
109.1,21.73,409,COD,15,0,real_openml_creditcard_42397
319.26,8.63,441,COD,2,0,synthetic
170.51,56.64,883,Wallet,21,0,synthetic
227.5,7.49,345,COD,12,0,synthetic
171.85,77.58,1136,COD,2,0,synthetic
406.37,23.39,696,Prepaid,17,0,synthetic
282.02,67.6,1115,COD,11,0,synthetic
163.54,15.57,384,Prepaid,11,0,real_openml_creditcard_42397
47.46,9.77,210,COD,14,0,real_openml_creditcard_42397
531.09,84.34,1540,Prepaid,0,0,synthetic
744.5,34.24,1131,Prepaid,20,0,synthetic
365.15,2.36,407,Wallet,11,0,real_openml_creditcard_42397
732.81,74.29,1601,Prepaid,16,0,synthetic
25.72,69.59,908,Prepaid,2,0,synthetic
157.91,1.24,207,Wallet,17,0,real_openml_creditcard_42397
505.21,21.28,760,Prepaid,20,0,real_openml_creditcard_42397
217.39,85.13,1267,Prepaid,22,0,synthetic
245.4,83.48,1273,Wallet,20,0,synthetic
792.89,31.69,1144,Prepaid,15,0,synthetic
702.9,110.95,2014,Wallet,10,0,synthetic
768.86,72.49,1612,Prepaid,11,0,synthetic
150.76,1.03,198,Prepaid,9,0,real_openml_creditcard_42397
30.17,8.74,182,COD,21,0,real_openml_creditcard_42397
40.89,8.85,193,COD,2,0,real_openml_creditcard_42397
39.19,8.14,183,COD,15,0,real_openml_creditcard_42397
148.14,6.97,267,Wallet,9,0,real_openml_creditcard_42397
244.38,20.75,519,COD,13,0,real_openml_creditcard_42397
115.98,2.02,179,COD,15,0,synthetic
202.12,60.96,963,COD,17,0,synthetic
65.05,13.95,276,COD,19,0,real_openml_creditcard_42397
151.39,53.53,829,Prepaid,23,0,synthetic
43.19,8.18,187,Wallet,13,0,real_openml_creditcard_42397
743.88,5.64,787,Prepaid,10,0,synthetic
298.17,3.3,358,Prepaid,23,0,real_openml_creditcard_42397
701.24,37.49,1131,COD,13,0,synthetic
41.41,34.31,499,COD,12,0,real_openml_creditcard_42397
55.95,64.73,877,Wallet,23,0,synthetic
525.08,77.15,1448,COD,23,0,synthetic
162.17,75.37,1100,COD,5,0,synthetic
42.67,30.82,458,COD,20,1,synthetic
591.57,26.26,898,COD,1,0,synthetic
292.22,88.51,1375,Prepaid,7,0,synthetic
307.34,77.77,1260,COD,15,0,synthetic
638.01,116.39,2021,COD,21,0,synthetic
369.45,89.64,1458,Wallet,23,0,synthetic
349.05,5.17,426,COD,7,0,synthetic
10.23,109.92,1378,COD,14,0,synthetic
153.63,4.06,237,Prepaid,14,0,real_openml_creditcard_42397
283.43,55.57,972,Prepaid,9,0,synthetic
141.49,1.72,198,Prepaid,17,0,real_openml_creditcard_42397
229.78,20.77,506,Wallet,20,0,real_openml_creditcard_42397
64.59,34.82,526,Wallet,17,0,real_openml_creditcard_42397
614.36,107.23,1890,Prepaid,18,0,synthetic
7.34,11.12,190,Wallet,21,0,real_openml_creditcard_42397
528.48,24.09,815,COD,9,0,synthetic
594.52,66.86,1387,Wallet,12,0,synthetic
128.8,5.34,230,Wallet,10,0,real_openml_creditcard_42397
563.52,49.65,1153,Prepaid,7,0,synthetic
111.57,2.63,182,Prepaid,20,0,real_openml_creditcard_42397
580.54,88.41,1633,Prepaid,3,0,synthetic
143.36,33.64,583,Prepaid,12,0,synthetic
459.76,34.31,876,Wallet,0,0,synthetic
474.33,1.23,492,Prepaid,12,0,synthetic
851.39,56.98,1500,Wallet,11,0,real_openml_creditcard_42397
32.64,9.89,198,Wallet,17,0,real_openml_creditcard_42397
27.28,24.37,367,Prepaid,11,0,real_openml_creditcard_42397
288.27,33.46,711,Prepaid,19,0,synthetic
213.29,57.99,938,Wallet,15,0,synthetic
83.2,7.68,217,Prepaid,19,0,real_openml_creditcard_42397
288.26,42.1,815,Wallet,20,0,synthetic
203.92,74.72,1130,Prepaid,10,0,synthetic
117.89,21.2,410,COD,18,0,synthetic
102.96,3.69,187,COD,22,0,real_openml_creditcard_42397
245.67,60.48,997,COD,17,0,synthetic
313.63,5.94,404,Prepaid,6,0,synthetic
521.99,41.97,1023,Prepaid,5,0,synthetic
708.8,63.96,1455,Wallet,16,0,synthetic
141.73,6.29,253,Wallet,12,0,real_openml_creditcard_42397
153.28,0.5,194,Prepaid,16,0,real_openml_creditcard_42397
15.1,9.7,180,Prepaid,9,0,real_openml_creditcard_42397
83.57,11.4,262,Prepaid,17,0,real_openml_creditcard_42397
142.95,1.61,198,COD,13,0,real_openml_creditcard_42397
90.63,107.57,1422,COD,14,0,synthetic
157.3,64.86,970,Wallet,22,0,synthetic
111.6,24.89,449,COD,15,0,synthetic
35.22,8.36,182,Prepaid,20,0,real_openml_creditcard_42397
210.86,70.15,1082,Prepaid,7,0,synthetic
275.94,57.16,984,Wallet,0,0,synthetic
61.57,8.88,212,Prepaid,3,0,real_openml_creditcard_42397
489.5,43.28,1010,Wallet,2,0,synthetic
75.21,12.69,270,Wallet,15,0,real_openml_creditcard_42397
6.63,10.5,182,Prepaid,7,0,real_openml_creditcard_42397
534.16,14.25,702,Wallet,11,0,synthetic
108.44,3.62,191,COD,11,0,real_openml_creditcard_42397
126.39,5.85,234,Wallet,15,0,real_openml_creditcard_42397
27.83,8.91,182,Wallet,9,0,real_openml_creditcard_42397
105.95,0.81,155,COD,5,0,synthetic
342.52,61.48,1096,Prepaid,3,1,synthetic
68.94,6.25,187,Prepaid,18,0,real_openml_creditcard_42397
195.25,0.52,232,COD,0,0,real_openml_creditcard_42397
540.78,27.02,861,COD,11,0,real_openml_creditcard_42397
546.94,56.81,1224,COD,10,0,real_openml_creditcard_42397
221.57,70.17,1091,Prepaid,17,0,synthetic
791.26,25.65,1070,Prepaid,16,0,synthetic
210.67,64.18,1010,Prepaid,12,0,synthetic
78.66,66.02,913,COD,4,0,synthetic
262.62,15.3,470,Prepaid,12,0,real_openml_creditcard_42397
294.06,35.49,740,Wallet,19,0,synthetic
229.8,76.69,1177,Wallet,15,0,synthetic
128.32,3.46,207,Wallet,16,0,real_openml_creditcard_42397
414.49,50.49,1029,COD,7,0,synthetic
69.39,93.07,1229,COD,23,0,synthetic
734.77,3.01,747,COD,21,0,synthetic
111.77,36.2,585,COD,10,0,real_openml_creditcard_42397
129.23,94.98,1306,Prepaid,9,0,synthetic
60.99,58.91,812,COD,14,0,synthetic
130.21,63.52,929,Prepaid,7,0,synthetic
118.92,6.16,231,Wallet,19,0,real_openml_creditcard_42397
799.82,40.58,1257,COD,12,0,synthetic
84.65,4.57,181,Prepaid,23,0,real_openml_creditcard_42397
792.2,91.47,1861,COD,3,0,synthetic
285.57,97.16,1473,Prepaid,0,0,synthetic
446.16,108.45,1753,COD,10,0,real_openml_creditcard_42397
111.21,7.74,243,COD,10,0,real_openml_creditcard_42397
450.04,15.16,637,Wallet,18,0,real_openml_creditcard_42397
511.99,1.52,529,Prepaid,17,0,synthetic
35.32,8.93,189,COD,9,0,real_openml_creditcard_42397
104.51,87.22,1191,COD,18,0,synthetic
75.82,88.24,1177,Prepaid,0,0,synthetic
556.48,109.26,1862,COD,21,0,synthetic
42.51,107.15,1374,Wallet,5,0,synthetic
73.43,5.91,187,Wallet,18,0,real_openml_creditcard_42397
141.65,1.46,195,Prepaid,9,0,real_openml_creditcard_42397
457.19,8.46,563,Wallet,23,0,real_openml_creditcard_42397
20.35,10.47,194,Prepaid,17,0,real_openml_creditcard_42397
102.95,3.45,184,Prepaid,13,0,real_openml_creditcard_42397
580.86,119.48,2007,Wallet,15,0,synthetic
38.54,8.61,188,COD,16,0,real_openml_creditcard_42397
388.05,45.78,949,COD,18,0,synthetic
28.86,9.5,190,Wallet,0,0,real_openml_creditcard_42397
430.2,12.7,590,Prepaid,8,0,synthetic
291.22,77.95,1247,COD,13,0,synthetic
687.61,110.99,2001,COD,17,0,synthetic
132.45,0.98,181,COD,21,0,real_openml_creditcard_42397
18.48,12.61,218,Prepaid,21,0,real_openml_creditcard_42397
350.66,16.4,562,Prepaid,23,0,synthetic
58.34,42.87,617,Prepaid,4,0,real_openml_creditcard_42397
111.34,9.32,262,Prepaid,14,0,real_openml_creditcard_42397
642.44,7.05,713,Wallet,17,0,synthetic
219.13,114.54,1622,Prepaid,18,0,synthetic
2.47,14.4,225,COD,14,0,real_openml_creditcard_42397
141.82,5.03,238,Prepaid,20,0,real_openml_creditcard_42397
88.21,18.97,357,Wallet,17,0,real_openml_creditcard_42397
61.35,16.98,309,Wallet,8,0,real_openml_creditcard_42397
179.3,41.19,706,Prepaid,23,0,synthetic
43.5,52.75,722,Wallet,19,0,synthetic
634.78,22.52,892,Prepaid,23,0,synthetic
9.4,24.55,353,COD,14,0,real_openml_creditcard_42397
601.48,41.94,1095,Wallet,14,1,synthetic
586.82,9.57,693,Wallet,7,0,synthetic
96.58,52.73,770,COD,6,0,synthetic
93.18,7.43,223,COD,13,0,real_openml_creditcard_42397
130.52,111.89,1510,COD,4,0,synthetic
50.24,8.82,201,Prepaid,21,0,real_openml_creditcard_42397
235.45,63.84,1028,COD,8,0,synthetic
757.61,93.24,1851,Wallet,7,0,synthetic
67.78,6.92,194,Prepaid,12,0,real_openml_creditcard_42397
395.42,3.96,453,COD,18,0,synthetic
507.18,103.52,1749,Wallet,8,1,synthetic
97.81,4.83,196,Wallet,2,0,real_openml_creditcard_42397
50.74,8.53,198,COD,14,0,real_openml_creditcard_42397
4.58,26.32,370,Prepaid,17,0,real_openml_creditcard_42397
127.12,7.67,256,Prepaid,12,0,synthetic
110.96,2.68,182,Prepaid,19,0,real_openml_creditcard_42397
22.6,9.31,182,Prepaid,19,0,real_openml_creditcard_42397
748.74,29.68,1080,Wallet,2,0,synthetic
113.53,9.9,271,COD,13,0,real_openml_creditcard_42397
189.28,77.55,1151,Wallet,15,0,synthetic
162.35,93.54,1319,COD,3,0,synthetic
369.65,10.69,511,COD,11,0,real_openml_creditcard_42397
48.96,40.83,584,Wallet,9,0,real_openml_creditcard_42397
103.09,48.7,727,Prepaid,1,0,synthetic
32.33,10.74,208,Wallet,10,0,real_openml_creditcard_42397
628.63,104.8,1873,Prepaid,4,0,synthetic
708.52,72.7,1560,Wallet,7,0,synthetic
425.68,103.34,1673,COD,23,0,synthetic
142.75,107.19,1465,Prepaid,20,0,synthetic
702.46,113.84,2048,Prepaid,7,0,synthetic
141.34,3.38,218,COD,3,0,synthetic
536.56,20.1,774,Prepaid,10,0,synthetic
66.7,51.95,733,Prepaid,5,0,synthetic
20.76,20.61,316,Prepaid,20,0,real_openml_creditcard_42397
610.79,33.25,999,Prepaid,18,0,synthetic
149.97,48.07,762,COD,23,0,synthetic
20.83,58.75,774,Wallet,16,0,synthetic
121.45,1.89,182,COD,22,0,real_openml_creditcard_42397
749.32,96.89,1887,Prepaid,19,0,synthetic
445.76,99.18,1641,COD,12,0,synthetic
730.6,103.3,1947,COD,22,0,synthetic
57.51,7.1,187,Wallet,18,0,real_openml_creditcard_42397
93.21,48.76,719,Prepaid,15,0,real_openml_creditcard_42397
166.4,2.52,230,Wallet,19,0,real_openml_creditcard_42397
99.36,15.13,321,Wallet,8,0,real_openml_creditcard_42397
118.04,19.4,389,COD,15,0,real_openml_creditcard_42397
183.13,0.6,222,Prepaid,14,0,real_openml_creditcard_42397
59.45,45.77,653,Wallet,0,0,synthetic
37.43,95.96,1235,COD,16,1,synthetic
654.24,90.36,1723,COD,4,0,synthetic
4.5,10.66,182,Prepaid,21,0,real_openml_creditcard_42397
214.31,40.12,724,Prepaid,13,0,synthetic
709.43,98.4,1869,Prepaid,12,0,synthetic
277.1,8.65,403,Prepaid,10,0,synthetic
71.28,6.15,188,COD,14,0,real_openml_creditcard_42397
139.79,0.93,187,Wallet,3,0,real_openml_creditcard_42397
708.71,3.02,724,Wallet,9,0,synthetic
472.67,47.93,1051,COD,2,0,synthetic
914.88,4.13,923,COD,16,0,real_openml_creditcard_42397
189.39,66.75,1021,Prepaid,18,0,synthetic
209.72,108.02,1535,COD,5,0,synthetic
425.35,30.26,796,Wallet,16,0,synthetic
247.47,22.52,543,Wallet,19,0,real_openml_creditcard_42397
277.55,83.42,1301,Prepaid,18,0,synthetic
88.37,11.46,267,Prepaid,13,0,real_openml_creditcard_42397
185.68,7.49,307,Prepaid,0,0,real_openml_creditcard_42397
709.93,104.57,1944,COD,20,0,synthetic
122.38,1.82,182,COD,17,0,real_openml_creditcard_42397
624.69,102.22,1839,Wallet,15,0,synthetic
782.25,43.86,1280,Wallet,11,0,synthetic
133.95,86.1,1204,Prepaid,1,0,synthetic
66.05,8.46,211,COD,18,0,real_openml_creditcard_42397
330.88,13.4,509,Wallet,18,0,synthetic
744.14,53.32,1360,Prepaid,4,0,synthetic
56.22,7.78,194,Wallet,18,0,real_openml_creditcard_42397
576.36,69.11,1398,Prepaid,16,0,real_openml_creditcard_42397
120.08,116.75,1559,COD,21,0,synthetic
82.37,85.07,1145,COD,8,1,synthetic
132.26,6.83,251,Prepaid,14,0,real_openml_creditcard_42397
132.08,14.26,340,COD,21,0,real_openml_creditcard_42397
83.32,6.92,208,COD,11,0,real_openml_creditcard_42397
126.26,3.61,207,Prepaid,9,0,real_openml_creditcard_42397
131.65,12.96,324,Prepaid,8,0,real_openml_creditcard_42397
778.43,27.9,1085,Wallet,23,0,synthetic
125.99,14.97,343,Wallet,9,0,real_openml_creditcard_42397
509.0,31.32,884,Prepaid,18,0,real_openml_creditcard_42397
302.83,31.95,706,Wallet,15,0,synthetic
351.72,4.47,420,Wallet,21,0,synthetic
329.33,104.87,1605,Wallet,22,0,synthetic
595.8,111.94,1930,Wallet,7,0,synthetic
260.46,88.16,1342,COD,19,0,synthetic
84.88,5.55,193,COD,9,0,real_openml_creditcard_42397
479.96,40.49,968,Prepaid,12,0,synthetic
65.63,6.58,188,Wallet,22,0,real_openml_creditcard_42397
411.23,0.91,431,Wallet,14,0,real_openml_creditcard_42397
28.14,10.39,200,COD,5,0,real_openml_creditcard_42397
98.84,4.17,189,Prepaid,3,0,real_openml_creditcard_42397
585.07,97.2,1743,Wallet,18,0,synthetic
72.1,9.43,228,Wallet,17,0,real_openml_creditcard_42397
137.61,0.68,182,Prepaid,21,0,real_openml_creditcard_42397
5.94,10.55,182,COD,20,0,real_openml_creditcard_42397
189.64,72.79,1094,COD,15,0,synthetic
58.36,104.95,1362,Wallet,6,0,synthetic
149.79,12.1,330,COD,14,0,real_openml_creditcard_42397
413.43,29.82,780,Wallet,0,0,synthetic
383.91,69.01,1224,COD,12,0,synthetic
47.62,105.7,1361,Wallet,14,0,synthetic
58.01,68.65,926,COD,20,0,synthetic
183.66,30.44,581,Prepaid,17,0,synthetic
496.73,47.4,1066,Prepaid,0,0,synthetic
690.03,42.02,1175,COD,21,0,synthetic
794.63,76.11,1678,Wallet,10,0,synthetic
89.21,6.64,210,COD,8,0,real_openml_creditcard_42397
23.69,16.64,271,Prepaid,21,0,real_openml_creditcard_42397
222.14,21.05,502,COD,23,0,synthetic
743.73,2.63,751,Wallet,7,0,synthetic
301.08,26.35,637,Wallet,16,0,synthetic
15.41,12.68,216,COD,20,0,real_openml_creditcard_42397
348.11,4.23,414,Prepaid,16,0,real_openml_creditcard_42397
152.37,0.91,198,Prepaid,16,0,real_openml_creditcard_42397
391.06,21.59,661,COD,13,0,real_openml_creditcard_42397
143.08,3.52,221,Prepaid,16,0,real_openml_creditcard_42397
252.16,48.5,859,COD,17,0,synthetic
499.39,79.22,1450,COD,2,0,synthetic
3.17,12.1,198,Wallet,10,0,real_openml_creditcard_42397
224.31,102.73,1485,Prepaid,20,0,synthetic
705.71,54.67,1341,Prepaid,18,0,synthetic
274.21,1.6,316,Wallet,19,0,real_openml_creditcard_42397
184.22,3.52,258,Prepaid,22,0,real_openml_creditcard_42397
486.71,93.84,1614,Prepaid,0,0,synthetic
430.98,46.75,999,Wallet,6,0,synthetic
379.49,92.25,1499,COD,0,0,synthetic
284.82,114.57,1681,COD,10,0,synthetic
63.45,6.24,182,Prepaid,10,0,real_openml_creditcard_42397
29.9,8.67,181,Wallet,21,0,real_openml_creditcard_42397
494.61,1.1,508,COD,7,0,synthetic
225.83,35.58,680,Prepaid,10,0,synthetic
660.42,102.22,1871,Wallet,0,0,synthetic
49.59,20.53,341,COD,9,0,real_openml_creditcard_42397
600.44,32.01,974,Wallet,14,0,synthetic
409.86,24.55,713,Wallet,3,0,synthetic
109.61,3.2,187,Wallet,14,0,real_openml_creditcard_42397
595.29,6.23,660,Prepaid,15,0,synthetic
638.71,26.87,947,Wallet,19,0,synthetic
635.62,103.85,1868,Wallet,12,0,synthetic
773.91,75.88,1657,COD,17,0,synthetic
92.62,4.05,182,Prepaid,9,0,real_openml_creditcard_42397
351.62,36.7,807,Prepaid,20,0,synthetic
634.86,36.93,1065,COD,13,0,synthetic
572.68,16.54,764,COD,21,0,synthetic
48.41,92.49,1203,COD,16,0,synthetic
635.93,24.23,913,Prepaid,2,0,synthetic
94.97,117.96,1551,Prepaid,19,0,synthetic
81.55,69.94,963,Prepaid,4,0,synthetic
638.11,56.02,1297,Prepaid,15,0,synthetic
43.48,10.06,210,Wallet,5,0,synthetic
99.91,77.62,1071,COD,4,0,synthetic
562.48,19.44,789,Wallet,23,0,synthetic
24.91,12.47,222,Wallet,6,0,real_openml_creditcard_42397
1.57,23.22,330,COD,1,0,synthetic
34.03,9.03,189,Wallet,0,0,real_openml_creditcard_42397
622.56,27.16,936,Prepaid,22,0,synthetic
88.62,46.02,682,Prepaid,19,0,synthetic
420.16,9.64,544,COD,17,0,synthetic
204.67,1.42,251,Wallet,15,0,synthetic
549.52,95.29,1688,COD,3,0,synthetic
743.44,27.68,1051,Prepaid,12,0,synthetic
560.01,101.2,1768,COD,23,0,synthetic
302.73,95.8,1472,Wallet,3,0,synthetic
104.71,3.06,181,Wallet,1,0,real_openml_creditcard_42397
243.94,46.81,831,Wallet,22,0,synthetic
703.51,18.19,901,COD,19,0,synthetic
14.27,14.43,236,Prepaid,2,0,real_openml_creditcard_42397
354.33,63.11,1126,Prepaid,0,0,synthetic
158.64,0.69,201,Prepaid,17,0,real_openml_creditcard_42397
76.19,18.94,346,Wallet,13,0,synthetic
212.58,73.45,1123,COD,10,0,synthetic
287.22,109.09,1618,Prepaid,23,0,synthetic
116.7,5.0,215,Prepaid,12,0,real_openml_creditcard_42397
572.91,95.21,1708,Wallet,23,0,synthetic
628.34,66.36,1412,Wallet,18,0,synthetic
684.91,73.4,1547,COD,8,0,synthetic
152.13,2.59,218,Wallet,0,0,real_openml_creditcard_42397
641.02,80.25,1590,Prepaid,2,0,synthetic
218.14,18.47,468,Prepaid,19,0,real_openml_creditcard_42397
6.3,96.21,1210,COD,23,1,synthetic
471.13,1.57,493,Wallet,0,0,synthetic
121.0,27.19,485,COD,4,0,synthetic
78.68,6.27,196,COD,11,0,real_openml_creditcard_42397
447.6,107.38,1741,Wallet,19,0,synthetic
267.85,107.31,1579,Wallet,22,0,synthetic
747.96,1.54,742,Wallet,15,0,synthetic
61.72,14.37,278,Wallet,13,0,real_openml_creditcard_42397
748.09,79.55,1678,COD,23,0,synthetic
137.86,68.01,990,Prepaid,0,0,synthetic
324.5,28.01,678,Wallet,1,0,synthetic
15.9,12.64,216,COD,16,0,real_openml_creditcard_42397
118.92,5.06,218,Prepaid,18,0,synthetic
372.43,105.83,1655,Prepaid,13,0,synthetic
571.83,107.51,1855,Wallet,15,0,synthetic
138.05,32.48,564,Wallet,11,0,real_openml_creditcard_42397
1841.0,7.09,1792,COD,13,0,real_openml_creditcard_42397
604.03,38.92,1061,Wallet,23,0,synthetic
254.72,77.75,1212,Wallet,1,0,synthetic
72.57,10.39,240,Wallet,12,0,real_openml_creditcard_42397
249.71,96.12,1428,COD,12,0,synthetic
107.43,12.03,291,COD,17,0,real_openml_creditcard_42397
128.56,2.86,200,COD,5,0,real_openml_creditcard_42397
67.67,8.76,216,Prepaid,18,0,real_openml_creditcard_42397
382.22,115.74,1783,Wallet,8,0,synthetic
197.1,4.47,281,COD,16,0,real_openml_creditcard_42397
266.07,7.88,384,Wallet,20,0,real_openml_creditcard_42397
76.07,11.29,254,Prepaid,12,0,real_openml_creditcard_42397
520.56,92.74,1631,Prepaid,16,0,synthetic
267.67,56.29,966,COD,7,0,synthetic
150.68,4.78,243,Prepaid,21,0,real_openml_creditcard_42397
374.89,31.0,759,COD,19,0,synthetic
160.12,1.41,211,Prepaid,17,0,real_openml_creditcard_42397
102.95,4.03,191,Wallet,18,0,real_openml_creditcard_42397
479.76,110.98,1814,Wallet,1,1,synthetic
798.08,58.18,1466,COD,6,1,synthetic
84.49,29.5,480,COD,12,0,real_openml_creditcard_42397
31.68,16.29,274,COD,21,0,real_openml_creditcard_42397
754.11,62.77,1482,Prepaid,5,1,synthetic
7.29,10.45,182,Prepaid,1,0,real_openml_creditcard_42397
580.87,103.29,1812,Wallet,8,0,synthetic
122.29,42.56,671,Prepaid,14,0,synthetic
792.48,15.13,945,Wallet,13,0,synthetic
481.2,43.2,1001,Prepaid,0,0,synthetic
371.9,101.84,1607,Wallet,15,0,synthetic
242.86,102.37,1497,Wallet,3,0,synthetic
308.84,41.89,831,Wallet,6,0,synthetic
707.08,16.81,888,Prepaid,4,0,synthetic
408.56,58.87,1124,Wallet,23,0,synthetic
719.76,10.77,827,Wallet,4,0,synthetic
545.08,76.42,1458,COD,7,0,synthetic
14.14,10.19,185,COD,17,0,real_openml_creditcard_42397
430.75,117.85,1852,COD,7,0,synthetic
190.1,109.16,1531,Wallet,9,0,synthetic
328.78,100.11,1547,Wallet,3,0,synthetic
192.34,5.49,289,Wallet,23,0,real_openml_creditcard_42397
624.33,19.55,847,Wallet,4,0,synthetic
438.37,114.68,1821,Wallet,8,0,synthetic
12.91,17.11,267,COD,23,0,real_openml_creditcard_42397
509.94,27.07,834,Wallet,20,1,synthetic
125.67,1.82,185,COD,21,0,real_openml_creditcard_42397
90.2,5.57,198,Wallet,13,0,real_openml_creditcard_42397
205.82,13.02,392,Wallet,7,0,synthetic
64.92,6.13,182,Wallet,9,0,real_openml_creditcard_42397
78.21,5.38,185,Prepaid,15,0,real_openml_creditcard_42397
217.68,73.38,1127,Prepaid,12,0,synthetic
521.33,77.13,1445,Prepaid,20,1,synthetic
40.98,8.09,184,Prepaid,20,0,real_openml_creditcard_42397
516.13,36.3,950,Prepaid,7,0,synthetic
69.2,7.98,208,Wallet,20,0,real_openml_creditcard_42397
456.42,18.94,688,Wallet,2,0,synthetic
311.39,39.71,807,COD,7,0,synthetic
219.74,10.1,369,COD,18,0,real_openml_creditcard_42397
183.24,8.26,314,COD,12,0,real_openml_creditcard_42397
88.25,11.05,262,Prepaid,0,0,real_openml_creditcard_42397
277.45,104.96,1559,Wallet,23,0,synthetic
179.53,4.99,271,Wallet,16,0,synthetic
599.69,17.46,799,Prepaid,22,0,synthetic
166.81,79.38,1153,Prepaid,5,0,synthetic
146.77,63.85,948,COD,0,0,synthetic
85.42,8.18,225,COD,23,0,real_openml_creditcard_42397
306.95,38.09,783,Prepaid,7,0,synthetic
747.94,110.64,2051,Prepaid,16,0,synthetic
485.22,118.4,1907,Wallet,12,0,synthetic
6.32,11.11,189,COD,21,0,real_openml_creditcard_42397
483.43,48.25,1064,Wallet,13,0,synthetic
66.21,114.1,1479,Prepaid,13,0,synthetic
106.17,3.79,191,Prepaid,16,0,real_openml_creditcard_42397
106.7,114.89,1525,Prepaid,3,0,synthetic
291.42,89.55,1387,Wallet,10,0,synthetic
75.83,31.45,496,COD,7,0,synthetic
300.34,11.7,461,Prepaid,17,0,synthetic
335.67,84.07,1361,Prepaid,21,0,synthetic
27.58,8.93,182,Wallet,19,0,real_openml_creditcard_42397
709.76,4.43,742,Prepaid,1,0,synthetic
91.58,8.05,229,COD,14,0,real_openml_creditcard_42397
85.65,4.49,181,COD,11,0,real_openml_creditcard_42397
105.87,8.31,245,Prepaid,14,0,real_openml_creditcard_42397
262.04,1.76,307,Wallet,19,0,real_openml_creditcard_42397
121.14,11.0,291,Wallet,19,0,real_openml_creditcard_42397
453.48,110.88,1789,Prepaid,14,0,synthetic
133.08,30.76,539,COD,10,0,synthetic
135.55,79.94,1131,Prepaid,6,0,synthetic
69.43,5.79,182,Wallet,0,0,real_openml_creditcard_42397
128.52,25.44,471,COD,17,0,real_openml_creditcard_42397
237.76,20.67,512,Prepaid,13,0,real_openml_creditcard_42397
195.3,51.15,840,Prepaid,3,0,synthetic
174.84,12.8,361,COD,9,0,real_openml_creditcard_42397
160.74,1.61,214,Prepaid,15,0,real_openml_creditcard_42397
773.39,78.69,1690,COD,15,0,synthetic
566.36,16.49,758,COD,0,0,synthetic
384.17,63.18,1154,COD,13,0,synthetic
757.99,20.22,975,COD,17,0,synthetic
106.81,2.99,182,Prepaid,22,0,real_openml_creditcard_42397
118.92,4.75,214,Wallet,23,0,real_openml_creditcard_42397
72.54,7.31,203,Wallet,0,0,real_openml_creditcard_42397
5.22,18.19,273,Prepaid,22,0,real_openml_creditcard_42397
100.08,19.49,374,COD,10,0,real_openml_creditcard_42397
122.18,9.5,274,Prepaid,19,0,real_openml_creditcard_42397
375.84,78.27,1328,COD,6,0,synthetic
438.27,100.86,1655,COD,21,0,synthetic
476.96,68.66,1303,Prepaid,6,0,synthetic
523.98,25.4,826,Wallet,0,0,synthetic
180.45,115.75,1601,Prepaid,15,1,synthetic
51.15,0.95,107,COD,10,0,synthetic
461.81,66.41,1263,COD,10,0,synthetic
134.85,73.73,1056,Prepaid,10,0,synthetic
67.78,111.5,1449,COD,1,0,synthetic
207.4,51.57,855,Wallet,9,0,synthetic
582.57,109.88,1893,Prepaid,11,0,synthetic
551.31,64.16,1316,Prepaid,0,0,synthetic
623.39,89.58,1686,COD,10,0,real_openml_creditcard_42397
125.11,85.86,1193,Prepaid,15,0,synthetic
596.66,50.94,1198,Wallet,6,0,synthetic
401.94,23.48,693,Prepaid,18,0,synthetic
577.37,97.37,1738,COD,19,0,synthetic
542.59,14.86,717,Prepaid,21,0,synthetic
860.66,33.37,1225,Prepaid,13,0,real_openml_creditcard_42397
124.95,10.55,289,COD,17,0,real_openml_creditcard_42397
88.58,16.94,333,Prepaid,21,0,real_openml_creditcard_42397
608.5,86.32,1633,Wallet,10,0,synthetic
63.51,68.11,925,Wallet,15,0,synthetic
41.9,31.86,470,COD,12,0,real_openml_creditcard_42397
746.35,47.25,1289,COD,9,0,synthetic
623.18,93.25,1730,Prepaid,19,0,synthetic
504.41,31.11,877,COD,2,0,synthetic
52.49,11.4,234,Prepaid,10,0,real_openml_creditcard_42397
71.05,19.67,350,COD,14,0,real_openml_creditcard_42397
2.73,11.13,186,Prepaid,0,0,real_openml_creditcard_42397
367.93,49.53,976,Wallet,20,0,synthetic
734.59,1.91,734,Prepaid,10,0,synthetic
55.34,40.43,585,COD,21,0,synthetic
794.49,50.71,1374,Wallet,5,0,synthetic
137.42,1.11,187,Prepaid,7,0,real_openml_creditcard_42397
390.69,108.08,1699,Prepaid,5,0,synthetic
487.54,82.78,1482,COD,9,0,synthetic
336.01,88.0,1408,Prepaid,17,0,synthetic
774.29,2.84,781,Wallet,5,0,synthetic
214.33,0.51,249,Wallet,11,0,real_openml_creditcard_42397
19.11,23.57,350,Wallet,15,0,real_openml_creditcard_42397
458.05,20.76,711,Prepaid,12,0,synthetic
22.73,9.13,180,Prepaid,10,0,real_openml_creditcard_42397
477.23,32.75,873,COD,15,0,synthetic
568.42,51.11,1175,Prepaid,0,0,synthetic
181.07,84.75,1230,Wallet,21,0,real_openml_creditcard_42397
25.96,22.3,341,COD,20,0,real_openml_creditcard_42397
81.97,78.35,1064,COD,18,0,synthetic
450.9,73.88,1342,COD,0,0,synthetic
496.47,75.07,1398,COD,23,0,synthetic
289.01,109.56,1625,Prepaid,2,0,synthetic
683.26,70.51,1511,COD,4,0,synthetic
423.98,106.0,1704,Wallet,17,0,synthetic
100.29,32.74,533,COD,22,1,synthetic
477.92,97.22,1647,Prepaid,5,0,synthetic
18.77,33.59,470,COD,0,0,real_openml_creditcard_42397
792.14,20.95,1014,Wallet,20,0,synthetic
737.58,91.81,1816,Wallet,18,0,synthetic
42.26,11.66,228,COD,21,0,real_openml_creditcard_42397
681.28,103.67,1907,Wallet,22,0,synthetic
73.17,7.76,209,Wallet,18,0,real_openml_creditcard_42397
50.28,16.23,290,COD,14,0,real_openml_creditcard_42397
47.38,9.2,203,Wallet,13,0,real_openml_creditcard_42397
343.29,82.93,1354,Wallet,5,0,synthetic
234.15,1.02,273,COD,21,0,real_openml_creditcard_42397
655.26,54.93,1299,COD,1,0,synthetic
363.91,3.96,425,COD,17,0,real_openml_creditcard_42397
544.81,36.56,979,Wallet,12,0,real_openml_creditcard_42397
334.23,23.9,638,COD,21,0,synthetic
615.11,83.55,1606,COD,16,0,synthetic
445.94,60.72,1180,Prepaid,15,0,real_openml_creditcard_42397
539.09,21.49,793,Prepaid,12,0,synthetic
12.66,19.31,293,Prepaid,22,0,synthetic
469.48,51.9,1095,COD,8,0,synthetic
152.75,5.54,254,COD,14,0,real_openml_creditcard_42397
73.39,8.25,215,Prepaid,13,0,real_openml_creditcard_42397
166.48,15.7,388,Wallet,5,0,synthetic
209.98,52.1,864,Prepaid,5,0,synthetic
717.44,15.79,885,Wallet,3,0,synthetic
717.12,116.68,2096,Wallet,13,0,synthetic
562.8,46.58,1115,COD,11,0,synthetic
58.07,95.15,1244,Prepaid,14,0,synthetic
81.92,104.04,1372,Prepaid,5,0,synthetic
115.12,14.76,331,Prepaid,2,0,synthetic
74.66,10.65,245,Prepaid,9,0,real_openml_creditcard_42397
16.13,35.87,495,Prepaid,18,0,real_openml_creditcard_42397
542.03,54.23,1189,COD,8,0,synthetic
31.35,14.88,257,COD,14,0,synthetic
241.67,25.5,574,Wallet,22,0,synthetic
207.48,13.19,395,Prepaid,8,0,real_openml_creditcard_42397
434.57,54.33,1093,COD,10,0,synthetic
209.08,67.13,1044,Prepaid,4,0,synthetic
10.77,10.03,180,Prepaid,1,0,real_openml_creditcard_42397
470.67,28.29,813,COD,14,0,synthetic
75.09,9.54,232,COD,21,0,real_openml_creditcard_42397
7.49,25.77,366,Wallet,20,0,real_openml_creditcard_42397
59.33,10.22,226,Wallet,15,0,real_openml_creditcard_42397
756.16,75.05,1631,Wallet,9,0,synthetic
30.34,8.56,180,Wallet,9,0,real_openml_creditcard_42397
619.3,72.75,1480,Wallet,1,0,synthetic
695.16,75.51,1582,Prepaid,18,0,synthetic
78.37,5.12,182,COD,19,0,real_openml_creditcard_42397
715.49,100.64,1902,COD,14,0,synthetic
527.9,78.17,1463,COD,16,0,synthetic
62.47,14.15,276,Prepaid,1,0,real_openml_creditcard_42397
210.73,8.61,343,Prepaid,15,0,real_openml_creditcard_42397
295.06,18.28,535,COD,11,0,synthetic
779.54,29.65,1107,Prepaid,4,0,synthetic
6.05,13.13,213,Wallet,19,0,real_openml_creditcard_42397
520.61,37.97,974,COD,11,0,synthetic
21.41,103.48,1311,Prepaid,2,0,synthetic
681.18,3.9,710,COD,4,0,synthetic
137.77,0.67,182,Prepaid,11,0,real_openml_creditcard_42397
420.76,77.16,1355,Prepaid,18,0,synthetic
82.51,4.81,182,COD,17,0,real_openml_creditcard_42397
468.09,88.88,1538,Wallet,14,0,synthetic
20.6,10.62,196,Prepaid,21,0,real_openml_creditcard_42397
172.99,112.42,1555,COD,9,0,synthetic
28.05,10.98,207,Prepaid,16,0,real_openml_creditcard_42397
140.31,15.39,361,Prepaid,10,0,real_openml_creditcard_42397
144.12,12.94,335,Prepaid,5,0,real_openml_creditcard_42397
339.67,65.96,1147,Wallet,7,0,synthetic
70.07,11.58,252,Prepaid,19,0,real_openml_creditcard_42397
264.95,27.36,617,Prepaid,18,0,synthetic
115.12,4.95,213,COD,21,0,real_openml_creditcard_42397
381.49,12.09,538,Wallet,20,0,synthetic
10.72,14.53,234,COD,8,0,real_openml_creditcard_42397
429.51,50.04,1037,Wallet,19,0,synthetic
92.16,6.5,211,Wallet,21,0,real_openml_creditcard_42397
439.15,26.99,769,Prepaid,11,0,synthetic
104.93,12.8,298,Wallet,14,0,real_openml_creditcard_42397
1.0,25.73,360,COD,22,0,real_openml_creditcard_42397
61.68,10.46,231,COD,22,0,real_openml_creditcard_42397
597.3,48.92,1175,Prepaid,15,0,synthetic
251.51,0.8,286,Wallet,14,0,real_openml_creditcard_42397
473.7,58.12,1174,Wallet,15,0,synthetic
607.96,51.95,1221,Wallet,22,0,synthetic
320.38,54.63,994,Prepaid,22,0,synthetic
456.64,65.79,1250,Wallet,22,0,synthetic
46.5,7.51,182,Prepaid,23,0,real_openml_creditcard_42397
24.84,41.9,575,COD,9,0,synthetic
129.44,4.38,219,Prepaid,22,0,real_openml_creditcard_42397
616.86,112.81,1959,Prepaid,16,0,synthetic
384.1,67.46,1205,COD,1,0,synthetic
791.83,60.96,1494,Prepaid,10,0,synthetic
117.67,2.34,184,Prepaid,8,0,real_openml_creditcard_42397
99.46,15.71,328,Prepaid,8,0,real_openml_creditcard_42397
242.58,14.39,441,Prepaid,23,0,real_openml_creditcard_42397
464.75,26.56,787,COD,12,0,synthetic
2.79,61.52,791,COD,6,0,synthetic
720.9,38.22,1157,Prepaid,0,0,synthetic
725.92,39.01,1171,COD,7,0,synthetic
1247.78,7.5,1263,COD,15,0,real_openml_creditcard_42397
40.92,21.26,342,Prepaid,17,0,real_openml_creditcard_42397
180.2,63.32,972,Wallet,18,0,synthetic
209.49,99.57,1433,Wallet,14,0,synthetic
571.95,103.21,1803,Prepaid,23,0,synthetic
80.66,5.2,185,COD,21,0,real_openml_creditcard_42397
237.79,49.25,855,COD,12,0,synthetic
432.71,116.12,1833,Prepaid,9,0,synthetic
757.58,17.43,941,COD,14,0,synthetic
247.88,10.49,399,Wallet,14,0,real_openml_creditcard_42397
316.46,115.56,1722,Prepaid,10,0,synthetic
551.03,27.18,872,Prepaid,19,0,synthetic
10.53,68.99,887,Prepaid,19,0,synthetic
5.19,115.18,1437,COD,16,1,synthetic
23.17,16.6,270,COD,14,0,real_openml_creditcard_42397
12.77,12.71,214,Wallet,10,0,real_openml_creditcard_42397
85.31,8.85,233,COD,17,0,real_openml_creditcard_42397
484.29,79.91,1445,COD,5,0,synthetic
438.04,18.04,661,Prepaid,19,0,synthetic
182.24,71.29,1069,Wallet,1,0,synthetic
725.45,84.37,1715,Wallet,14,0,synthetic
99.76,54.9,799,COD,17,0,synthetic
93.25,4.01,182,Wallet,10,0,real_openml_creditcard_42397
799.24,85.62,1797,Wallet,1,0,synthetic
136.35,0.77,182,Prepaid,18,0,real_openml_creditcard_42397
128.31,6.96,249,Prepaid,20,0,real_openml_creditcard_42397
640.95,107.32,1915,Prepaid,8,0,synthetic
564.82,18.21,777,COD,14,0,synthetic
72.74,6.29,191,Wallet,16,0,real_openml_creditcard_42397
55.58,51.27,715,Prepaid,7,0,synthetic
256.84,103.52,1523,COD,13,0,synthetic
394.1,58.73,1109,COD,14,0,synthetic
662.34,66.04,1439,Prepaid,11,0,synthetic
560.7,94.71,1691,Wallet,0,0,synthetic
547.6,18.99,771,COD,23,0,synthetic
453.39,0.66,466,Prepaid,11,0,real_openml_creditcard_42397
594.62,4.57,640,Prepaid,16,0,synthetic
7.57,41.1,550,COD,0,0,real_openml_creditcard_42397
204.08,117.35,1642,COD,19,0,synthetic
278.97,74.23,1192,Wallet,18,0,synthetic
687.41,11.78,810,Wallet,21,0,synthetic
320.4,61.53,1077,Prepaid,0,0,synthetic
109.05,114.58,1523,Wallet,5,0,synthetic
61.21,9.24,216,Wallet,23,0,real_openml_creditcard_42397
117.19,2.29,183,Wallet,17,0,real_openml_creditcard_42397
149.78,24.12,474,COD,19,0,synthetic
65.27,26.6,428,Wallet,9,0,real_openml_creditcard_42397
130.06,72.13,1033,Wallet,23,0,synthetic
490.73,34.43,905,Wallet,20,0,synthetic
691.02,110.66,2000,Wallet,8,0,synthetic
26.92,10.56,201,COD,11,0,real_openml_creditcard_42397
372.47,114.9,1764,Wallet,21,0,synthetic
68.97,7.16,198,Prepaid,8,0,real_openml_creditcard_42397
132.6,10.39,294,COD,10,0,real_openml_creditcard_42397
433.1,111.05,1772,COD,18,0,synthetic
397.94,70.94,1259,Prepaid,20,0,synthetic
315.49,50.15,936,COD,5,0,synthetic
102.7,8.88,249,Prepaid,10,0,real_openml_creditcard_42397
46.45,90.11,1173,Wallet,16,0,synthetic
427.71,12.0,579,Prepaid,14,0,real_openml_creditcard_42397
16.03,9.8,182,Prepaid,20,0,real_openml_creditcard_42397
91.98,20.85,383,COD,9,0,real_openml_creditcard_42397
39.54,25.28,389,Wallet,10,0,real_openml_creditcard_42397
613.72,10.29,726,Wallet,5,0,synthetic
724.73,60.28,1426,Wallet,3,0,synthetic
789.49,27.93,1096,Prepaid,13,0,synthetic
482.69,16.61,684,Prepaid,13,0,synthetic
20.79,9.44,182,Prepaid,22,0,real_openml_creditcard_42397
608.18,83.62,1601,COD,4,0,synthetic
10.52,13.79,225,COD,21,0,real_openml_creditcard_42397
102.85,6.79,224,COD,16,0,real_openml_creditcard_42397
781.02,65.68,1541,Prepaid,11,0,synthetic
144.01,6.12,253,COD,5,0,real_openml_creditcard_42397
89.63,4.53,185,COD,20,0,real_openml_creditcard_42397
104.87,4.47,198,Wallet,17,0,real_openml_creditcard_42397
117.9,2.16,182,Prepaid,0,0,real_openml_creditcard_42397
83.72,73.3,1005,Prepaid,15,0,synthetic
368.52,81.18,1356,COD,21,0,synthetic
276.93,72.76,1172,Prepaid,3,0,synthetic
203.97,68.78,1059,COD,18,0,synthetic
421.4,1.88,452,COD,14,0,synthetic
37.25,31.62,463,Prepaid,14,0,synthetic
766.48,116.75,2141,Wallet,4,0,synthetic
364.42,1.0,390,Wallet,15,0,real_openml_creditcard_42397
170.2,51.93,826,COD,22,1,synthetic
3.47,17.99,269,Prepaid,10,0,real_openml_creditcard_42397
470.26,105.75,1742,Prepaid,23,0,synthetic
14.47,11.92,206,Wallet,13,0,real_openml_creditcard_42397
128.88,108.55,1469,Prepaid,11,0,synthetic
395.91,24.1,696,Wallet,9,0,synthetic
729.56,103.72,1951,Prepaid,14,0,synthetic
313.61,8.15,430,COD,8,0,real_openml_creditcard_42397
194.73,40.89,716,COD,19,0,real_openml_creditcard_42397
9.81,10.35,183,COD,21,0,real_openml_creditcard_42397
263.02,6.19,361,Prepaid,17,0,real_openml_creditcard_42397
482.03,104.47,1737,Prepaid,8,0,synthetic
226.09,22.88,528,COD,6,0,real_openml_creditcard_42397
1711.67,117.37,2999,Prepaid,11,0,real_openml_creditcard_42397
672.89,56.58,1335,COD,19,0,synthetic
287.23,81.34,1285,Prepaid,9,0,synthetic
161.31,1.99,219,Prepaid,13,0,real_openml_creditcard_42397
145.85,25.39,486,Prepaid,2,0,synthetic
20.21,9.65,184,Wallet,13,0,real_openml_creditcard_42397
593.94,52.16,1211,Prepaid,14,0,synthetic
413.32,115.92,1813,COD,6,0,synthetic
74.95,66.71,918,Prepaid,1,0,synthetic
100.29,15.23,323,COD,22,0,real_openml_creditcard_42397
567.6,104.19,1811,COD,20,0,synthetic
544.74,59.95,1260,Prepaid,14,0,synthetic
70.01,6.33,189,Wallet,14,0,real_openml_creditcard_42397
133.34,71.07,1023,COD,5,0,synthetic
241.97,68.08,1085,Prepaid,17,0,synthetic
658.63,54.73,1300,Prepaid,22,0,synthetic
1487.73,1.5,1407,Prepaid,6,0,real_openml_creditcard_42397
34.94,33.46,483,COD,7,0,real_openml_creditcard_42397
454.27,5.37,523,COD,13,0,synthetic
326.06,7.96,439,COD,10,0,real_openml_creditcard_42397
204.36,4.25,285,Prepaid,5,0,synthetic
55.31,8.02,196,COD,23,0,real_openml_creditcard_42397
625.99,89.88,1692,Wallet,2,0,synthetic
150.35,2.81,219,Wallet,20,0,real_openml_creditcard_42397
193.17,7.51,314,Prepaid,10,0,real_openml_creditcard_42397
517.43,78.02,1452,COD,0,0,synthetic
76.85,110.58,1446,COD,4,0,synthetic
315.51,31.36,710,Wallet,12,0,synthetic
217.48,89.89,1324,Wallet,14,0,synthetic
62.69,23.13,384,COD,23,0,real_openml_creditcard_42397
166.68,2.83,234,Prepaid,10,0,real_openml_creditcard_42397
426.5,13.31,594,Prepaid,8,0,synthetic
99.0,117.08,1544,Prepaid,1,0,synthetic
65.98,43.85,636,Wallet,8,0,synthetic
715.92,12.56,845,Wallet,21,0,synthetic
118.0,4.9,215,Wallet,18,0,real_openml_creditcard_42397
745.91,22.85,996,Wallet,7,0,synthetic
83.36,4.92,184,COD,14,0,real_openml_creditcard_42397
133.88,0.96,182,Wallet,21,0,real_openml_creditcard_42397
169.79,21.68,463,COD,12,0,real_openml_creditcard_42397
4.51,32.46,444,Prepaid,14,0,synthetic
314.14,42.15,838,Prepaid,2,0,synthetic
172.71,0.88,216,COD,7,0,real_openml_creditcard_42397
149.54,0.53,191,COD,15,0,real_openml_creditcard_42397
308.01,21.41,584,Wallet,22,0,synthetic
210.96,110.04,1560,Prepaid,5,0,synthetic
15.61,11.41,201,Wallet,17,0,real_openml_creditcard_42397
188.2,87.76,1273,Wallet,8,0,synthetic
384.12,84.02,1404,Prepaid,12,0,real_openml_creditcard_42397
607.64,38.7,1061,COD,13,0,synthetic
4.08,12.67,206,Wallet,4,0,synthetic
266.73,88.79,1356,Prepaid,20,0,synthetic
67.55,24.92,410,Wallet,3,0,synthetic
762.74,57.29,1424,Wallet,5,0,synthetic
223.42,17.0,455,Wallet,8,0,synthetic
129.08,16.78,368,COD,13,0,synthetic
136.2,1.03,185,Prepaid,0,0,real_openml_creditcard_42397
668.98,83.28,1651,Prepaid,15,0,synthetic
476.56,79.49,1433,COD,8,0,synthetic
153.14,0.68,196,Prepaid,22,0,real_openml_creditcard_42397
681.95,117.76,2077,COD,21,0,synthetic
413.74,88.46,1484,COD,3,0,synthetic
742.08,71.89,1581,Wallet,2,0,synthetic
1.89,20.53,298,COD,11,0,real_openml_creditcard_42397
2655.89,70.89,3291,Prepaid,10,0,real_openml_creditcard_42397
508.73,85.99,1540,Wallet,15,0,synthetic
119.78,3.68,202,Prepaid,14,0,real_openml_creditcard_42397
78.2,76.09,1033,COD,15,0,synthetic
233.56,2.07,285,Prepaid,10,0,real_openml_creditcard_42397
428.16,55.1,1097,Prepaid,7,0,synthetic
404.37,14.48,588,Wallet,6,0,synthetic
771.33,14.52,918,Wallet,2,0,synthetic
90.56,10.21,254,Wallet,19,0,real_openml_creditcard_42397
88.1,8.23,228,Prepaid,13,0,real_openml_creditcard_42397
370.64,110.57,1710,Wallet,10,0,synthetic
767.02,19.48,974,Prepaid,1,0,synthetic
788.7,78.65,1704,Wallet,16,0,synthetic
268.65,3.81,338,COD,5,0,synthetic
611.81,118.88,2027,Prepaid,8,0,synthetic
119.95,10.92,289,COD,23,0,real_openml_creditcard_42397
58.64,6.6,182,Wallet,20,0,real_openml_creditcard_42397
280.97,116.48,1701,Prepaid,19,0,synthetic
96.73,57.74,830,Prepaid,11,0,synthetic
368.86,16.11,575,Prepaid,11,0,synthetic
107.18,2.96,182,Wallet,21,0,real_openml_creditcard_42397
384.85,69.59,1231,Prepaid,10,0,synthetic
491.81,53.95,1140,Prepaid,6,0,synthetic
344.11,88.25,1419,COD,6,0,synthetic
502.1,68.09,1319,Wallet,9,0,real_openml_creditcard_42397
111.2,43.46,672,COD,11,0,synthetic
446.54,38.41,913,Wallet,10,0,synthetic
191.8,5.7,291,COD,22,0,real_openml_creditcard_42397
255.95,38.71,745,Wallet,3,0,synthetic
17.76,10.92,197,Wallet,23,0,real_openml_creditcard_42397
406.74,6.95,499,COD,12,0,synthetic
583.73,88.46,1637,Wallet,1,1,synthetic
105.13,88.7,1209,Prepaid,15,0,real_openml_creditcard_42397
92.76,1.68,154,COD,9,0,synthetic
482.61,80.39,1449,Wallet,8,0,synthetic
223.48,83.62,1255,Prepaid,4,0,synthetic
130.73,18.96,395,Wallet,4,0,synthetic
583.15,102.82,1809,COD,11,0,synthetic
550.84,8.81,652,Prepaid,1,0,synthetic
353.34,102.22,1595,COD,20,0,synthetic
83.87,43.82,651,Prepaid,20,0,synthetic
10.41,108.82,1365,Wallet,23,0,synthetic
54.99,96.46,1257,Prepaid,7,0,synthetic
777.34,12.07,894,Prepaid,3,1,synthetic
639.58,72.49,1495,Wallet,12,0,synthetic
247.54,18.65,497,COD,13,0,synthetic
43.03,10.02,209,Prepaid,16,0,real_openml_creditcard_42397
86.48,5.85,198,Wallet,19,0,real_openml_creditcard_42397
57.59,107.79,1395,Wallet,5,0,synthetic
115.04,22.31,421,Prepaid,20,0,synthetic
435.99,90.85,1533,COD,4,0,synthetic
51.43,20.31,340,Prepaid,14,0,real_openml_creditcard_42397
41.93,8.44,189,COD,20,0,real_openml_creditcard_42397
16.61,41.0,557,COD,10,0,real_openml_creditcard_42397
130.08,20.06,408,COD,8,0,synthetic
350.38,62.23,1112,COD,16,1,synthetic
161.26,1.07,208,COD,11,0,real_openml_creditcard_42397
425.81,78.62,1377,Prepaid,2,0,synthetic
420.57,111.91,1771,Wallet,22,0,synthetic
530.06,61.9,1270,Prepaid,10,0,synthetic
139.95,75.17,1078,Prepaid,3,0,synthetic
208.98,1.33,254,COD,22,0,real_openml_creditcard_42397
82.01,4.85,182,Prepaid,15,0,real_openml_creditcard_42397
67.34,5.95,182,Prepaid,21,0,real_openml_creditcard_42397
219.14,12.04,392,COD,10,0,synthetic
150.5,24.1,475,COD,17,0,synthetic
304.74,33.18,722,Wallet,7,0,synthetic
53.8,10.55,225,Wallet,10,0,real_openml_creditcard_42397
146.81,3.24,221,Wallet,13,0,real_openml_creditcard_42397
9.04,105.89,1329,Wallet,5,0,synthetic
570.47,14.56,738,Prepaid,18,0,synthetic
47.93,59.22,804,Prepaid,23,0,synthetic
60.67,6.06,177,COD,13,0,synthetic
551.81,21.52,805,Prepaid,16,0,synthetic
159.33,13.72,358,Prepaid,22,0,real_openml_creditcard_42397
343.9,50.38,964,Prepaid,19,0,synthetic
40.34,22.06,351,COD,11,0,synthetic
402.51,5.01,472,COD,6,1,synthetic
595.42,117.78,1999,Wallet,23,0,synthetic
639.32,57.81,1319,Wallet,1,0,synthetic
396.51,98.25,1586,Wallet,3,0,synthetic
95.99,9.72,253,COD,12,0,real_openml_creditcard_42397
196.4,3.69,271,COD,14,0,real_openml_creditcard_42397
120.66,1.34,175,Prepaid,17,0,synthetic
477.48,62.9,1234,Wallet,16,0,synthetic
435.19,29.03,790,Prepaid,19,0,real_openml_creditcard_42397
85.94,7.8,221,COD,4,0,real_openml_creditcard_42397
676.89,62.95,1415,COD,11,0,synthetic
80.9,8.02,219,Wallet,16,0,real_openml_creditcard_42397
376.6,2.84,423,Prepaid,21,0,real_openml_creditcard_42397
204.89,85.48,1260,Prepaid,14,0,synthetic
276.25,84.72,1315,Prepaid,3,0,synthetic
183.26,119.09,1644,COD,1,0,synthetic
157.31,9.62,307,Wallet,6,0,real_openml_creditcard_42397
50.83,15.94,287,COD,13,0,real_openml_creditcard_42397
139.85,103.11,1413,Prepaid,23,0,synthetic
496.16,16.7,697,Wallet,20,0,real_openml_creditcard_42397
204.89,20.3,478,Wallet,22,0,real_openml_creditcard_42397
163.17,11.51,335,Prepaid,19,0,real_openml_creditcard_42397
634.07,32.22,1007,Wallet,12,0,synthetic
8.55,16.86,260,COD,15,0,real_openml_creditcard_42397
634.01,113.06,1977,COD,14,0,synthetic
455.81,107.3,1748,Prepaid,10,0,synthetic
648.2,67.88,1448,Prepaid,4,1,synthetic
306.31,47.72,898,Wallet,12,0,synthetic
544.15,36.5,978,Wallet,20,0,synthetic
2.29,30.41,417,Wallet,20,0,real_openml_creditcard_42397
13.22,13.59,225,Prepaid,8,0,real_openml_creditcard_42397
345.14,38.86,827,Prepaid,11,0,synthetic
79.79,5.27,185,COD,20,0,real_openml_creditcard_42397
107.09,100.16,1348,COD,12,0,synthetic
195.96,22.55,497,COD,15,0,real_openml_creditcard_42397
59.63,8.44,205,Wallet,13,0,real_openml_creditcard_42397
482.11,112.19,1830,COD,9,0,synthetic
771.53,35.72,1173,Wallet,16,0,synthetic
412.94,70.51,1268,Prepaid,0,0,synthetic
87.14,57.71,821,COD,15,0,synthetic
200.68,22.0,495,COD,8,0,synthetic
71.94,93.44,1236,Wallet,12,0,synthetic
45.73,20.82,341,Wallet,12,0,real_openml_creditcard_42397
287.03,4.56,363,COD,22,0,real_openml_creditcard_42397
590.18,84.19,1591,Wallet,9,0,synthetic
34.29,9.26,192,Wallet,8,0,real_openml_creditcard_42397
221.19,56.73,930,Prepaid,5,0,synthetic
736.13,91.52,1811,Wallet,23,0,synthetic
158.54,45.23,735,Wallet,13,0,synthetic
43.54,7.65,181,COD,17,0,real_openml_creditcard_42397
85.55,102.91,1362,Wallet,21,0,synthetic
88.07,14.73,306,COD,21,0,real_openml_creditcard_42397
530.59,10.7,656,Wallet,20,0,synthetic
142.84,62.09,924,Wallet,20,0,synthetic
412.83,39.43,895,Prepaid,19,0,synthetic
126.83,1.65,184,Prepaid,20,0,real_openml_creditcard_42397
152.85,107.86,1482,COD,20,0,synthetic
598.69,29.52,943,COD,6,0,synthetic
92.97,5.94,205,Prepaid,17,0,real_openml_creditcard_42397
28.23,15.55,262,Prepaid,12,0,real_openml_creditcard_42397
151.78,102.14,1412,Prepaid,23,0,synthetic
1.95,33.53,454,Prepaid,2,0,synthetic
760.97,70.23,1578,COD,1,0,synthetic
684.92,85.26,1690,Wallet,4,0,synthetic
680.39,66.04,1455,Prepaid,5,0,synthetic
379.31,20.14,633,Wallet,15,0,synthetic
306.88,19.23,557,Wallet,11,0,real_openml_creditcard_42397
149.98,0.67,193,Wallet,23,0,real_openml_creditcard_42397
283.27,49.09,894,Wallet,7,0,synthetic
496.52,25.09,798,Wallet,0,0,synthetic
697.11,47.33,1245,Wallet,6,0,synthetic
387.14,44.62,934,Prepaid,7,0,synthetic
554.77,33.12,947,COD,19,0,synthetic
74.64,7.32,205,COD,10,0,real_openml_creditcard_42397
794.28,95.92,1916,Prepaid,6,0,synthetic
459.1,84.51,1477,Prepaid,4,0,synthetic
240.47,119.01,1695,Wallet,4,0,synthetic
190.5,38.27,681,Wallet,12,1,synthetic
68.23,6.3,187,Wallet,22,0,real_openml_creditcard_42397
252.1,101.92,1500,COD,2,0,synthetic
192.63,4.05,272,Wallet,16,0,real_openml_creditcard_42397
353.72,111.54,1707,Wallet,4,0,synthetic
162.85,83.53,1199,Prepaid,19,0,synthetic
169.93,81.1,1176,Wallet,10,0,synthetic
416.54,43.3,945,Prepaid,17,0,synthetic
535.64,65.91,1323,Wallet,14,0,synthetic
542.9,57.7,1231,Wallet,23,0,synthetic
299.4,119.15,1749,Wallet,13,0,synthetic
261.91,24.14,575,Wallet,3,0,synthetic
491.66,7.0,576,COD,23,0,synthetic
185.52,2.75,250,Wallet,15,0,real_openml_creditcard_42397
148.2,50.86,794,Wallet,14,0,synthetic
535.67,106.12,1806,Wallet,0,0,synthetic
24.65,19.15,302,COD,18,0,real_openml_creditcard_42397
29.11,10.62,204,Prepaid,16,0,synthetic
129.12,104.01,1414,Prepaid,14,0,synthetic
338.61,26.02,667,Wallet,19,0,synthetic
683.37,55.09,1326,COD,13,0,synthetic
5.41,11.18,189,Prepaid,0,0,real_openml_creditcard_42397
796.49,90.86,1857,Wallet,8,0,synthetic
131.14,11.25,303,COD,11,0,real_openml_creditcard_42397
53.6,16.23,293,COD,10,0,real_openml_creditcard_42397
126.82,1.82,186,Prepaid,19,0,real_openml_creditcard_42397
123.67,100.6,1368,Prepaid,23,0,synthetic
704.28,71.66,1544,COD,11,0,synthetic
84.5,79.56,1081,COD,11,0,synthetic
588.92,7.44,669,Prepaid,21,0,synthetic
24.96,12.21,219,Prepaid,7,0,real_openml_creditcard_42397
14.78,11.06,196,Prepaid,0,0,real_openml_creditcard_42397
706.15,94.85,1824,COD,2,1,synthetic
739.3,96.2,1870,Wallet,4,0,synthetic
2428.65,141.43,3933,COD,23,0,real_openml_creditcard_42397
697.61,34.01,1086,Prepaid,10,0,synthetic
170.98,109.08,1513,Wallet,15,0,synthetic
207.38,57.78,930,Wallet,22,0,real_openml_creditcard_42397
243.49,100.42,1474,Wallet,11,0,synthetic
103.64,5.31,207,Prepaid,18,0,real_openml_creditcard_42397
721.28,13.49,861,Wallet,20,0,synthetic
119.13,2.06,182,COD,12,0,real_openml_creditcard_42397
56.01,8.13,198,Wallet,21,0,real_openml_creditcard_42397
282.34,34.85,722,COD,6,0,synthetic
148.72,2.26,211,Wallet,17,0,real_openml_creditcard_42397
63.53,91.08,1200,Wallet,2,0,synthetic
798.66,55.64,1437,Wallet,22,0,synthetic
138.45,32.14,560,COD,11,0,synthetic
76.37,12.36,267,Wallet,11,0,real_openml_creditcard_42397
91.8,14.78,310,COD,11,0,real_openml_creditcard_42397
62.56,48.63,690,Prepaid,19,0,synthetic
537.19,111.53,1872,Wallet,20,0,synthetic
156.01,78.27,1130,Prepaid,7,0,synthetic
109.09,6.73,229,COD,21,0,real_openml_creditcard_42397
129.42,1.54,185,COD,19,0,real_openml_creditcard_42397
584.98,72.1,1442,COD,12,0,synthetic
133.56,0.98,182,Wallet,19,0,real_openml_creditcard_42397
128.05,1.81,187,COD,9,0,real_openml_creditcard_42397
12.5,22.73,334,Prepaid,16,0,real_openml_creditcard_42397
324.59,15.24,525,Prepaid,12,0,real_openml_creditcard_42397
211.94,6.85,323,COD,12,0,real_openml_creditcard_42397
119.15,1.98,181,COD,17,0,real_openml_creditcard_42397
796.14,76.68,1687,COD,12,0,synthetic
762.8,65.49,1522,Prepaid,6,0,synthetic
657.08,115.54,2028,Prepaid,12,0,synthetic
376.92,17.09,594,Prepaid,0,0,synthetic
104.81,4.31,196,Wallet,19,0,real_openml_creditcard_42397
747.82,48.98,1311,Prepaid,6,0,synthetic
128.77,1.34,182,Wallet,7,0,real_openml_creditcard_42397
54.12,7.86,193,Wallet,13,0,real_openml_creditcard_42397
348.68,27.31,692,Wallet,17,0,synthetic
338.3,70.71,1203,Prepaid,7,0,synthetic
540.92,30.42,902,Wallet,3,0,synthetic
658.35,118.98,2070,COD,14,0,synthetic
249.58,15.95,466,Prepaid,12,0,real_openml_creditcard_42397
84.17,3.7,170,COD,18,0,synthetic
445.63,85.52,1477,Wallet,7,0,synthetic
660.79,119.68,2081,Wallet,0,0,synthetic
475.54,112.68,1830,Prepaid,15,0,synthetic
457.91,8.17,560,COD,10,0,synthetic
771.54,61.71,1485,COD,8,0,synthetic
124.05,7.55,252,Prepaid,10,0,synthetic
306.21,58.95,1033,COD,20,1,synthetic
340.54,3.57,399,Wallet,14,0,synthetic
153.53,3.82,234,Wallet,11,0,real_openml_creditcard_42397
171.77,3.37,245,COD,12,0,real_openml_creditcard_42397
541.96,39.82,1016,COD,15,0,synthetic
7.4,12.11,202,COD,15,0,real_openml_creditcard_42397
759.07,117.49,2143,Wallet,12,0,synthetic
123.84,1.55,180,Prepaid,20,0,real_openml_creditcard_42397
779.63,48.77,1337,Wallet,4,0,synthetic
392.67,70.58,1250,Prepaid,17,0,synthetic
146.89,0.9,193,Wallet,10,0,real_openml_creditcard_42397
73.99,104.11,1366,Prepaid,8,0,synthetic
109.81,100.16,1351,Wallet,0,0,synthetic
100.15,99.55,1335,Prepaid,19,0,synthetic
24.14,9.94,191,Wallet,0,0,real_openml_creditcard_42397
32.6,17.97,295,Wallet,11,0,real_openml_creditcard_42397
64.6,6.9,191,COD,10,0,real_openml_creditcard_42397
278.13,99.92,1499,COD,16,0,synthetic
209.73,76.9,1162,Wallet,23,0,synthetic
702.83,85.36,1707,Prepaid,23,0,synthetic
133.02,1.11,183,COD,23,0,real_openml_creditcard_42397
9.62,24.28,350,Wallet,22,0,real_openml_creditcard_42397
72.2,12.75,268,Prepaid,13,0,real_openml_creditcard_42397
199.65,1.11,243,Wallet,18,0,real_openml_creditcard_42397
666.75,69.45,1484,Wallet,17,1,synthetic
437.98,114.24,1815,Prepaid,14,0,synthetic
654.38,32.89,1034,Prepaid,19,0,synthetic
58.08,6.64,182,Wallet,23,0,real_openml_creditcard_42397
746.15,32.13,1107,Prepaid,15,0,synthetic
574.73,2.9,602,COD,23,0,real_openml_creditcard_42397
111.84,3.95,198,COD,21,0,real_openml_creditcard_42397
349.24,19.96,604,Prepaid,10,0,synthetic
260.78,19.1,514,COD,13,0,synthetic
136.07,0.96,184,Prepaid,6,0,real_openml_creditcard_42397
4.47,12.88,209,Wallet,6,0,synthetic
107.02,4.14,196,Prepaid,9,0,real_openml_creditcard_42397
162.1,8.09,293,Prepaid,14,0,real_openml_creditcard_42397
50.71,34.43,509,COD,5,0,synthetic
592.12,87.02,1627,Wallet,8,0,synthetic
306.88,102.88,1561,COD,21,0,synthetic
528.71,106.69,1806,Wallet,9,0,synthetic
50.06,7.08,180,COD,0,0,real_openml_creditcard_42397
21.02,35.68,497,Wallet,6,1,synthetic
339.9,46.06,909,COD,7,0,synthetic
511.05,16.09,703,COD,23,0,real_openml_creditcard_42397
108.31,3.63,191,Wallet,12,0,real_openml_creditcard_42397
33.77,15.88,271,Wallet,15,0,real_openml_creditcard_42397
139.93,2.09,201,COD,11,0,real_openml_creditcard_42397
708.5,99.03,1876,Prepaid,12,0,synthetic
332.96,114.28,1721,COD,21,0,synthetic
713.89,10.9,823,Wallet,0,0,synthetic
527.32,107.44,1814,COD,19,0,synthetic
402.49,74.2,1303,COD,11,0,synthetic
726.71,9.08,813,Wallet,22,0,real_openml_creditcard_42397
376.38,115.15,1770,COD,13,0,synthetic
57.76,10.75,231,Prepaid,10,0,real_openml_creditcard_42397
1.0,19.25,282,Prepaid,9,0,real_openml_creditcard_42397
240.52,37.43,716,COD,22,0,synthetic
760.53,2.14,760,Wallet,17,0,synthetic
670.69,93.24,1773,Wallet,6,0,synthetic
166.06,5.3,263,COD,9,0,real_openml_creditcard_42397
558.62,12.85,707,COD,6,1,synthetic
541.0,8.94,644,Wallet,6,0,synthetic
39.93,10.26,209,Wallet,12,0,real_openml_creditcard_42397
82.53,41.03,617,COD,17,0,synthetic
98.77,21.84,401,COD,7,0,real_openml_creditcard_42397
37.12,41.25,578,Wallet,16,0,synthetic
42.64,8.39,189,Wallet,11,0,real_openml_creditcard_42397
522.1,38.34,980,Prepaid,22,0,real_openml_creditcard_42397
293.09,9.68,430,Wallet,11,0,real_openml_creditcard_42397
89.17,9.44,244,COD,7,0,synthetic
167.35,5.52,267,Prepaid,11,0,synthetic
130.76,31.11,541,COD,22,0,real_openml_creditcard_42397
195.0,11.29,361,COD,12,0,real_openml_creditcard_42397
517.51,41.83,1018,COD,8,0,synthetic
76.81,5.99,191,COD,19,0,real_openml_creditcard_42397
179.19,65.72,1000,Prepaid,9,0,synthetic
80.98,99.67,1319,COD,16,0,synthetic
442.14,53.17,1086,Prepaid,12,0,real_openml_creditcard_42397
84.48,6.5,204,Wallet,19,0,real_openml_creditcard_42397
264.14,72.14,1153,Prepaid,4,1,synthetic
241.58,5.97,339,COD,9,0,real_openml_creditcard_42397
418.05,111.89,1769,COD,23,0,synthetic
285.21,94.07,1436,COD,12,0,synthetic
600.58,32.72,983,Wallet,16,0,synthetic
787.22,107.11,2044,Prepaid,7,0,synthetic
550.07,29.12,894,COD,17,0,synthetic
6.22,22.12,321,Wallet,16,0,real_openml_creditcard_42397
68.06,74.25,1002,Prepaid,7,0,synthetic
680.06,63.13,1420,Wallet,19,0,synthetic
80.97,67.66,935,Wallet,12,0,synthetic
222.69,14.8,428,Prepaid,0,0,real_openml_creditcard_42397
62.86,12.79,260,Prepaid,11,0,real_openml_creditcard_42397
432.77,16.44,637,COD,5,0,synthetic
425.21,88.67,1497,COD,20,0,synthetic
279.88,8.43,403,Prepaid,9,0,real_openml_creditcard_42397
122.38,4.4,213,Wallet,16,0,real_openml_creditcard_42397
132.56,3.89,216,COD,18,0,real_openml_creditcard_42397
4.68,13.9,221,Wallet,20,0,real_openml_creditcard_42397
558.54,19.38,785,COD,7,0,synthetic
318.56,33.86,743,Wallet,18,0,real_openml_creditcard_42397
258.47,42.8,796,Wallet,12,0,synthetic
386.45,4.35,450,COD,8,0,real_openml_creditcard_42397
596.25,91.88,1689,Wallet,5,0,synthetic
117.54,9.02,264,Wallet,20,0,real_openml_creditcard_42397
526.56,11.2,658,Prepaid,12,0,synthetic
179.64,1.86,234,Wallet,17,0,real_openml_creditcard_42397
390.95,114.98,1782,Prepaid,7,0,synthetic
657.87,20.25,885,Wallet,14,0,synthetic
94.52,50.92,746,Prepaid,9,0,synthetic
107.99,7.15,233,COD,17,0,real_openml_creditcard_42397
142.16,63.64,942,Prepaid,18,0,synthetic
399.38,50.74,1018,Prepaid,0,0,synthetic
522.29,67.59,1331,COD,13,0,synthetic
658.91,116.68,2043,Wallet,9,0,synthetic
430.37,32.89,832,COD,2,0,synthetic
240.63,78.98,1214,Wallet,22,0,synthetic
164.92,2.55,229,COD,4,0,real_openml_creditcard_42397
19.44,9.54,182,Prepaid,19,0,real_openml_creditcard_42397
760.74,112.11,2080,Wallet,12,0,synthetic
285.8,2.81,341,Wallet,14,0,real_openml_creditcard_42397
143.54,2.07,204,COD,5,0,real_openml_creditcard_42397
658.68,77.41,1572,Wallet,14,0,synthetic
710.8,61.65,1429,Prepaid,23,0,synthetic
43.3,11.34,225,COD,21,0,real_openml_creditcard_42397
2.25,14.75,229,COD,9,0,real_openml_creditcard_42397
215.36,49.83,842,Wallet,6,0,synthetic
47.83,9.58,208,COD,10,0,real_openml_creditcard_42397
342.24,14.96,538,Prepaid,22,0,synthetic
41.6,9.21,198,COD,1,0,real_openml_creditcard_42397
49.58,74.99,994,Prepaid,6,0,synthetic
131.9,1.86,191,Wallet,22,0,real_openml_creditcard_42397
610.68,116.0,1992,Wallet,16,0,synthetic
314.91,33.83,739,Prepaid,8,0,synthetic
349.38,107.08,1649,Prepaid,19,0,synthetic
91.07,9.59,247,COD,8,0,real_openml_creditcard_42397
553.93,17.03,753,Wallet,16,0,synthetic
339.93,87.6,1407,COD,6,0,synthetic
105.61,35.01,565,Prepaid,16,0,synthetic
217.77,119.71,1682,Prepaid,22,0,synthetic
524.79,28.09,859,COD,12,0,synthetic
329.14,84.75,1363,Prepaid,1,0,synthetic
681.3,62.04,1408,COD,3,1,synthetic
758.91,93.25,1852,Wallet,15,0,synthetic
628.63,76.91,1539,COD,18,0,synthetic
262.95,112.31,1634,Prepaid,15,0,synthetic
111.4,2.56,181,COD,12,0,real_openml_creditcard_42397
467.46,40.07,952,COD,18,0,synthetic
461.13,50.38,1070,Prepaid,14,0,synthetic
172.64,8.8,311,COD,12,0,real_openml_creditcard_42397
497.11,118.21,1916,Prepaid,10,0,synthetic
415.13,12.44,573,COD,12,0,synthetic
392.83,66.47,1201,Prepaid,4,0,synthetic
168.22,2.05,226,Wallet,20,0,real_openml_creditcard_42397
50.12,58.11,792,Prepaid,6,0,synthetic
71.03,11.01,246,COD,15,0,real_openml_creditcard_42397
191.79,0.7,231,Wallet,7,0,real_openml_creditcard_42397
42.63,54.71,745,Wallet,23,0,synthetic
6.52,11.01,188,Prepaid,22,0,real_openml_creditcard_42397
92.78,20.55,380,Wallet,23,0,synthetic
222.3,62.98,1006,Wallet,14,0,synthetic
446.46,52.61,1083,Prepaid,4,0,synthetic
60.08,56.51,782,COD,18,0,synthetic
63.52,71.14,961,COD,1,0,synthetic
46.79,7.49,182,COD,16,0,real_openml_creditcard_42397
20.96,18.34,289,COD,19,0,real_openml_creditcard_42397
492.61,88.72,1558,Prepaid,23,0,synthetic
232.57,8.14,357,Prepaid,12,0,synthetic
732.12,113.91,2076,Prepaid,1,0,synthetic
235.51,98.4,1443,Prepaid,11,0,synthetic
492.57,87.05,1538,Prepaid,11,0,synthetic
105.08,11.79,286,Wallet,11,0,real_openml_creditcard_42397
352.75,40.23,850,Prepaid,16,0,synthetic
142.98,9.11,288,COD,13,0,real_openml_creditcard_42397
575.73,46.14,1122,Prepaid,18,0,synthetic
655.7,16.07,833,Wallet,17,0,real_openml_creditcard_42397
383.89,103.94,1643,Wallet,7,0,synthetic
77.9,56.28,795,Prepaid,17,0,synthetic
755.77,23.13,1008,COD,23,0,synthetic
648.82,30.05,995,COD,21,0,synthetic
210.28,39.74,716,COD,19,0,synthetic
498.55,27.69,831,Prepaid,18,0,synthetic
131.45,7.06,253,COD,12,0,real_openml_creditcard_42397
672.03,112.79,2008,Prepaid,23,0,synthetic
18.09,11.64,206,Prepaid,10,0,real_openml_creditcard_42397
605.38,7.56,686,COD,9,0,synthetic
5.39,11.51,193,Prepaid,19,0,real_openml_creditcard_42397
105.01,16.54,343,Wallet,8,0,real_openml_creditcard_42397
1.25,10.91,182,Wallet,10,0,real_openml_creditcard_42397
443.37,117.78,1862,COD,20,0,synthetic
126.87,2.07,189,Prepaid,17,0,real_openml_creditcard_42397
775.97,14.23,919,Prepaid,0,0,synthetic
671.0,93.73,1779,Prepaid,3,0,synthetic
766.07,28.76,1085,COD,7,0,synthetic
94.29,4.51,189,COD,23,0,real_openml_creditcard_42397
360.69,4.07,423,COD,3,0,synthetic
28.58,85.85,1106,Wallet,4,0,synthetic
71.99,40.14,597,Wallet,1,0,synthetic
625.75,55.31,1277,Prepaid,2,0,synthetic
29.42,59.2,787,Prepaid,6,0,synthetic
564.31,40.09,1039,COD,17,0,synthetic
644.81,30.05,991,Prepaid,12,0,synthetic
383.83,28.25,734,Wallet,15,0,synthetic
206.68,0.67,244,Prepaid,11,0,real_openml_creditcard_42397
288.68,117.44,1719,Wallet,9,0,synthetic
106.83,3.07,183,Prepaid,14,0,real_openml_creditcard_42397
174.47,106.76,1488,Wallet,22,0,synthetic
236.81,60.39,988,COD,11,0,synthetic
51.8,22.97,372,Prepaid,8,0,synthetic
112.27,4.66,207,COD,21,0,real_openml_creditcard_42397
378.38,2.12,416,Prepaid,20,0,real_openml_creditcard_42397
275.14,3.78,343,COD,23,0,real_openml_creditcard_42397
135.52,0.84,182,Prepaid,17,0,real_openml_creditcard_42397
628.72,13.84,782,Prepaid,3,0,synthetic
83.07,8.6,228,Wallet,22,0,real_openml_creditcard_42397
190.25,4.06,270,COD,23,0,synthetic
592.91,94.27,1715,COD,7,0,synthetic
732.63,112.31,2057,Wallet,19,0,synthetic
557.06,57.99,1247,COD,15,0,synthetic
14.84,9.89,182,COD,18,0,real_openml_creditcard_42397
630.37,38.6,1081,Wallet,20,0,synthetic
130.02,3.33,207,Prepaid,3,0,real_openml_creditcard_42397
736.86,104.49,1967,Wallet,8,0,synthetic
152.65,1.38,204,COD,16,0,real_openml_creditcard_42397
519.56,83.03,1514,Prepaid,7,0,synthetic
297.42,28.96,665,COD,16,0,synthetic
505.15,31.53,883,Prepaid,10,0,real_openml_creditcard_42397
6.77,11.33,192,Wallet,13,0,real_openml_creditcard_42397
31.66,22.21,345,Prepaid,16,0,real_openml_creditcard_42397
457.38,21.2,716,Prepaid,2,0,synthetic
139.38,9.3,287,Prepaid,16,0,real_openml_creditcard_42397
130.76,1.44,185,Prepaid,19,0,real_openml_creditcard_42397
113.78,2.47,182,Prepaid,16,0,real_openml_creditcard_42397
494.52,81.56,1474,Wallet,2,0,synthetic
6.65,10.33,180,COD,11,0,real_openml_creditcard_42397
437.76,46.42,1001,Prepaid,8,0,synthetic
50.24,54.13,745,COD,17,0,synthetic
214.98,0.79,253,Wallet,22,0,real_openml_creditcard_42397
145.4,1.43,198,Wallet,8,0,real_openml_creditcard_42397
74.74,7.06,202,Wallet,1,0,real_openml_creditcard_42397
674.01,77.31,1584,Prepaid,10,0,synthetic
562.39,106.37,1833,Wallet,4,0,synthetic
7.63,12.51,207,Prepaid,15,0,real_openml_creditcard_42397
431.14,4.21,489,Wallet,13,0,synthetic
266.74,110.27,1613,Wallet,19,0,synthetic
9.72,21.69,319,COD,21,0,real_openml_creditcard_42397
325.31,71.14,1196,Prepaid,12,0,synthetic
782.33,51.83,1376,Wallet,20,0,synthetic
363.39,43.47,899,Prepaid,17,1,synthetic
640.56,105.85,1897,Prepaid,18,0,synthetic
797.89,106.65,2048,Prepaid,0,1,synthetic
496.71,3.5,539,COD,10,0,real_openml_creditcard_42397
296.52,69.66,1153,Wallet,6,0,synthetic
85.19,53.14,764,Prepaid,4,0,synthetic
87.48,5.11,190,COD,11,0,real_openml_creditcard_42397
645.0,116.34,2027,Wallet,8,0,synthetic
419.68,91.43,1525,Wallet,0,1,synthetic
226.45,4.89,312,Prepaid,13,0,synthetic
156.58,0.59,198,Wallet,14,0,real_openml_creditcard_42397
301.45,89.55,1396,Wallet,5,0,synthetic
776.57,87.73,1802,COD,7,0,synthetic
672.72,47.89,1230,Prepaid,21,0,synthetic
57.73,71.64,962,Wallet,22,0,synthetic
36.25,11.86,225,Wallet,18,0,real_openml_creditcard_42397
106.5,93.51,1268,Wallet,16,0,real_openml_creditcard_42397
63.54,11.48,245,Prepaid,18,0,real_openml_creditcard_42397
786.85,81.07,1731,Prepaid,17,0,synthetic
521.92,83.37,1520,COD,9,0,synthetic
15.87,9.98,184,Prepaid,17,0,real_openml_creditcard_42397
143.52,2.32,207,Wallet,17,0,real_openml_creditcard_42397
401.41,67.23,1218,Wallet,11,0,synthetic
144.78,3.97,228,COD,10,0,real_openml_creditcard_42397
106.74,37.33,594,COD,20,0,real_openml_creditcard_42397
28.72,23.18,354,Prepaid,17,0,real_openml_creditcard_42397
1113.77,17.97,1268,Prepaid,12,0,real_openml_creditcard_42397
133.68,23.31,450,COD,13,0,real_openml_creditcard_42397
128.47,67.98,981,COD,18,0,synthetic
674.37,13.24,816,Prepaid,2,0,synthetic
76.82,5.24,182,Prepaid,10,0,real_openml_creditcard_42397
388.03,13.26,558,COD,8,1,synthetic
340.02,18.82,582,COD,23,0,synthetic
189.43,85.04,1241,COD,5,0,synthetic
670.83,76.86,1576,Wallet,17,0,synthetic
242.37,113.8,1634,COD,16,0,synthetic
129.23,3.39,207,Wallet,9,0,real_openml_creditcard_42397
419.56,57.58,1119,Wallet,23,0,synthetic
37.7,119.1,1513,COD,15,0,synthetic
4.13,68.1,871,COD,0,1,synthetic
692.66,77.87,1608,Prepaid,6,0,synthetic
90.76,4.19,182,Prepaid,23,0,real_openml_creditcard_42397
741.43,66.18,1512,Prepaid,13,0,synthetic
730.05,64.7,1483,Prepaid,15,0,synthetic
799.51,1.39,786,COD,20,0,synthetic
548.45,44.2,1074,Prepaid,12,1,synthetic
298.63,78.33,1259,Prepaid,14,0,synthetic
473.88,75.46,1382,COD,3,1,synthetic
232.26,101.71,1480,Wallet,17,0,synthetic
433.04,16.13,633,Prepaid,10,0,synthetic
613.5,19.76,839,COD,1,0,synthetic
146.53,67.16,988,Wallet,14,0,synthetic
298.07,109.19,1629,Wallet,1,0,synthetic
373.2,28.12,723,Prepaid,22,0,synthetic
435.76,6.36,519,Prepaid,5,0,synthetic
205.17,13.28,394,COD,14,0,real_openml_creditcard_42397
95.68,1.73,157,Wallet,22,0,synthetic
346.34,97.91,1537,Prepaid,11,0,synthetic
3.67,85.67,1081,COD,5,0,synthetic
644.31,25.86,940,Wallet,5,0,synthetic
589.7,25.09,882,Wallet,15,0,synthetic
82.34,8.41,225,COD,17,0,real_openml_creditcard_42397
558.73,67.08,1358,Prepaid,17,0,synthetic
401.65,12.71,564,Prepaid,11,0,real_openml_creditcard_42397
743.76,6.79,801,COD,19,0,synthetic
256.33,4.34,333,Wallet,4,0,synthetic
89.14,4.23,181,Wallet,18,0,real_openml_creditcard_42397
574.14,74.67,1463,COD,17,0,synthetic
130.34,42.0,671,COD,4,0,synthetic
28.97,9.41,189,Prepaid,11,0,real_openml_creditcard_42397
588.37,35.88,1010,Prepaid,20,0,synthetic
30.34,64.23,848,Prepaid,18,0,synthetic
38.58,16.19,279,COD,6,0,real_openml_creditcard_42397
148.85,34.44,597,Wallet,14,0,synthetic
51.78,7.28,184,COD,23,0,real_openml_creditcard_42397
384.4,69.07,1225,Wallet,12,0,synthetic
195.54,7.33,314,Prepaid,15,0,real_openml_creditcard_42397
158.42,50.02,793,Prepaid,3,0,synthetic
591.28,20.27,825,Prepaid,20,0,synthetic
556.86,2.58,582,Prepaid,17,0,synthetic
252.27,12.41,426,COD,18,0,real_openml_creditcard_42397
329.52,114.42,1720,COD,10,1,synthetic
85.11,4.7,183,Wallet,11,0,real_openml_creditcard_42397
29.71,9.1,186,Wallet,14,0,real_openml_creditcard_42397
114.74,3.14,191,Prepaid,13,0,real_openml_creditcard_42397
4315.69,97.99,5110,Prepaid,8,0,real_openml_creditcard_42397
55.27,9.69,216,Wallet,18,0,real_openml_creditcard_42397
730.15,74.68,1603,Wallet,12,0,synthetic
61.87,71.64,965,Wallet,11,0,synthetic
158.64,55.63,860,Wallet,23,0,synthetic
134.59,0.74,180,Wallet,13,0,real_openml_creditcard_42397
766.58,105.05,2001,COD,22,0,synthetic
710.58,101.34,1906,Prepaid,10,0,synthetic
360.56,46.79,936,COD,14,0,real_openml_creditcard_42397
784.86,95.72,1905,Wallet,13,0,synthetic
732.5,27.92,1044,COD,5,1,synthetic
205.76,30.25,598,Prepaid,2,0,synthetic
107.6,44.11,676,Wallet,5,0,synthetic
113.33,3.08,189,Wallet,9,0,real_openml_creditcard_42397
431.57,59.34,1151,COD,14,0,synthetic
75.1,11.53,256,Prepaid,7,0,real_openml_creditcard_42397
667.55,78.84,1597,Prepaid,15,0,synthetic
188.32,85.63,1247,Prepaid,12,0,synthetic
45.62,8.08,188,Prepaid,12,0,real_openml_creditcard_42397
14.95,26.3,379,Wallet,12,0,real_openml_creditcard_42397
760.48,93.02,1851,Prepaid,16,0,synthetic
622.8,32.7,1003,Prepaid,5,0,synthetic
384.68,111.17,1730,Prepaid,23,0,synthetic
665.75,61.52,1387,Prepaid,7,0,synthetic
708.98,114.57,2063,COD,4,0,synthetic
90.29,7.98,227,COD,11,0,real_openml_creditcard_42397
279.06,81.37,1278,Prepaid,1,0,synthetic
252.59,108.33,1577,Wallet,17,0,synthetic
391.24,45.59,949,Wallet,20,0,synthetic
85.12,7.45,216,COD,16,0,real_openml_creditcard_42397
57.09,18.97,329,COD,3,0,synthetic
757.17,110.93,2063,Prepaid,5,0,synthetic
102.1,98.31,1322,Wallet,10,1,synthetic
195.54,0.67,234,Prepaid,15,0,real_openml_creditcard_42397
742.92,50.88,1329,Prepaid,20,0,synthetic
257.58,55.21,944,Prepaid,10,0,synthetic
594.12,57.17,1271,Prepaid,2,0,synthetic
115.46,2.34,182,Prepaid,21,0,real_openml_creditcard_42397
198.86,10.42,354,COD,10,0,real_openml_creditcard_42397
648.84,59.36,1346,COD,3,0,synthetic
566.93,86.9,1603,Prepaid,14,0,synthetic
697.42,58.54,1380,Wallet,0,0,synthetic
759.44,63.76,1499,Prepaid,15,0,synthetic
717.13,46.41,1252,Prepaid,2,0,synthetic
170.61,19.2,434,COD,10,0,real_openml_creditcard_42397
668.17,42.39,1160,Prepaid,18,0,synthetic
100.76,94.46,1274,Prepaid,1,0,synthetic
4.0,104.63,1309,COD,0,1,synthetic
346.17,26.68,682,COD,4,0,synthetic
32.99,18.11,297,COD,9,0,real_openml_creditcard_42397
790.33,55.97,1433,Wallet,10,0,synthetic
120.59,3.29,198,Wallet,20,0,real_openml_creditcard_42397
105.72,15.29,329,Wallet,13,0,synthetic
721.26,23.63,983,Wallet,3,0,synthetic
294.33,52.5,945,Prepaid,4,0,synthetic
134.99,1.04,184,COD,11,0,real_openml_creditcard_42397
34.11,9.52,195,Prepaid,17,0,real_openml_creditcard_42397
743.27,29.29,1070,Wallet,0,0,synthetic
107.21,7.29,234,Wallet,14,0,real_openml_creditcard_42397
38.0,10.82,214,COD,16,0,real_openml_creditcard_42397
377.81,101.12,1603,Wallet,12,0,synthetic
146.25,57.71,874,Wallet,18,0,synthetic
83.61,6.81,207,COD,10,0,real_openml_creditcard_42397
75.09,61.78,859,Prepaid,5,0,synthetic
110.89,89.97,1229,Prepaid,10,0,synthetic
51.07,50.14,698,Wallet,23,0,synthetic
554.63,100.26,1752,COD,22,0,synthetic
9.31,11.47,196,COD,8,0,real_openml_creditcard_42397
546.31,26.4,858,COD,19,0,synthetic
3223.99,40.7,3440,Prepaid,15,0,real_openml_creditcard_42397
629.29,82.85,1611,Wallet,8,0,synthetic
89.39,4.46,184,COD,10,0,real_openml_creditcard_42397
91.78,4.12,182,Wallet,11,0,real_openml_creditcard_42397
8.53,55.88,728,COD,12,0,synthetic
107.81,115.36,1531,COD,13,0,synthetic
660.55,54.34,1297,COD,20,0,synthetic
5.51,69.44,888,COD,8,0,synthetic
635.78,92.8,1736,COD,11,0,synthetic
8.4,10.29,181,COD,21,0,real_openml_creditcard_42397
41.76,50.03,688,Prepaid,11,0,real_openml_creditcard_42397
723.54,57.48,1391,Prepaid,13,0,synthetic
89.91,34.42,544,Wallet,5,1,synthetic
67.98,91.24,1206,Prepaid,6,0,synthetic
153.84,0.8,198,Prepaid,18,0,real_openml_creditcard_42397
12.25,10.25,184,COD,16,0,real_openml_creditcard_42397
191.0,45.43,767,Prepaid,19,0,synthetic
720.99,56.87,1381,Prepaid,21,0,synthetic
53.11,111.89,1440,Prepaid,7,0,synthetic
120.83,4.52,213,Prepaid,8,0,real_openml_creditcard_42397
380.2,97.82,1566,Prepaid,1,0,synthetic
726.91,20.42,949,Wallet,2,1,synthetic
633.88,19.45,854,Wallet,2,0,synthetic
53.4,7.5,188,Wallet,19,0,real_openml_creditcard_42397
337.9,44.92,893,Prepaid,7,0,synthetic
117.97,2.24,183,COD,17,0,real_openml_creditcard_42397
620.86,92.74,1722,Prepaid,13,0,synthetic
119.98,5.59,225,COD,16,0,real_openml_creditcard_42397
101.58,12.96,297,Wallet,18,0,real_openml_creditcard_42397
308.91,0.86,338,Wallet,17,0,synthetic
43.94,9.54,204,Wallet,23,0,real_openml_creditcard_42397
273.66,2.39,325,Wallet,8,0,real_openml_creditcard_42397
323.54,111.65,1681,COD,15,0,synthetic
786.33,69.2,1588,Prepaid,1,0,synthetic
138.56,50.42,780,Prepaid,5,0,synthetic
341.66,29.55,712,Wallet,3,0,synthetic
114.81,6.64,233,COD,21,0,real_openml_creditcard_42397
386.55,110.93,1729,Prepaid,5,0,synthetic
150.45,51.99,809,Wallet,15,0,synthetic
146.49,6.76,263,Prepaid,23,0,real_openml_creditcard_42397
304.88,2.97,360,COD,21,0,real_openml_creditcard_42397
535.49,90.64,1620,Wallet,12,0,synthetic
623.34,82.74,1604,COD,5,0,synthetic
1.9,11.27,187,Wallet,23,0,real_openml_creditcard_42397
776.65,20.98,1001,COD,21,0,synthetic
258.27,55.87,953,COD,0,0,synthetic
613.85,76.03,1515,Wallet,7,0,synthetic
81.46,4.89,182,Prepaid,22,0,real_openml_creditcard_42397
445.4,43.52,973,COD,13,0,synthetic
171.19,89.41,1277,COD,0,0,synthetic
135.2,3.44,213,COD,18,0,real_openml_creditcard_42397
163.06,0.85,207,Prepaid,9,0,real_openml_creditcard_42397
158.16,53.93,839,Wallet,4,0,synthetic
568.26,101.43,1779,Prepaid,7,0,synthetic
29.26,21.97,340,COD,10,0,real_openml_creditcard_42397
395.02,59.2,1116,Prepaid,18,0,synthetic
297.42,117.35,1726,Wallet,19,0,synthetic
338.61,110.06,1675,Wallet,14,1,synthetic
142.5,2.4,207,Prepaid,20,0,real_openml_creditcard_42397
1.51,13.64,215,Wallet,15,0,real_openml_creditcard_42397
235.63,22.44,531,COD,17,0,synthetic
47.14,8.38,193,Prepaid,20,0,real_openml_creditcard_42397
145.56,108.9,1488,COD,22,0,synthetic
53.55,6.98,182,Wallet,18,0,real_openml_creditcard_42397
446.5,13.19,610,Wallet,23,0,synthetic
302.62,3.2,361,Wallet,3,0,synthetic
26.37,14.19,244,COD,8,0,real_openml_creditcard_42397
713.21,28.96,1039,COD,10,0,synthetic
113.03,47.87,726,Prepaid,17,0,synthetic
50.68,32.92,491,Prepaid,5,0,synthetic
505.12,24.86,803,Wallet,22,0,synthetic
652.97,78.69,1582,COD,0,0,synthetic
59.37,10.16,225,Wallet,4,0,synthetic
125.03,2.62,194,Prepaid,18,0,real_openml_creditcard_42397
489.18,76.34,1406,Prepaid,23,0,synthetic
306.17,65.55,1112,COD,18,0,synthetic
129.12,1.32,182,Prepaid,10,0,real_openml_creditcard_42397
389.4,87.59,1452,Prepaid,10,0,synthetic
23.48,9.41,184,Wallet,21,0,real_openml_creditcard_42397
220.57,54.95,908,COD,15,0,synthetic
58.45,7.87,197,Prepaid,12,0,real_openml_creditcard_42397
151.14,13.83,352,COD,11,0,real_openml_creditcard_42397
500.12,108.86,1806,COD,4,0,synthetic
691.6,63.75,1437,Prepaid,8,0,synthetic
21.19,11.24,204,Prepaid,19,0,real_openml_creditcard_42397
112.83,2.7,184,COD,13,0,real_openml_creditcard_42397
116.04,17.28,362,Prepaid,10,0,synthetic
18.47,9.61,182,Prepaid,22,0,real_openml_creditcard_42397
702.52,58.88,1389,COD,6,0,synthetic
748.9,44.39,1257,COD,2,0,synthetic
197.08,61.4,964,Prepaid,12,0,synthetic
30.65,24.7,374,Wallet,20,0,real_openml_creditcard_42397
186.72,106.16,1492,Wallet,21,0,synthetic
112.9,81.49,1129,Wallet,23,0,synthetic
763.63,1.39,754,COD,3,0,synthetic
315.29,50.7,942,Wallet,9,0,synthetic
468.84,75.92,1383,Wallet,10,0,synthetic
27.76,7.18,161,Wallet,7,0,synthetic
166.21,33.53,602,COD,15,0,real_openml_creditcard_42397
241.41,25.85,577,Prepaid,2,0,synthetic
66.46,6.02,182,Wallet,15,0,real_openml_creditcard_42397
180.53,101.68,1433,Prepaid,15,1,synthetic
26.33,73.48,955,Wallet,6,0,synthetic
655.26,4.69,696,Prepaid,8,0,synthetic
142.12,23.85,464,Wallet,19,0,synthetic
270.65,73.51,1176,Prepaid,2,0,synthetic
43.97,9.45,203,Prepaid,23,0,real_openml_creditcard_42397
157.08,2.05,216,COD,13,0,real_openml_creditcard_42397
763.78,67.99,1553,Wallet,8,0,synthetic
117.19,3.13,193,Prepaid,10,0,real_openml_creditcard_42397
265.96,50.87,900,Prepaid,19,0,synthetic
9.43,10.13,180,COD,13,0,real_openml_creditcard_42397
45.06,9.45,204,COD,17,0,real_openml_creditcard_42397
362.22,72.58,1247,COD,1,0,synthetic
616.4,6.48,683,COD,20,0,synthetic
29.06,66.87,879,Prepaid,19,0,synthetic
99.24,9.03,248,Prepaid,5,0,synthetic
165.74,0.65,207,COD,15,0,real_openml_creditcard_42397
346.26,109.81,1679,COD,8,0,synthetic
108.27,2.71,180,COD,17,0,real_openml_creditcard_42397
618.11,5.94,678,Wallet,13,1,synthetic
141.24,3.99,225,Prepaid,21,0,real_openml_creditcard_42397
409.01,109.18,1728,Prepaid,7,0,synthetic
401.48,79.31,1363,Wallet,3,0,synthetic
735.33,48.71,1296,Wallet,15,0,synthetic
156.55,87.05,1235,Wallet,15,0,synthetic
154.46,17.42,398,Prepaid,13,0,real_openml_creditcard_42397
252.0,61.06,1010,Wallet,8,0,synthetic
272.65,61.0,1027,Wallet,1,0,synthetic
288.4,48.73,894,Wallet,16,0,synthetic
602.18,49.96,1191,Prepaid,9,0,synthetic
168.8,5.09,263,Wallet,20,0,real_openml_creditcard_42397
358.27,61.8,1114,Wallet,18,0,real_openml_creditcard_42397
600.19,9.66,706,Wallet,22,0,synthetic
417.2,55.02,1086,Prepaid,16,0,synthetic
177.58,1.6,229,Wallet,1,0,real_openml_creditcard_42397
653.44,13.08,795,COD,21,0,synthetic
377.73,27.75,723,Prepaid,2,0,synthetic
116.96,113.55,1518,COD,12,0,synthetic
575.59,92.61,1679,COD,21,0,synthetic
29.72,14.52,251,Wallet,18,0,real_openml_creditcard_42397
416.79,23.12,703,COD,11,0,synthetic
355.0,91.0,1462,Prepaid,21,0,synthetic
758.13,18.14,950,COD,21,0,synthetic
90.02,8.58,234,COD,2,0,real_openml_creditcard_42397
65.97,61.51,848,Prepaid,4,0,synthetic
144.3,3.34,220,Wallet,12,0,real_openml_creditcard_42397
736.99,39.0,1181,Wallet,17,0,synthetic
484.0,106.65,1765,Wallet,19,0,synthetic
269.45,5.04,353,Prepaid,12,0,real_openml_creditcard_42397
402.56,36.01,844,COD,19,0,synthetic
405.2,62.61,1166,Prepaid,18,1,synthetic
868.31,2.04,856,Wallet,8,0,real_openml_creditcard_42397
680.1,59.54,1377,Wallet,21,0,synthetic
447.13,44.37,985,Prepaid,12,0,synthetic
363.34,49.73,974,Wallet,0,0,synthetic
563.02,13.95,724,Wallet,17,0,synthetic
167.43,58.15,898,COD,6,0,synthetic
642.32,45.85,1178,Wallet,20,0,synthetic
134.66,5.23,234,Prepaid,21,0,real_openml_creditcard_42397
170.18,30.02,563,Wallet,18,0,synthetic
530.62,3.17,566,Wallet,4,0,synthetic
65.53,33.08,506,Wallet,4,0,synthetic
252.38,3.99,325,COD,16,0,real_openml_creditcard_42397
626.29,38.4,1074,COD,3,0,synthetic
45.11,46.36,647,Wallet,6,0,synthetic
135.46,2.76,205,COD,18,0,real_openml_creditcard_42397
435.53,102.31,1670,Wallet,16,0,synthetic
58.39,8.7,207,Wallet,16,0,real_openml_creditcard_42397
157.99,7.23,279,Wallet,11,0,real_openml_creditcard_42397
5.0,93.37,1175,COD,3,0,synthetic
60.15,8.57,207,Wallet,11,0,real_openml_creditcard_42397
174.22,33.31,607,Prepaid,3,0,synthetic
175.89,2.48,238,Prepaid,10,0,real_openml_creditcard_42397
239.28,57.79,959,COD,6,0,synthetic
468.68,95.43,1617,COD,6,0,synthetic
225.4,2.1,278,Wallet,20,0,real_openml_creditcard_42397
604.62,22.25,861,Wallet,13,0,synthetic
320.39,10.83,468,COD,10,0,synthetic
767.15,96.21,1895,Prepaid,9,0,synthetic
244.14,10.69,398,COD,14,0,real_openml_creditcard_42397
146.27,1.36,198,COD,15,0,real_openml_creditcard_42397
438.31,67.4,1253,COD,9,0,synthetic
505.87,22.93,780,Wallet,1,0,synthetic
80.67,10.87,253,Wallet,13,0,real_openml_creditcard_42397
643.37,32.12,1014,Wallet,16,0,synthetic
232.23,25.2,561,Wallet,23,0,synthetic
66.15,17.37,318,Wallet,18,0,real_openml_creditcard_42397
140.21,1.32,192,Prepaid,16,0,real_openml_creditcard_42397
356.63,4.78,428,COD,15,0,synthetic
115.97,40.05,635,Wallet,9,0,real_openml_creditcard_42397
60.44,92.74,1217,Prepaid,7,0,synthetic
739.2,53.26,1354,Prepaid,7,0,synthetic
9.9,17.76,272,Wallet,10,0,real_openml_creditcard_42397
85.57,5.25,190,Prepaid,2,0,real_openml_creditcard_42397
139.48,2.54,206,Prepaid,20,0,real_openml_creditcard_42397
454.44,40.94,950,Wallet,22,0,synthetic
494.26,4.89,554,COD,17,0,synthetic
115.73,2.32,182,COD,7,0,real_openml_creditcard_42397
125.6,1.75,184,COD,9,0,real_openml_creditcard_42397
37.12,107.85,1378,Wallet,0,0,synthetic
54.18,8.19,197,Prepaid,8,0,real_openml_creditcard_42397
112.92,6.86,234,Prepaid,17,0,real_openml_creditcard_42397
370.94,60.16,1106,Prepaid,19,0,synthetic
54.18,9.6,214,COD,12,0,real_openml_creditcard_42397
196.0,84.78,1244,COD,8,0,synthetic
59.11,9.23,214,Wallet,18,0,real_openml_creditcard_42397
77.67,7.26,207,Wallet,10,0,real_openml_creditcard_42397
571.44,18.91,791,COD,17,0,synthetic
369.99,90.69,1471,Prepaid,1,1,synthetic
159.68,40.27,677,COD,13,0,real_openml_creditcard_42397
117.58,2.35,184,Wallet,16,0,real_openml_creditcard_42397
217.06,0.55,252,Prepaid,17,0,real_openml_creditcard_42397
755.68,52.99,1366,COD,3,0,synthetic
385.6,89.33,1469,COD,16,0,synthetic
685.43,91.14,1761,Wallet,11,0,synthetic
86.92,6.4,205,COD,9,0,real_openml_creditcard_42397
41.14,8.0,183,Prepaid,13,0,real_openml_creditcard_42397
75.9,6.64,198,Prepaid,15,0,real_openml_creditcard_42397
107.9,2.91,182,Wallet,13,0,real_openml_creditcard_42397
391.47,84.35,1415,Prepaid,2,0,synthetic
247.04,80.49,1238,COD,18,0,synthetic
34.31,9.76,198,Wallet,17,0,real_openml_creditcard_42397
436.52,14.57,618,Prepaid,16,0,synthetic
99.51,6.2,214,COD,21,0,real_openml_creditcard_42397
560.04,38.94,1021,Wallet,15,1,synthetic
234.84,65.65,1049,Wallet,10,0,synthetic
131.75,1.62,188,COD,14,0,real_openml_creditcard_42397
257.67,69.7,1118,Prepaid,18,0,synthetic
165.29,9.02,307,COD,18,0,real_openml_creditcard_42397
17.35,47.41,634,COD,1,1,synthetic
99.02,12.73,292,Prepaid,8,0,synthetic
41.4,6.11,161,COD,11,0,synthetic
54.66,7.9,194,COD,9,0,real_openml_creditcard_42397
386.58,92.35,1506,Wallet,16,0,synthetic
592.74,111.55,1922,COD,7,0,synthetic
233.89,115.13,1642,COD,8,0,synthetic
441.52,54.26,1099,Prepaid,6,0,synthetic
125.2,54.05,811,Prepaid,15,0,synthetic
38.45,25.2,387,Wallet,21,0,synthetic
88.75,10.93,261,Wallet,10,0,real_openml_creditcard_42397
503.15,52.56,1134,COD,8,0,synthetic
685.97,84.03,1676,COD,20,0,synthetic
157.97,0.65,200,Prepaid,19,0,real_openml_creditcard_42397
96.82,3.74,182,COD,18,0,real_openml_creditcard_42397
704.46,98.85,1870,Wallet,9,0,synthetic
29.21,16.48,274,Wallet,1,0,real_openml_creditcard_42397
486.94,2.37,517,COD,3,0,synthetic
55.73,51.73,721,Prepaid,4,0,synthetic
324.77,1.43,359,COD,14,0,synthetic
69.06,16.82,314,COD,16,0,real_openml_creditcard_42397
435.09,75.58,1349,Wallet,8,0,synthetic
8.6,14.77,235,COD,7,0,real_openml_creditcard_42397
396.62,105.53,1673,Prepaid,6,0,synthetic
93.03,4.02,182,Prepaid,5,0,real_openml_creditcard_42397
215.06,21.04,496,COD,9,0,real_openml_creditcard_42397
28.59,101.35,1292,COD,13,0,synthetic
697.73,79.17,1628,COD,13,0,synthetic
330.59,21.71,608,Prepaid,20,0,real_openml_creditcard_42397
570.67,36.3,999,Prepaid,13,0,synthetic
40.47,8.55,189,COD,6,0,real_openml_creditcard_42397
65.34,7.27,196,Wallet,9,0,real_openml_creditcard_42397
1952.26,154.33,3659,Wallet,14,0,real_openml_creditcard_42397
328.81,89.79,1423,COD,6,0,synthetic
593.21,85.3,1607,Prepaid,12,0,synthetic
61.6,10.3,229,COD,0,0,real_openml_creditcard_42397
94.06,60.11,856,Prepaid,7,0,synthetic
76.83,5.24,182,Prepaid,14,0,real_openml_creditcard_42397
20.16,11.15,202,Wallet,13,0,real_openml_creditcard_42397
630.25,105.69,1885,Prepaid,12,0,synthetic
1102.62,111.39,2379,Wallet,8,0,real_openml_creditcard_42397
66.66,7.92,205,Prepaid,3,0,real_openml_creditcard_42397
652.52,3.7,682,Wallet,12,0,synthetic
425.48,95.25,1576,COD,16,0,synthetic
327.14,74.97,1244,Wallet,21,0,synthetic
707.59,53.54,1329,COD,11,0,synthetic
308.95,1.0,340,Wallet,18,0,real_openml_creditcard_42397
32.11,8.51,181,Wallet,7,0,real_openml_creditcard_42397
12.27,12.91,216,Prepaid,20,0,real_openml_creditcard_42397
291.25,1.07,325,COD,19,0,real_openml_creditcard_42397
4.51,114.81,1432,Prepaid,9,0,synthetic
18.98,14.83,245,Prepaid,21,0,real_openml_creditcard_42397
596.71,86.78,1628,Wallet,23,1,synthetic
583.71,47.49,1145,COD,12,0,synthetic
78.76,9.09,230,COD,11,0,real_openml_creditcard_42397
103.63,3.48,185,Wallet,12,0,real_openml_creditcard_42397
696.27,81.74,1657,Prepaid,8,0,synthetic
55.28,9.6,215,Prepaid,13,0,real_openml_creditcard_42397
366.07,39.13,849,Wallet,22,0,synthetic
723.64,20.64,949,Wallet,3,0,synthetic
257.22,92.37,1390,COD,12,0,synthetic
496.3,113.78,1862,Prepaid,14,0,synthetic
643.5,52.45,1259,Wallet,22,0,synthetic
109.07,2.82,182,COD,20,0,real_openml_creditcard_42397
379.53,8.78,497,COD,21,0,synthetic
212.48,35.54,668,Prepaid,16,0,synthetic
155.3,0.52,196,Prepaid,15,0,real_openml_creditcard_42397
656.92,95.65,1789,Prepaid,17,0,synthetic
621.37,26.33,925,COD,0,0,synthetic
2.81,12.37,201,COD,17,0,real_openml_creditcard_42397
348.17,10.55,490,Wallet,20,0,synthetic
605.64,89.61,1670,COD,5,0,synthetic
19.36,9.63,183,Prepaid,12,0,real_openml_creditcard_42397
48.7,7.51,184,Wallet,20,0,real_openml_creditcard_42397
187.74,38.72,684,Prepaid,23,0,synthetic
76.15,18.47,340,Prepaid,11,0,synthetic
6.99,10.81,186,Wallet,21,0,real_openml_creditcard_42397
290.42,66.87,1114,Prepaid,1,0,synthetic
378.1,20.44,636,Prepaid,12,0,synthetic
247.81,22.5,543,Wallet,17,0,real_openml_creditcard_42397
432.23,5.86,509,Wallet,12,0,synthetic
351.23,10.24,489,Wallet,8,0,synthetic
22.24,11.07,203,Prepaid,19,0,synthetic
442.98,105.5,1715,Wallet,11,1,synthetic
118.02,2.07,181,Wallet,10,0,real_openml_creditcard_42397
372.9,114.39,1758,Prepaid,3,0,synthetic
797.84,59.97,1488,COD,16,0,synthetic
482.15,35.86,914,COD,15,0,synthetic
749.74,3.29,764,Prepaid,10,0,synthetic
359.96,118.05,1791,COD,18,0,synthetic
349.54,73.59,1248,COD,20,0,synthetic
758.63,20.19,975,Wallet,5,0,synthetic
74.9,6.72,198,Prepaid,14,0,real_openml_creditcard_42397
767.31,11.76,882,Wallet,9,0,synthetic
457.99,99.81,1660,Prepaid,6,0,synthetic
6.14,10.96,187,Wallet,21,0,real_openml_creditcard_42397
28.47,8.86,182,COD,17,0,real_openml_creditcard_42397
4.42,97.4,1223,COD,10,0,synthetic
577.59,65.58,1357,Wallet,10,0,synthetic
700.94,34.99,1101,COD,3,0,synthetic
163.22,4.67,253,Prepaid,21,0,real_openml_creditcard_42397
654.57,18.71,864,Wallet,0,0,synthetic
723.58,111.43,2038,Prepaid,15,0,synthetic
524.9,88.36,1583,COD,15,0,synthetic
607.06,114.02,1965,Wallet,2,1,synthetic
694.33,93.71,1799,COD,13,0,synthetic
544.15,100.7,1748,Wallet,6,0,synthetic
571.33,104.83,1822,Wallet,23,0,synthetic
242.49,117.77,1681,COD,1,0,synthetic
464.99,67.05,1273,Prepaid,2,0,synthetic
228.91,2.25,283,Prepaid,10,0,real_openml_creditcard_42397
544.61,60.38,1265,Prepaid,10,0,synthetic
2505.88,160.56,4232,Prepaid,21,0,real_openml_creditcard_42397
3.33,10.75,182,Prepaid,23,0,real_openml_creditcard_42397
648.12,55.96,1305,Wallet,18,0,synthetic
321.32,11.98,483,COD,20,0,real_openml_creditcard_42397
285.11,83.93,1314,Wallet,16,1,synthetic
574.95,1.3,583,Prepaid,13,0,real_openml_creditcard_42397
185.37,3.75,262,Wallet,8,0,synthetic
273.24,83.2,1294,COD,11,0,synthetic
759.91,92.09,1839,Wallet,5,0,synthetic
469.22,45.49,1018,Wallet,0,0,synthetic
414.17,18.02,639,Prepaid,15,0,synthetic
157.16,3.55,234,COD,16,0,real_openml_creditcard_42397
38.08,23.64,368,Wallet,20,0,synthetic
153.34,33.1,585,COD,9,0,synthetic
623.24,91.92,1714,Prepaid,23,0,synthetic
257.72,62.09,1027,Prepaid,5,1,synthetic
759.23,12.38,882,COD,4,0,synthetic
796.99,78.19,1706,Prepaid,5,0,synthetic
445.67,82.99,1447,COD,11,0,real_openml_creditcard_42397
137.49,2.94,209,Wallet,10,0,real_openml_creditcard_42397
703.49,28.29,1023,Prepaid,19,0,synthetic
287.58,49.34,901,Prepaid,10,0,synthetic
238.32,66.02,1057,Wallet,13,0,synthetic
324.27,93.85,1468,Prepaid,16,0,synthetic
381.64,52.73,1026,COD,8,0,synthetic
131.84,20.33,413,Wallet,10,0,synthetic
569.38,4.49,616,Wallet,2,0,synthetic
531.19,56.69,1208,Wallet,22,0,synthetic
279.74,86.15,1336,Prepaid,11,0,synthetic
645.73,86.55,1670,Prepaid,13,1,synthetic
438.64,2.85,479,Prepaid,10,0,real_openml_creditcard_42397
468.36,93.61,1595,Prepaid,5,0,synthetic
103.62,3.14,181,COD,19,0,real_openml_creditcard_42397
694.38,67.24,1482,COD,21,0,synthetic
96.73,3.75,182,Wallet,8,0,real_openml_creditcard_42397
152.12,2.17,213,COD,20,0,real_openml_creditcard_42397
6.76,12.24,203,Prepaid,23,0,real_openml_creditcard_42397
105.87,102.52,1375,Wallet,22,0,synthetic
5.83,15.98,247,Prepaid,14,0,real_openml_creditcard_42397
146.58,1.17,196,Wallet,9,0,real_openml_creditcard_42397
26.4,61.56,813,COD,23,0,synthetic
261.15,38.53,747,COD,2,0,synthetic
104.4,4.75,201,Prepaid,21,0,real_openml_creditcard_42397
479.91,105.01,1742,COD,1,0,synthetic
61.17,37.16,551,Wallet,16,0,real_openml_creditcard_42397
26.78,9.83,192,COD,10,0,real_openml_creditcard_42397
727.41,23.25,984,Prepaid,7,0,synthetic
664.52,11.88,791,Wallet,14,1,synthetic
194.08,99.37,1417,Prepaid,16,0,synthetic
562.0,119.72,1992,Prepaid,0,1,synthetic
264.47,47.49,858,Prepaid,15,0,synthetic
621.34,105.09,1870,Wallet,4,0,synthetic
110.87,4.6,205,Wallet,17,0,real_openml_creditcard_42397
176.65,0.67,217,Prepaid,17,0,real_openml_creditcard_42397
731.04,88.02,1764,COD,9,0,synthetic
143.88,106.27,1455,COD,10,0,synthetic
198.13,115.45,1614,Wallet,11,0,synthetic
260.79,28.36,625,COD,17,0,real_openml_creditcard_42397
684.54,93.99,1794,COD,3,0,synthetic
440.83,119.46,1880,Prepaid,16,0,synthetic
72.37,6.57,194,Wallet,0,0,real_openml_creditcard_42397
104.23,30.56,511,Prepaid,2,0,synthetic
150.0,36.52,623,COD,4,0,synthetic
625.42,1.46,630,Wallet,7,0,synthetic
223.06,20.49,497,Wallet,11,0,synthetic
309.0,9.35,440,Wallet,5,0,synthetic
32.72,50.46,685,Wallet,14,0,real_openml_creditcard_42397
10.93,10.35,184,Prepaid,16,0,real_openml_creditcard_42397
199.03,95.62,1377,Wallet,10,0,synthetic
204.95,3.63,278,Wallet,8,0,real_openml_creditcard_42397
557.08,75.3,1455,Prepaid,0,0,synthetic
794.82,31.1,1139,COD,21,0,synthetic
318.53,54.76,994,Prepaid,14,0,synthetic
546.35,5.86,612,Wallet,6,0,real_openml_creditcard_42397
395.62,20.89,657,COD,9,0,synthetic
126.88,1.48,182,COD,0,0,real_openml_creditcard_42397
162.33,14.58,371,Prepaid,18,0,real_openml_creditcard_42397
298.35,80.94,1290,Prepaid,18,1,synthetic
712.74,107.27,1979,Prepaid,2,0,synthetic
264.48,12.22,435,Wallet,16,0,synthetic
173.87,105.88,1477,COD,2,0,synthetic
142.3,49.79,775,Prepaid,20,0,synthetic
292.19,90.03,1393,Prepaid,5,0,synthetic
100.49,59.07,849,COD,1,0,synthetic
160.4,1.22,209,Prepaid,3,0,real_openml_creditcard_42397
102.0,3.85,188,COD,9,0,real_openml_creditcard_42397
34.4,11.87,223,COD,3,0,synthetic
739.75,76.48,1634,Wallet,19,1,synthetic
107.36,2.95,182,Wallet,3,0,real_openml_creditcard_42397
194.37,1.84,247,Prepaid,15,0,real_openml_creditcard_42397
547.63,51.33,1159,Prepaid,16,0,synthetic
262.26,17.28,493,Prepaid,0,0,synthetic
192.76,1.54,242,Prepaid,18,0,real_openml_creditcard_42397
236.07,0.63,270,Wallet,14,0,real_openml_creditcard_42397
275.42,96.05,1450,Prepaid,10,0,synthetic
47.63,7.51,183,Prepaid,15,0,real_openml_creditcard_42397
41.59,7.96,183,COD,14,0,real_openml_creditcard_42397
49.49,7.45,184,Wallet,16,0,real_openml_creditcard_42397
436.76,86.86,1485,Prepaid,10,0,synthetic
30.51,9.21,188,Prepaid,6,0,real_openml_creditcard_42397
56.39,7.19,187,Prepaid,16,0,real_openml_creditcard_42397
276.46,16.71,499,Prepaid,6,0,synthetic
421.54,42.58,940,Wallet,17,0,synthetic
504.89,87.35,1553,COD,17,0,synthetic
333.44,81.72,1331,Prepaid,0,0,synthetic
782.92,22.78,1028,Prepaid,5,0,synthetic
83.06,4.94,184,COD,0,0,real_openml_creditcard_42397
61.5,66.37,902,Prepaid,4,0,synthetic
266.79,53.94,937,Wallet,3,0,synthetic
752.17,42.37,1235,COD,12,0,synthetic
469.24,30.37,837,COD,15,0,synthetic
771.79,110.42,2070,Prepaid,1,0,synthetic
19.61,71.64,927,Prepaid,20,0,synthetic
96.52,25.59,444,Prepaid,0,0,real_openml_creditcard_42397
89.99,17.08,336,Wallet,23,0,real_openml_creditcard_42397
610.66,12.87,754,COD,8,0,real_openml_creditcard_42397
179.42,1.29,227,Prepaid,11,0,real_openml_creditcard_42397
80.14,13.74,287,COD,21,0,real_openml_creditcard_42397
409.48,59.51,1133,Prepaid,1,0,synthetic
482.9,43.36,1005,Prepaid,7,0,synthetic
1324.48,0.75,1251,Wallet,20,0,real_openml_creditcard_42397
30.44,8.88,184,COD,23,0,real_openml_creditcard_42397
37.59,9.85,202,Prepaid,16,0,real_openml_creditcard_42397
31.16,9.58,193,Wallet,11,0,real_openml_creditcard_42397
62.51,92.85,1220,Prepaid,23,0,synthetic
178.73,59.7,927,Wallet,2,0,synthetic
354.27,74.91,1268,COD,10,0,synthetic
154.23,33.53,591,Prepaid,3,0,synthetic
29.47,9.04,185,Wallet,12,0,real_openml_creditcard_42397
688.36,16.54,868,Wallet,20,0,synthetic
493.22,86.32,1530,COD,20,0,synthetic
323.34,6.42,418,Wallet,9,0,real_openml_creditcard_42397
268.93,22.54,562,Prepaid,19,0,synthetic
1.0,29.07,400,Wallet,18,0,real_openml_creditcard_42397
3.17,16.18,247,Wallet,23,0,real_openml_creditcard_42397
363.18,100.68,1585,COD,4,0,synthetic
396.05,76.86,1329,Prepaid,22,0,synthetic
53.97,7.87,193,Prepaid,0,0,real_openml_creditcard_42397
17.38,25.53,372,Wallet,8,0,real_openml_creditcard_42397
402.11,12.01,556,Wallet,10,0,real_openml_creditcard_42397
63.06,6.44,184,Prepaid,0,0,real_openml_creditcard_42397
17.94,12.82,220,COD,11,0,real_openml_creditcard_42397
195.95,45.78,776,COD,14,0,synthetic
673.87,6.42,734,Prepaid,8,0,synthetic
580.45,27.33,900,Wallet,15,0,synthetic
214.27,3.85,289,Wallet,20,0,real_openml_creditcard_42397
146.05,35.43,607,COD,12,0,synthetic
607.68,23.79,882,Prepaid,8,0,synthetic
605.57,86.76,1636,COD,17,0,synthetic
25.49,17.42,282,COD,19,0,real_openml_creditcard_42397
55.69,8.74,205,COD,11,0,real_openml_creditcard_42397
143.29,98.14,1357,Prepaid,9,0,synthetic
8.64,10.35,182,Wallet,7,0,real_openml_creditcard_42397
191.09,19.27,453,Prepaid,4,0,synthetic
138.84,1.17,189,Prepaid,16,0,real_openml_creditcard_42397
200.32,90.48,1316,Prepaid,4,0,synthetic
110.88,2.6,181,Wallet,19,0,real_openml_creditcard_42397
405.48,21.64,675,Prepaid,22,0,synthetic
117.68,2.26,183,Wallet,1,0,real_openml_creditcard_42397
619.24,5.18,670,Wallet,0,0,synthetic
9.62,11.95,202,Wallet,10,0,real_openml_creditcard_42397
81.78,97.41,1293,Prepaid,12,0,synthetic
366.1,0.59,387,COD,0,0,synthetic
221.91,0.86,260,Prepaid,2,0,real_openml_creditcard_42397
555.95,23.83,836,Prepaid,9,0,synthetic
353.76,76.75,1289,Prepaid,2,0,synthetic
192.45,0.9,234,COD,9,0,real_openml_creditcard_42397
70.4,6.47,191,COD,17,0,real_openml_creditcard_42397
177.28,100.53,1416,COD,16,0,synthetic
738.49,74.1,1604,Prepaid,14,0,synthetic
86.36,6.44,205,COD,10,0,real_openml_creditcard_42397
69.62,19.11,342,Wallet,9,0,real_openml_creditcard_42397
154.35,21.47,447,Wallet,5,0,synthetic
664.37,13.81,814,Prepaid,5,0,synthetic
429.45,98.82,1622,Prepaid,7,0,synthetic
199.26,9.47,343,Prepaid,23,0,real_openml_creditcard_42397
90.76,26.48,449,Wallet,19,0,synthetic
793.81,90.65,1852,Wallet,21,0,synthetic
725.64,1.86,725,COD,9,0,synthetic
344.75,77.11,1286,Prepaid,19,0,synthetic
437.61,97.6,1615,Wallet,14,0,synthetic
90.91,4.68,188,Prepaid,21,0,real_openml_creditcard_42397
58.04,6.9,185,Prepaid,8,0,real_openml_creditcard_42397
165.69,2.91,234,Prepaid,1,0,real_openml_creditcard_42397
477.88,113.65,1844,COD,11,0,synthetic
322.16,8.97,448,COD,19,0,synthetic
151.02,115.41,1571,Wallet,19,0,synthetic
51.08,9.0,204,Prepaid,12,0,real_openml_creditcard_42397
513.24,116.65,1912,Wallet,23,0,synthetic
345.21,4.89,419,Prepaid,23,0,synthetic
342.12,47.38,927,COD,15,0,synthetic
84.04,4.61,181,Prepaid,12,0,real_openml_creditcard_42397
189.19,22.06,485,Wallet,15,0,real_openml_creditcard_42397
401.9,98.54,1594,COD,6,0,synthetic
398.17,23.85,695,Prepaid,12,0,synthetic
194.68,0.73,234,COD,9,0,real_openml_creditcard_42397
244.52,16.33,466,Wallet,14,0,real_openml_creditcard_42397
693.13,48.48,1256,Prepaid,1,0,synthetic
234.74,113.35,1622,Wallet,9,0,synthetic
14.3,17.34,271,COD,18,0,real_openml_creditcard_42397
14.93,33.35,464,Prepaid,22,0,synthetic
25.76,97.77,1246,Wallet,18,0,synthetic
51.16,9.25,207,Wallet,15,0,real_openml_creditcard_42397
161.4,1.73,216,Wallet,4,0,real_openml_creditcard_42397
230.96,81.66,1238,COD,14,0,synthetic
266.12,86.11,1323,Prepaid,20,0,synthetic
535.9,106.5,1810,Prepaid,0,0,synthetic
114.64,5.65,221,Prepaid,10,0,real_openml_creditcard_42397
91.34,15.73,321,COD,23,0,real_openml_creditcard_42397
75.05,12.79,271,COD,22,0,real_openml_creditcard_42397
667.92,114.29,2023,Wallet,0,0,synthetic
423.69,23.68,715,Wallet,17,0,synthetic
10.38,10.14,181,Prepaid,19,0,real_openml_creditcard_42397
139.51,0.7,184,Wallet,18,0,real_openml_creditcard_42397
773.87,110.23,2069,Prepaid,0,0,synthetic
106.13,3.04,182,Wallet,21,0,real_openml_creditcard_42397
99.29,3.8,185,Wallet,18,0,real_openml_creditcard_42397
106.14,8.12,243,Wallet,16,0,real_openml_creditcard_42397
616.73,105.74,1874,Wallet,14,0,synthetic
223.13,27.45,580,COD,16,0,synthetic
197.02,106.25,1502,COD,10,0,synthetic
500.21,15.65,688,Wallet,21,0,real_openml_creditcard_42397
117.37,8.2,254,Prepaid,8,0,real_openml_creditcard_42397
399.06,20.32,653,Prepaid,22,0,synthetic
624.13,13.23,770,Prepaid,12,0,synthetic
84.83,4.64,182,COD,22,0,real_openml_creditcard_42397
21.6,16.8,271,Wallet,16,0,real_openml_creditcard_42397
701.87,10.36,806,Wallet,18,0,real_openml_creditcard_42397
111.19,8.16,248,Prepaid,14,0,real_openml_creditcard_42397
521.67,24.04,808,Prepaid,8,0,real_openml_creditcard_42397
157.46,0.61,199,COD,13,0,real_openml_creditcard_42397
749.78,65.21,1507,Prepaid,10,0,synthetic
180.19,75.83,1122,COD,22,0,synthetic
707.86,35.53,1113,Prepaid,9,0,synthetic
131.45,1.14,182,Prepaid,14,0,real_openml_creditcard_42397
167.69,40.43,686,Prepaid,8,0,synthetic
142.91,27.41,508,Wallet,20,0,synthetic
103.44,3.49,185,COD,9,0,real_openml_creditcard_42397
392.04,41.17,897,COD,16,0,synthetic
153.39,38.9,655,Wallet,3,0,synthetic
127.49,2.27,192,Prepaid,11,0,real_openml_creditcard_42397
65.12,6.12,182,COD,8,0,real_openml_creditcard_42397
798.81,55.45,1434,Prepaid,15,0,synthetic
322.83,31.64,720,COD,15,0,synthetic
703.13,45.08,1224,Prepaid,20,0,synthetic
328.87,22.4,615,Wallet,5,0,synthetic
10.94,10.18,182,COD,13,0,real_openml_creditcard_42397
33.11,8.85,186,COD,22,0,real_openml_creditcard_42397
732.12,39.15,1179,Wallet,4,0,synthetic
302.04,3.76,367,Wallet,18,0,real_openml_creditcard_42397
127.49,1.86,187,Prepaid,15,0,real_openml_creditcard_42397
145.11,103.07,1417,Prepaid,17,0,synthetic
555.9,77.14,1476,Wallet,19,0,synthetic
272.78,63.88,1062,Prepaid,0,0,synthetic
17.95,11.24,201,Wallet,20,0,real_openml_creditcard_42397
64.96,8.96,216,Wallet,17,0,real_openml_creditcard_42397
464.45,61.14,1202,Wallet,11,0,synthetic
300.07,41.6,819,COD,21,0,synthetic
74.75,6.73,198,COD,0,0,real_openml_creditcard_42397
670.7,47.73,1226,Prepaid,6,0,synthetic
90.01,10.83,261,COD,9,0,real_openml_creditcard_42397
783.89,53.63,1399,Wallet,11,0,synthetic
527.84,91.77,1626,Prepaid,7,0,synthetic
209.41,25.0,538,COD,3,1,synthetic
108.17,2.89,182,COD,8,0,real_openml_creditcard_42397
624.25,55.61,1279,Wallet,15,0,synthetic
301.06,15.17,503,COD,12,0,real_openml_creditcard_42397
80.17,4.99,182,COD,13,0,real_openml_creditcard_42397
643.71,64.16,1399,Prepaid,18,0,synthetic
109.09,4.15,198,Prepaid,10,0,real_openml_creditcard_42397
29.9,8.84,183,COD,0,0,real_openml_creditcard_42397
217.81,1.08,259,COD,16,0,real_openml_creditcard_42397
616.52,99.07,1794,Wallet,23,0,synthetic
59.56,7.87,198,Prepaid,4,0,real_openml_creditcard_42397
621.2,17.86,823,Wallet,12,0,synthetic
96.58,10.01,257,Prepaid,22,0,real_openml_creditcard_42397
17.59,9.68,182,COD,23,0,real_openml_creditcard_42397
313.16,97.55,1502,Wallet,3,0,synthetic
90.65,100.81,1341,COD,16,0,synthetic
284.97,88.4,1367,Prepaid,23,0,synthetic
348.16,88.69,1428,Prepaid,1,0,synthetic
38.63,2.28,112,Prepaid,19,0,synthetic
505.47,41.01,997,Wallet,1,0,synthetic
319.93,1.31,354,Wallet,7,0,synthetic
506.31,65.11,1287,Prepaid,5,0,synthetic
361.0,29.09,724,COD,14,0,real_openml_creditcard_42397
88.94,6.16,204,Prepaid,0,0,real_openml_creditcard_42397
407.23,102.57,1647,Prepaid,0,0,synthetic
240.13,55.41,931,Wallet,13,0,synthetic
125.43,26.4,480,Wallet,16,0,synthetic
343.45,4.87,418,Prepaid,0,0,synthetic
619.68,80.71,1576,Prepaid,17,0,synthetic
289.16,82.15,1296,Wallet,2,0,synthetic
541.05,41.57,1036,Wallet,5,0,synthetic
197.25,3.21,266,Prepaid,15,0,real_openml_creditcard_42397
460.44,59.64,1180,Wallet,16,0,synthetic
50.56,14.62,271,Wallet,19,0,real_openml_creditcard_42397
308.76,7.01,412,Prepaid,16,0,real_openml_creditcard_42397
201.31,73.06,1108,Wallet,17,0,synthetic
11.82,15.7,249,COD,9,0,real_openml_creditcard_42397
3.16,31.87,435,Wallet,13,0,synthetic
506.95,46.87,1069,Wallet,22,0,synthetic
213.16,70.09,1083,Wallet,12,0,synthetic
627.48,82.06,1599,Prepaid,23,0,synthetic
679.88,81.93,1645,Wallet,5,0,synthetic
42.15,39.76,565,Wallet,9,0,real_openml_creditcard_42397
383.24,82.06,1380,Prepaid,1,0,synthetic
8.58,11.44,195,COD,14,0,real_openml_creditcard_42397
16.06,11.88,207,Wallet,13,0,real_openml_creditcard_42397
197.18,66.85,1030,Prepaid,0,1,synthetic
212.24,11.49,379,Wallet,3,0,synthetic
41.33,9.23,198,Prepaid,9,0,real_openml_creditcard_42397
171.96,110.58,1532,Prepaid,10,0,synthetic
512.11,114.56,1886,Prepaid,21,0,synthetic
328.35,97.54,1516,COD,23,0,synthetic
112.42,47.46,721,Wallet,5,0,synthetic
746.26,30.03,1082,Prepaid,14,0,synthetic
635.7,109.54,1937,Prepaid,13,0,synthetic
749.31,90.84,1814,COD,15,0,synthetic
7.55,18.1,274,Wallet,18,0,real_openml_creditcard_42397
104.65,3.15,182,COD,23,0,real_openml_creditcard_42397
409.05,46.68,978,COD,23,1,synthetic
758.03,43.53,1255,Prepaid,18,0,synthetic
91.27,4.15,182,Wallet,14,0,real_openml_creditcard_42397
696.89,12.93,832,Wallet,10,0,synthetic
767.86,12.81,895,COD,7,0,synthetic
4.4,96.53,1212,Wallet,14,0,synthetic
533.5,110.26,1853,COD,13,0,synthetic
44.73,7.65,182,COD,22,0,real_openml_creditcard_42397
44.78,108.11,1388,Wallet,13,0,synthetic
343.36,116.98,1763,COD,10,0,synthetic
47.85,17.66,305,COD,0,0,real_openml_creditcard_42397
38.27,9.55,199,COD,7,0,real_openml_creditcard_42397
281.26,7.74,396,Wallet,8,0,real_openml_creditcard_42397
275.78,5.73,367,Prepaid,16,0,real_openml_creditcard_42397
72.0,6.18,189,Prepaid,11,0,real_openml_creditcard_42397
137.78,81.41,1151,COD,9,0,synthetic
704.0,62.41,1433,COD,4,0,synthetic
140.23,0.9,187,Prepaid,19,0,real_openml_creditcard_42397
626.65,68.29,1434,Prepaid,11,0,synthetic
369.63,107.89,1677,Wallet,17,0,synthetic
101.27,7.74,234,Wallet,20,0,real_openml_creditcard_42397
46.78,10.07,213,COD,20,0,real_openml_creditcard_42397
487.15,40.19,971,Prepaid,15,0,synthetic
711.09,97.71,1863,Prepaid,6,0,synthetic
491.27,33.75,897,COD,17,0,synthetic
24.1,9.94,191,Wallet,21,0,real_openml_creditcard_42397
262.4,84.72,1303,Wallet,17,0,synthetic
127.09,1.55,183,COD,18,0,real_openml_creditcard_42397
397.56,49.18,998,Prepaid,16,0,synthetic
421.98,50.29,1033,Prepaid,0,0,synthetic
704.2,117.68,2096,Prepaid,23,0,synthetic
1.45,10.89,182,Prepaid,23,0,real_openml_creditcard_42397
30.45,8.8,183,Prepaid,10,0,real_openml_creditcard_42397
354.11,7.36,457,Prepaid,15,0,real_openml_creditcard_42397
219.2,1.31,263,Prepaid,16,0,real_openml_creditcard_42397
224.58,82.46,1242,Wallet,19,0,synthetic
244.53,84.32,1282,Prepaid,17,0,synthetic
3.03,12.86,207,Wallet,21,0,real_openml_creditcard_42397
207.19,1.04,249,Prepaid,23,0,real_openml_creditcard_42397
15.08,9.87,182,Prepaid,22,0,real_openml_creditcard_42397
227.84,100.51,1461,COD,1,0,synthetic
172.35,55.7,874,COD,15,0,synthetic
44.66,16.07,283,Prepaid,15,0,real_openml_creditcard_42397
626.98,3.09,651,Wallet,22,0,synthetic
370.64,97.87,1558,Wallet,23,0,synthetic
348.28,40.48,849,Prepaid,16,1,synthetic
702.34,25.63,990,Wallet,16,0,synthetic
76.93,6.48,197,Wallet,21,0,real_openml_creditcard_42397
673.05,33.36,1056,Wallet,14,0,synthetic
592.84,68.48,1405,Wallet,10,0,synthetic
1.11,11.08,184,Prepaid,5,0,real_openml_creditcard_42397
25.04,8.96,180,Prepaid,21,0,real_openml_creditcard_42397
137.38,7.72,266,Wallet,11,0,synthetic
590.34,86.7,1622,Prepaid,22,0,synthetic
97.48,7.44,227,Wallet,15,0,real_openml_creditcard_42397
324.55,1.41,359,Prepaid,18,0,real_openml_creditcard_42397
358.06,1.85,394,Prepaid,0,0,synthetic
110.92,9.6,265,Prepaid,22,0,real_openml_creditcard_42397
350.0,62.5,1115,Prepaid,9,0,synthetic
65.11,44.25,640,Wallet,9,0,synthetic
580.06,105.47,1838,COD,13,0,synthetic
114.5,7.5,243,COD,14,0,real_openml_creditcard_42397
72.26,6.91,198,Wallet,4,0,real_openml_creditcard_42397
472.19,8.55,578,Prepaid,19,0,synthetic
39.85,8.01,182,COD,23,0,real_openml_creditcard_42397
267.21,2.71,323,COD,17,0,real_openml_creditcard_42397
143.48,43.04,696,COD,21,0,synthetic
696.53,72.11,1542,Prepaid,1,0,synthetic
597.27,45.8,1137,Prepaid,6,0,synthetic
17.86,16.87,269,Wallet,13,0,synthetic
740.74,24.86,1015,Wallet,21,0,real_openml_creditcard_42397
100.76,71.76,1002,Prepaid,1,0,synthetic
102.51,17.31,350,Prepaid,20,0,real_openml_creditcard_42397
519.36,54.19,1168,Wallet,9,0,synthetic
2.34,10.82,182,Wallet,22,0,real_openml_creditcard_42397
409.3,82.07,1403,Prepaid,14,0,synthetic
461.02,21.54,723,Prepaid,7,0,synthetic
385.72,3.99,445,COD,9,0,real_openml_creditcard_42397
322.29,14.74,517,Wallet,20,0,real_openml_creditcard_42397
149.74,86.91,1228,COD,2,0,synthetic
256.25,2.2,307,COD,19,0,real_openml_creditcard_42397
370.72,39.03,852,COD,16,0,synthetic
126.69,1.5,182,COD,15,0,real_openml_creditcard_42397
105.05,3.29,184,Wallet,22,0,real_openml_creditcard_42397
76.72,5.25,182,COD,16,0,real_openml_creditcard_42397
485.97,37.28,935,COD,1,0,synthetic
285.52,7.42,396,Prepaid,17,0,real_openml_creditcard_42397
492.64,13.61,657,Prepaid,11,0,synthetic
784.82,116.03,2149,COD,18,0,synthetic
378.92,35.31,815,Wallet,8,0,synthetic
437.3,74.19,1334,COD,10,0,synthetic
591.47,33.82,988,COD,9,0,synthetic
209.26,20.66,486,Wallet,12,0,synthetic
438.9,67.01,1249,COD,1,0,synthetic
608.74,35.79,1027,COD,1,0,synthetic
381.27,11.41,530,COD,16,0,real_openml_creditcard_42397
1.44,11.73,192,Prepaid,11,0,real_openml_creditcard_42397
557.84,92.71,1665,COD,15,0,synthetic
81.81,76.79,1045,Prepaid,1,0,synthetic
272.23,31.11,668,Prepaid,19,0,synthetic
96.97,3.56,180,Wallet,14,0,real_openml_creditcard_42397
152.39,16.03,379,Prepaid,16,0,synthetic
97.77,102.38,1367,Wallet,6,0,synthetic
246.45,40.27,755,Prepaid,14,0,synthetic
64.66,8.07,205,COD,7,0,real_openml_creditcard_42397
228.99,106.36,1532,Wallet,0,0,synthetic
91.71,4.95,192,Prepaid,14,0,real_openml_creditcard_42397
468.94,42.49,982,Wallet,1,0,synthetic
127.03,44.16,694,COD,20,0,synthetic
785.13,56.55,1435,Wallet,11,0,synthetic
669.06,24.43,945,Prepaid,17,0,synthetic
224.87,27.8,586,Wallet,10,0,real_openml_creditcard_42397
603.24,93.54,1715,Wallet,2,0,synthetic
41.04,8.01,183,COD,20,0,real_openml_creditcard_42397
118.26,4.96,216,COD,3,0,real_openml_creditcard_42397
208.61,8.6,341,Wallet,20,0,real_openml_creditcard_42397
305.22,86.49,1363,Prepaid,0,0,synthetic
666.74,78.42,1591,Prepaid,13,0,synthetic
111.08,4.42,203,COD,22,0,real_openml_creditcard_42397
69.31,14.8,290,Prepaid,17,0,real_openml_creditcard_42397
207.18,28.31,576,Wallet,23,0,synthetic
54.29,11.93,242,Prepaid,14,0,real_openml_creditcard_42397
195.13,75.66,1134,Prepaid,5,0,synthetic
13.66,9.98,182,COD,19,0,real_openml_creditcard_42397
127.61,17.51,375,COD,19,0,real_openml_creditcard_42397
105.25,21.77,406,Wallet,17,0,real_openml_creditcard_42397
468.18,2.41,500,Prepaid,11,0,synthetic
732.22,110.33,2033,Wallet,15,0,real_openml_creditcard_42397
207.26,2.12,262,Prepaid,13,0,real_openml_creditcard_42397
405.07,1.87,437,Wallet,23,0,real_openml_creditcard_42397
90.8,4.36,184,Prepaid,1,0,real_openml_creditcard_42397
382.72,115.1,1776,Wallet,13,0,synthetic
696.75,29.25,1028,COD,1,0,synthetic
781.81,109.66,2070,Prepaid,18,0,synthetic
476.56,118.95,1906,COD,23,0,synthetic
500.37,4.57,555,COD,18,0,synthetic
196.78,22.16,493,Wallet,21,0,real_openml_creditcard_42397
186.07,35.05,638,Wallet,23,0,synthetic
96.05,5.13,198,Prepaid,21,0,real_openml_creditcard_42397
240.48,44.09,796,COD,16,0,synthetic
10.2,11.4,196,Prepaid,4,0,real_openml_creditcard_42397
63.03,8.94,214,Prepaid,12,0,real_openml_creditcard_42397
52.63,43.72,622,Wallet,18,0,synthetic
4.56,11.99,198,COD,3,0,real_openml_creditcard_42397
205.5,119.93,1674,Wallet,2,0,synthetic
184.77,95.45,1362,Prepaid,22,0,synthetic
599.12,34.08,998,Wallet,21,1,synthetic
78.91,6.58,200,Prepaid,6,0,real_openml_creditcard_42397
12.74,78.88,1008,Prepaid,9,0,synthetic
126.01,10.47,289,Wallet,18,0,real_openml_creditcard_42397
41.25,17.59,298,COD,9,0,synthetic
516.69,22.71,788,Prepaid,1,0,synthetic
232.68,5.13,321,Wallet,18,0,real_openml_creditcard_42397
289.58,79.13,1260,Prepaid,13,0,synthetic
68.13,7.97,207,Prepaid,12,0,real_openml_creditcard_42397
185.28,23.19,495,Prepaid,12,0,real_openml_creditcard_42397
389.75,2.43,430,COD,0,0,synthetic
394.7,51.17,1019,Prepaid,20,0,synthetic
266.11,3.71,334,Prepaid,7,0,real_openml_creditcard_42397
136.47,92.82,1287,Prepaid,0,0,synthetic
269.4,116.53,1691,COD,17,0,synthetic
31.96,78.62,1022,Prepaid,2,0,synthetic
571.62,77.9,1499,COD,10,0,synthetic
684.28,20.0,906,Prepaid,8,0,synthetic
266.22,1.28,305,COD,23,0,real_openml_creditcard_42397
211.33,9.98,360,Wallet,20,0,real_openml_creditcard_42397
51.72,10.54,223,Wallet,19,0,real_openml_creditcard_42397
367.34,32.82,774,Prepaid,8,0,synthetic
16.62,19.71,301,COD,3,0,synthetic
473.88,46.1,1030,COD,19,0,synthetic
603.9,38.04,1050,Prepaid,6,0,synthetic
54.71,10.48,225,Wallet,8,0,real_openml_creditcard_42397
120.02,42.95,673,Prepaid,9,0,synthetic
154.87,1.47,207,Prepaid,22,0,real_openml_creditcard_42397
19.61,18.85,294,Prepaid,2,0,synthetic
58.2,14.47,276,Wallet,10,0,real_openml_creditcard_42397
538.4,1.29,550,Wallet,14,0,real_openml_creditcard_42397
65.93,8.64,213,Wallet,18,0,real_openml_creditcard_42397
20.37,9.81,186,COD,20,0,real_openml_creditcard_42397
715.08,82.02,1678,Wallet,23,0,synthetic
352.57,21.68,627,Wallet,16,0,synthetic
749.91,114.87,2103,Prepaid,21,0,synthetic
25.84,60.06,794,Prepaid,11,0,real_openml_creditcard_42397
99.91,10.26,263,Wallet,11,0,real_openml_creditcard_42397
106.72,115.14,1528,Wallet,1,0,synthetic
133.53,98.45,1352,COD,13,0,synthetic
716.54,46.91,1258,Prepaid,13,0,synthetic
61.55,6.63,185,Prepaid,23,0,real_openml_creditcard_42397
639.59,92.95,1741,COD,21,0,synthetic
735.41,36.34,1148,COD,3,0,synthetic
576.98,14.54,744,COD,23,0,synthetic
776.34,113.75,2114,Prepaid,14,0,synthetic
134.65,0.98,183,COD,18,0,real_openml_creditcard_42397
383.35,18.42,616,COD,17,0,real_openml_creditcard_42397
2.78,10.79,182,Wallet,14,0,real_openml_creditcard_42397
100.35,4.81,198,Wallet,1,0,real_openml_creditcard_42397
121.18,1.91,182,Wallet,12,0,real_openml_creditcard_42397
653.52,51.68,1258,Prepaid,11,0,synthetic
564.71,36.21,993,Wallet,11,0,synthetic
45.73,8.74,196,COD,0,0,real_openml_creditcard_42397
7.97,10.4,182,Prepaid,6,0,real_openml_creditcard_42397
269.08,22.4,561,COD,9,0,real_openml_creditcard_42397
633.45,72.25,1487,Wallet,8,0,synthetic
573.95,19.27,798,Prepaid,23,0,synthetic
66.93,5.98,182,Wallet,22,0,real_openml_creditcard_42397
421.87,101.39,1646,Prepaid,19,0,synthetic
420.67,81.82,1410,Prepaid,5,0,synthetic
137.13,1.38,190,COD,21,0,real_openml_creditcard_42397
133.11,45.12,711,Prepaid,8,0,synthetic
75.39,12.76,271,COD,18,0,real_openml_creditcard_42397
518.26,108.29,1816,COD,19,1,synthetic
46.38,21.86,354,Prepaid,0,0,real_openml_creditcard_42397
635.04,37.74,1074,Prepaid,15,0,synthetic
204.43,65.22,1017,Wallet,2,0,synthetic
254.27,5.35,343,Wallet,12,0,real_openml_creditcard_42397
692.42,45.38,1218,Prepaid,4,0,synthetic
191.29,11.27,357,COD,10,0,synthetic
487.08,102.03,1713,COD,17,0,synthetic
131.37,1.15,182,COD,10,0,real_openml_creditcard_42397
778.18,57.65,1442,COD,3,0,synthetic
307.25,29.0,675,COD,0,0,synthetic
585.98,30.83,947,Wallet,1,0,synthetic
2185.04,29.71,2373,Prepaid,14,0,real_openml_creditcard_42397
86.09,7.38,216,Prepaid,10,0,real_openml_creditcard_42397
16.99,11.31,201,Prepaid,22,0,real_openml_creditcard_42397
491.36,51.49,1110,Wallet,14,0,synthetic
714.12,28.32,1033,COD,22,0,synthetic
337.56,87.77,1407,Wallet,19,0,synthetic
388.46,8.98,507,Wallet,6,0,synthetic
25.45,9.17,183,Prepaid,2,0,real_openml_creditcard_42397
180.66,1.37,229,Prepaid,12,0,real_openml_creditcard_42397
589.12,2.16,606,Wallet,12,0,synthetic
66.69,7.0,194,Prepaid,20,0,real_openml_creditcard_42397
696.2,18.15,894,COD,18,0,synthetic
82.16,4.92,183,Wallet,5,0,real_openml_creditcard_42397
22.59,11.39,207,COD,19,0,real_openml_creditcard_42397
767.89,74.08,1630,Wallet,20,0,synthetic
477.81,32.67,872,Prepaid,6,0,synthetic
153.58,100.33,1392,COD,12,0,synthetic
319.2,28.32,677,COD,19,0,synthetic
375.58,8.16,486,Prepaid,14,0,real_openml_creditcard_42397
151.17,8.98,294,Wallet,16,0,synthetic
83.45,5.32,189,Prepaid,14,0,real_openml_creditcard_42397
494.64,61.09,1228,Prepaid,15,0,synthetic
600.94,3.18,629,Prepaid,14,0,synthetic
247.6,11.85,415,COD,9,0,synthetic
392.67,2.61,435,Prepaid,18,0,synthetic
122.82,19.81,398,Prepaid,5,0,synthetic
81.28,6.07,196,COD,22,0,real_openml_creditcard_42397
645.31,37.36,1079,Wallet,1,0,synthetic
701.3,44.74,1218,COD,8,0,synthetic
3468.81,117.17,4578,Wallet,10,0,real_openml_creditcard_42397
134.58,99.84,1369,Wallet,4,0,synthetic
64.55,6.08,181,COD,21,0,real_openml_creditcard_42397
105.11,41.47,642,COD,22,0,synthetic
633.04,62.19,1366,Wallet,9,0,synthetic
204.86,116.82,1636,COD,16,0,synthetic
688.78,98.86,1856,Prepaid,13,0,synthetic
619.03,0.58,614,Prepaid,15,0,synthetic
103.05,5.35,207,Wallet,16,0,real_openml_creditcard_42397
130.63,1.62,187,Wallet,21,0,real_openml_creditcard_42397
20.58,16.21,263,COD,11,0,real_openml_creditcard_42397
13.56,10.07,183,Prepaid,18,0,real_openml_creditcard_42397
666.47,116.05,2042,COD,10,0,synthetic
59.52,6.54,182,COD,6,0,real_openml_creditcard_42397
182.16,0.92,225,Prepaid,20,0,real_openml_creditcard_42397
177.54,94.42,1343,Wallet,23,0,synthetic
423.64,106.72,1712,Wallet,6,0,synthetic
102.65,3.3,182,Prepaid,6,0,real_openml_creditcard_42397
354.92,19.01,598,COD,5,0,synthetic
151.56,1.22,201,Wallet,19,0,real_openml_creditcard_42397
405.45,76.66,1335,COD,22,0,synthetic
194.51,36.97,669,COD,15,0,synthetic
25.77,9.07,182,Prepaid,0,0,real_openml_creditcard_42397
21.43,87.47,1119,Wallet,3,0,synthetic
176.45,115.46,1594,Prepaid,20,0,synthetic
317.04,119.07,1764,Prepaid,19,0,synthetic
87.92,7.99,225,COD,0,0,real_openml_creditcard_42397
633.56,10.21,743,COD,11,1,synthetic
176.84,96.13,1363,Wallet,17,0,synthetic
290.77,114.63,1687,Wallet,11,0,synthetic
250.09,51.85,897,Prepaid,14,1,synthetic
41.79,8.45,189,COD,4,0,real_openml_creditcard_42397
583.89,84.09,1585,COD,13,0,synthetic
446.84,69.42,1285,Wallet,16,0,synthetic
219.78,45.99,800,Prepaid,8,0,synthetic
261.58,103.35,1526,COD,10,0,synthetic
122.02,84.67,1176,Wallet,16,0,synthetic
196.75,11.91,370,Prepaid,12,0,real_openml_creditcard_42397
221.55,21.13,503,Prepaid,9,0,real_openml_creditcard_42397
199.69,49.06,818,Wallet,16,0,synthetic
298.24,84.67,1335,COD,16,0,synthetic
135.2,0.78,181,Prepaid,0,0,real_openml_creditcard_42397
2.46,11.07,185,Wallet,16,0,real_openml_creditcard_42397
46.79,86.27,1127,Wallet,21,0,synthetic
36.7,61.32,819,Wallet,14,0,synthetic
541.03,54.44,1190,Wallet,2,0,synthetic
767.43,67.71,1553,Wallet,0,0,synthetic
48.64,36.96,537,COD,3,0,synthetic
176.77,4.41,262,Wallet,9,0,real_openml_creditcard_42397
289.86,19.41,544,Wallet,2,0,synthetic
70.55,55.52,780,Wallet,7,0,synthetic
96.58,4.26,188,COD,10,0,real_openml_creditcard_42397
120.63,10.12,280,Prepaid,9,0,real_openml_creditcard_42397
43.37,51.89,712,COD,2,0,synthetic
363.1,41.09,870,COD,3,0,synthetic
436.78,44.62,979,COD,12,0,synthetic
603.76,62.37,1342,COD,13,0,synthetic
258.99,80.26,1246,COD,7,0,synthetic
114.0,18.45,374,COD,4,0,real_openml_creditcard_42397
782.16,13.35,914,Wallet,4,1,synthetic
776.72,55.04,1410,Prepaid,22,0,synthetic
49.71,60.09,816,Prepaid,14,0,synthetic
119.5,3.37,198,Prepaid,8,0,real_openml_creditcard_42397
20.33,13.89,235,COD,11,0,real_openml_creditcard_42397
674.6,40.53,1143,Prepaid,0,0,synthetic
383.55,95.05,1536,Wallet,8,1,synthetic
503.62,45.67,1051,Prepaid,2,0,synthetic
745.62,81.99,1705,Wallet,21,0,synthetic
177.19,48.92,796,Wallet,7,0,synthetic
72.81,6.54,194,COD,23,0,real_openml_creditcard_42397
116.41,7.52,245,Wallet,16,0,real_openml_creditcard_42397
347.48,59.53,1077,Prepaid,1,0,synthetic
571.13,76.79,1486,Prepaid,7,0,synthetic
1.19,10.91,182,Prepaid,20,0,real_openml_creditcard_42397
675.97,44.42,1191,COD,5,0,synthetic
39.33,13.3,245,Prepaid,7,0,real_openml_creditcard_42397
781.79,81.59,1733,COD,2,0,synthetic
212.15,52.92,876,Prepaid,2,0,synthetic
521.22,81.86,1501,Prepaid,9,0,synthetic
18.36,14.71,243,Prepaid,20,0,real_openml_creditcard_42397
238.3,70.53,1111,Prepaid,16,0,synthetic
479.24,16.6,680,COD,16,0,synthetic
717.21,46.23,1250,Wallet,10,0,synthetic
255.36,93.15,1398,Prepaid,5,0,synthetic
700.35,49.41,1273,Wallet,17,0,synthetic
106.34,3.02,182,Wallet,1,0,real_openml_creditcard_42397
379.72,0.51,398,Wallet,13,0,synthetic
332.99,44.47,883,Wallet,16,0,synthetic
535.08,21.29,787,Wallet,5,0,synthetic
331.93,5.57,416,Prepaid,15,0,synthetic
556.35,35.26,974,COD,3,0,synthetic
412.67,97.4,1590,Wallet,20,0,synthetic
524.67,84.4,1535,Wallet,15,0,synthetic
283.32,94.6,1440,Wallet,16,0,synthetic
520.97,102.53,1749,COD,20,0,synthetic
71.66,116.95,1518,COD,9,0,synthetic
133.18,115.08,1551,Wallet,3,0,synthetic
787.7,30.12,1120,COD,17,0,synthetic
731.62,62.24,1455,COD,19,0,synthetic
58.31,23.83,388,Wallet,0,0,synthetic
589.67,43.58,1104,Prepaid,18,0,synthetic
88.2,72.99,1005,COD,0,0,synthetic
655.48,18.86,866,COD,12,0,synthetic
342.11,85.47,1384,Wallet,15,0,synthetic
632.3,15.46,805,COD,22,0,synthetic
640.49,59.29,1338,Wallet,21,0,synthetic
269.31,71.82,1154,COD,8,0,synthetic
121.05,1.92,182,Prepaid,10,0,real_openml_creditcard_42397
86.11,4.54,182,COD,21,0,real_openml_creditcard_42397
381.64,37.79,847,COD,15,0,synthetic
57.85,7.83,196,COD,12,0,real_openml_creditcard_42397
789.68,37.17,1207,Wallet,12,0,synthetic
421.52,14.24,600,COD,10,0,synthetic
29.09,17.13,282,Prepaid,22,0,synthetic
75.62,6.74,199,COD,5,0,real_openml_creditcard_42397
220.85,1.85,271,Prepaid,16,0,real_openml_creditcard_42397
645.24,119.59,2066,Wallet,0,0,synthetic
217.99,5.32,310,COD,18,0,real_openml_creditcard_42397
200.58,89.27,1302,Wallet,22,0,synthetic
92.91,5.93,205,Wallet,21,0,synthetic
615.08,59.37,1316,Prepaid,3,0,synthetic
141.03,12.09,322,COD,19,0,real_openml_creditcard_42397
434.81,38.79,907,COD,20,0,synthetic
303.35,3.17,361,COD,11,0,real_openml_creditcard_42397
111.5,3.47,192,COD,5,0,real_openml_creditcard_42397
492.45,50.98,1105,Wallet,20,0,synthetic
60.06,7.0,188,COD,16,0,real_openml_creditcard_42397
146.95,0.9,193,COD,22,0,real_openml_creditcard_42397
117.78,7.25,243,Wallet,20,0,real_openml_creditcard_42397
130.14,4.16,217,Prepaid,22,0,real_openml_creditcard_42397
64.7,7.15,194,Wallet,19,0,real_openml_creditcard_42397
236.32,83.9,1269,Prepaid,5,0,synthetic
669.89,58.71,1357,Wallet,14,0,synthetic
128.74,3.18,204,COD,13,0,real_openml_creditcard_42397
309.81,81.11,1302,Prepaid,11,0,synthetic
621.96,18.32,830,Wallet,4,0,synthetic
14.83,9.97,183,Wallet,14,0,real_openml_creditcard_42397
165.4,9.76,316,Prepaid,16,0,real_openml_creditcard_42397
496.92,99.96,1697,Wallet,5,0,synthetic
443.25,62.84,1203,COD,4,0,synthetic
188.57,11.77,361,COD,15,0,real_openml_creditcard_42397
697.38,135.11,2299,Prepaid,10,0,real_openml_creditcard_42397
27.39,38.88,541,Prepaid,9,0,synthetic
426.63,76.1,1347,Prepaid,14,0,synthetic
510.33,112.99,1865,Prepaid,21,0,synthetic
508.26,110.65,1835,Wallet,13,0,synthetic
262.48,2.4,315,Wallet,21,0,real_openml_creditcard_42397
364.52,29.16,728,COD,9,0,synthetic
29.96,9.17,187,COD,22,0,real_openml_creditcard_42397
51.92,47.05,661,Wallet,16,0,synthetic
419.38,95.36,1572,COD,5,0,synthetic
687.27,24.8,966,Wallet,15,0,synthetic
311.2,91.41,1427,COD,10,0,synthetic
12.51,13.4,222,Prepaid,21,0,real_openml_creditcard_42397
35.51,21.0,334,Prepaid,21,0,real_openml_creditcard_42397
50.35,11.56,234,Wallet,23,0,real_openml_creditcard_42397
287.74,51.32,925,Wallet,11,0,synthetic
327.99,99.44,1538,COD,3,0,synthetic
264.2,85.16,1310,COD,2,0,synthetic
71.27,17.65,326,Wallet,17,0,real_openml_creditcard_42397
124.52,81.41,1139,COD,14,0,synthetic
546.69,50.54,1149,Wallet,3,0,synthetic
37.7,12.01,228,Prepaid,12,0,real_openml_creditcard_42397
125.55,1.58,182,COD,21,0,real_openml_creditcard_42397
140.62,1.79,198,Wallet,16,0,real_openml_creditcard_42397
339.96,40.23,839,Wallet,17,0,synthetic
78.24,11.63,260,Prepaid,15,0,real_openml_creditcard_42397
583.62,117.38,1984,Prepaid,4,0,synthetic
136.91,63.48,935,COD,2,0,synthetic
646.7,29.11,981,Prepaid,11,0,synthetic
248.98,45.51,820,Wallet,20,0,synthetic
76.35,6.44,196,COD,19,0,real_openml_creditcard_42397
295.41,6.44,393,COD,17,0,synthetic
433.85,15.9,631,Wallet,14,0,synthetic
572.04,44.12,1094,Prepaid,20,0,synthetic
225.72,5.4,318,Wallet,14,0,real_openml_creditcard_42397
58.54,6.61,182,COD,15,0,real_openml_creditcard_42397
319.2,3.59,380,COD,21,0,synthetic
172.43,57.12,891,Prepaid,5,0,synthetic
642.8,26.66,948,Prepaid,2,0,synthetic
370.22,20.44,628,COD,7,0,synthetic
216.42,78.44,1186,Prepaid,7,0,synthetic
220.04,3.89,295,COD,18,0,synthetic
328.22,1.05,358,Prepaid,22,0,real_openml_creditcard_42397
566.69,99.17,1750,Prepaid,3,0,synthetic
49.48,8.62,198,Wallet,16,0,real_openml_creditcard_42397
61.67,7.54,196,COD,14,0,real_openml_creditcard_42397
390.66,111.9,1744,Prepaid,14,0,synthetic
117.53,77.07,1081,COD,5,0,synthetic
56.37,7.36,189,Wallet,0,0,real_openml_creditcard_42397
162.53,5.48,262,COD,11,0,real_openml_creditcard_42397
89.02,117.74,1543,COD,14,0,synthetic
228.12,1.31,271,Prepaid,15,0,real_openml_creditcard_42397
15.87,10.48,190,COD,18,0,real_openml_creditcard_42397
426.24,36.28,869,COD,10,0,real_openml_creditcard_42397
162.74,0.96,208,COD,13,0,real_openml_creditcard_42397
34.93,11.21,216,Wallet,11,0,real_openml_creditcard_42397
554.39,19.79,786,COD,7,0,synthetic
742.48,6.27,793,Wallet,8,0,synthetic
395.4,31.21,780,Wallet,4,0,synthetic
767.47,96.04,1893,Prepaid,16,0,synthetic
709.05,61.49,1426,Wallet,16,0,synthetic
578.18,13.05,727,Prepaid,10,0,real_openml_creditcard_42397
27.67,8.93,182,COD,19,0,real_openml_creditcard_42397
540.17,28.53,878,COD,12,0,synthetic
213.96,2.04,267,Wallet,18,0,real_openml_creditcard_42397
186.43,78.19,1156,Wallet,15,0,synthetic
765.82,51.38,1356,Prepaid,9,0,synthetic
275.1,20.62,545,COD,19,0,real_openml_creditcard_42397
362.55,26.5,694,Wallet,0,0,synthetic
154.62,0.74,198,Prepaid,11,0,real_openml_creditcard_42397
75.16,14.28,289,Wallet,14,0,real_openml_creditcard_42397
372.67,114.76,1763,COD,22,0,synthetic
1.09,105.1,1312,COD,9,0,synthetic
463.29,117.82,1881,Prepaid,9,0,synthetic
146.21,8.37,282,COD,21,0,real_openml_creditcard_42397
358.13,104.14,1622,Wallet,23,0,synthetic
365.04,4.29,430,Wallet,1,0,real_openml_creditcard_42397
252.87,10.4,402,Prepaid,20,0,synthetic
52.42,8.57,200,Prepaid,0,0,real_openml_creditcard_42397
507.57,56.02,1179,COD,5,0,synthetic
91.92,4.02,181,Prepaid,17,0,real_openml_creditcard_42397
28.65,9.85,194,COD,12,0,real_openml_creditcard_42397
83.18,9.26,236,Wallet,22,0,real_openml_creditcard_42397
74.36,58.01,813,Prepaid,4,0,synthetic
479.72,46.93,1045,Prepaid,2,0,synthetic
414.83,73.45,1305,Wallet,7,0,synthetic
690.8,55.11,1333,COD,1,0,synthetic
68.03,6.31,187,Wallet,7,0,real_openml_creditcard_42397
106.03,4.21,196,Wallet,23,0,real_openml_creditcard_42397
37.63,14.34,256,Wallet,19,0,real_openml_creditcard_42397
377.29,5.54,456,Wallet,0,0,synthetic
386.03,117.82,1811,COD,0,1,synthetic
464.6,103.37,1709,Prepaid,14,0,synthetic
492.38,24.18,783,Wallet,8,0,synthetic
741.39,1.9,740,Wallet,22,0,real_openml_creditcard_42397
606.73,99.68,1792,Prepaid,0,0,synthetic
108.82,3.01,184,COD,13,0,real_openml_creditcard_42397
487.1,40.92,979,Wallet,23,0,synthetic
291.48,1.06,325,Wallet,19,0,real_openml_creditcard_42397
75.54,5.25,181,Wallet,23,0,real_openml_creditcard_42397
136.97,13.92,340,Prepaid,23,0,synthetic
71.4,18.31,334,Prepaid,23,0,real_openml_creditcard_42397
126.68,2.83,198,COD,7,0,real_openml_creditcard_42397
622.8,44.04,1139,Wallet,11,0,synthetic
77.47,91.95,1223,Prepaid,4,0,synthetic
776.74,46.0,1301,Prepaid,19,0,synthetic
87.01,4.47,182,COD,12,0,real_openml_creditcard_42397
80.51,15.21,305,COD,16,0,real_openml_creditcard_42397
565.3,79.73,1515,Wallet,15,0,synthetic
371.31,43.67,908,Prepaid,20,0,synthetic
519.69,55.62,1185,Wallet,22,0,synthetic
536.96,19.25,764,COD,5,0,synthetic
406.99,74.51,1310,COD,19,0,synthetic
341.1,33.07,754,COD,9,0,synthetic
331.69,71.42,1206,Wallet,16,0,synthetic
508.91,69.39,1341,Wallet,5,0,synthetic
77.94,7.07,205,COD,13,0,real_openml_creditcard_42397
127.2,28.46,506,Wallet,20,0,real_openml_creditcard_42397
165.79,0.65,207,Wallet,11,0,real_openml_creditcard_42397
689.7,21.45,928,Prepaid,6,0,synthetic
93.15,4.01,182,Prepaid,1,0,real_openml_creditcard_42397
90.58,4.46,185,COD,21,0,real_openml_creditcard_42397
402.0,45.76,961,Wallet,4,0,synthetic
560.37,99.42,1747,Prepaid,13,0,synthetic
670.82,67.78,1467,Wallet,13,0,synthetic
331.28,53.36,988,COD,13,0,synthetic
21.01,9.42,182,Prepaid,16,0,real_openml_creditcard_42397
91.61,4.71,189,Wallet,18,0,real_openml_creditcard_42397
587.61,89.65,1655,Prepaid,11,0,synthetic
232.74,17.21,466,Prepaid,23,0,real_openml_creditcard_42397
13.17,0.66,70,COD,0,0,synthetic
118.5,5.45,222,Prepaid,9,0,real_openml_creditcard_42397
68.57,8.02,208,COD,8,0,real_openml_creditcard_42397
397.43,39.9,887,Prepaid,21,0,synthetic
11.6,15.38,245,Wallet,17,0,real_openml_creditcard_42397
796.97,21.58,1026,Wallet,22,0,synthetic
47.22,7.46,182,COD,20,0,real_openml_creditcard_42397
621.85,5.38,674,Wallet,0,0,synthetic
343.27,96.37,1515,Prepaid,1,0,synthetic
144.88,3.05,217,Prepaid,23,0,real_openml_creditcard_42397
270.19,54.8,951,Wallet,18,0,synthetic
166.5,3.18,238,Prepaid,12,0,real_openml_creditcard_42397
70.77,98.85,1300,Wallet,9,0,synthetic
37.26,9.62,199,Prepaid,14,0,real_openml_creditcard_42397
309.07,25.95,640,Prepaid,8,0,synthetic
626.61,50.1,1215,COD,22,0,synthetic
45.09,116.15,1484,Wallet,7,0,synthetic
547.56,34.08,952,COD,8,0,synthetic
703.73,98.09,1860,COD,4,0,synthetic
28.18,10.22,198,COD,16,0,real_openml_creditcard_42397
72.66,18.22,334,COD,13,0,real_openml_creditcard_42397
92.29,20.61,380,Prepaid,19,0,synthetic
172.16,0.59,212,Prepaid,18,0,real_openml_creditcard_42397
692.28,3.25,712,Prepaid,8,0,synthetic
362.37,43.77,901,Prepaid,5,0,synthetic
249.16,14.98,454,Wallet,10,0,real_openml_creditcard_42397
463.64,59.24,1178,Prepaid,5,0,synthetic
389.7,88.85,1467,Wallet,8,0,synthetic
405.48,107.53,1705,COD,13,0,synthetic
106.62,14.0,314,COD,15,0,real_openml_creditcard_42397
64.23,20.43,353,Wallet,14,0,real_openml_creditcard_42397
29.94,8.92,184,COD,12,0,real_openml_creditcard_42397
306.09,42.02,830,Wallet,2,0,synthetic
44.23,118.69,1514,Wallet,3,0,synthetic
4.12,10.69,182,Prepaid,15,0,real_openml_creditcard_42397
648.25,54.22,1284,COD,10,0,synthetic
662.88,104.34,1899,COD,23,0,synthetic
133.59,88.33,1230,Prepaid,13,0,synthetic
126.17,1.45,181,Wallet,12,0,real_openml_creditcard_42397
357.82,1.22,387,COD,18,0,synthetic
343.79,7.38,448,Wallet,1,0,synthetic
5080.26,86.73,5663,COD,10,0,real_openml_creditcard_42397
376.45,88.0,1445,Prepaid,19,0,synthetic
780.2,110.27,2075,Prepaid,7,0,synthetic
212.97,3.07,278,COD,18,1,synthetic
105.51,4.5,199,Prepaid,17,0,real_openml_creditcard_42397
412.83,81.99,1405,COD,4,0,synthetic
670.26,3.27,693,COD,23,0,synthetic
42.42,7.74,181,Prepaid,0,0,real_openml_creditcard_42397
336.24,75.02,1253,Prepaid,12,0,synthetic
671.87,23.76,940,COD,20,0,synthetic
314.91,111.66,1673,Wallet,19,0,synthetic
472.37,64.99,1255,Prepaid,9,0,synthetic
276.97,95.26,1442,Prepaid,19,0,synthetic
203.27,69.81,1071,COD,3,0,synthetic
66.06,7.38,198,Prepaid,8,0,real_openml_creditcard_42397
105.63,3.66,189,Wallet,16,0,real_openml_creditcard_42397
743.44,48.23,1298,Prepaid,23,0,synthetic
480.08,26.16,796,COD,15,0,real_openml_creditcard_42397
581.24,108.11,1870,Wallet,8,0,synthetic
544.37,8.58,643,COD,0,0,synthetic
739.39,94.88,1854,Prepaid,10,0,synthetic
150.93,1.01,198,Wallet,8,0,real_openml_creditcard_42397
42.18,9.34,200,Prepaid,22,0,real_openml_creditcard_42397
107.16,7.3,234,Wallet,9,0,real_openml_creditcard_42397
1.0,25.4,356,Prepaid,20,0,real_openml_creditcard_42397
79.33,91.37,1218,Prepaid,9,0,synthetic
234.56,116.66,1661,Wallet,3,0,synthetic
89.75,11.85,273,Wallet,11,0,real_openml_creditcard_42397
89.71,3.48,172,COD,17,0,synthetic
35.79,8.48,184,Wallet,21,0,real_openml_creditcard_42397
686.29,88.89,1734,Prepaid,9,0,synthetic
471.06,38.39,935,COD,22,0,synthetic
641.62,15.52,814,COD,14,0,synthetic
252.94,112.41,1627,Prepaid,7,0,synthetic
429.05,68.78,1261,Prepaid,1,0,synthetic
540.31,65.43,1321,COD,4,0,synthetic
228.94,75.67,1164,COD,17,0,synthetic
635.58,91.39,1719,COD,7,0,synthetic
297.83,78.07,1255,COD,20,0,synthetic
484.76,5.85,556,Prepaid,10,0,synthetic
1210.41,36.22,1574,Wallet,19,0,real_openml_creditcard_42397
465.93,33.14,867,COD,10,0,real_openml_creditcard_42397
750.95,5.57,793,Wallet,21,0,synthetic
59.78,10.93,235,Prepaid,11,0,real_openml_creditcard_42397
181.96,112.93,1569,COD,1,0,synthetic
71.04,10.44,239,COD,17,0,synthetic
38.26,17.63,296,COD,0,0,real_openml_creditcard_42397
213.6,108.83,1548,Prepaid,22,0,synthetic
619.43,9.53,722,Prepaid,11,0,synthetic
360.1,25.9,685,Wallet,4,0,synthetic
154.2,0.85,199,Wallet,16,0,real_openml_creditcard_42397
401.84,104.4,1665,Prepaid,7,0,synthetic
170.95,82.35,1192,Wallet,7,0,synthetic
288.33,118.16,1727,Wallet,13,0,synthetic
797.81,12.03,912,Prepaid,1,0,synthetic
700.6,7.26,768,Prepaid,14,0,synthetic
117.84,3.83,202,Prepaid,1,0,real_openml_creditcard_42397
104.54,3.16,182,Wallet,5,0,real_openml_creditcard_42397
205.6,0.91,246,Prepaid,22,0,real_openml_creditcard_42397
536.06,71.93,1396,COD,15,0,synthetic
692.81,60.93,1405,Prepaid,18,0,synthetic
108.98,10.49,274,Prepaid,0,0,real_openml_creditcard_42397
789.02,32.44,1149,COD,23,0,synthetic
43.17,107.29,1376,COD,13,0,synthetic
500.39,38.66,964,Prepaid,13,0,synthetic
790.31,95.64,1909,COD,16,0,synthetic
80.82,10.02,243,COD,12,0,real_openml_creditcard_42397
18.73,61.15,801,COD,4,0,synthetic
123.57,72.06,1026,Wallet,13,1,synthetic
352.6,1.72,388,COD,10,0,real_openml_creditcard_42397
314.06,9.59,448,COD,5,0,synthetic
102.27,7.5,232,Wallet,10,0,real_openml_creditcard_42397
101.66,13.04,298,COD,12,0,real_openml_creditcard_42397
96.96,12.64,289,Wallet,18,0,real_openml_creditcard_42397
55.96,7.14,186,Prepaid,15,0,real_openml_creditcard_42397
631.64,39.41,1091,COD,13,0,synthetic
380.81,6.27,468,COD,20,0,real_openml_creditcard_42397
227.51,1.52,273,COD,13,0,real_openml_creditcard_42397
579.17,81.95,1555,Prepaid,4,0,synthetic
623.92,42.86,1126,Prepaid,9,0,synthetic
522.62,63.36,1281,COD,7,0,synthetic
126.51,24.89,463,Wallet,22,0,synthetic
340.92,118.77,1782,Prepaid,1,0,synthetic
92.24,13.67,297,Prepaid,9,0,real_openml_creditcard_42397
62.75,6.29,182,Wallet,15,0,real_openml_creditcard_42397
544.35,22.17,806,Wallet,12,0,synthetic
393.43,26.05,717,Wallet,18,0,synthetic
744.83,37.54,1171,Prepaid,12,0,synthetic
90.42,4.38,184,Wallet,14,0,real_openml_creditcard_42397
717.14,28.55,1038,Prepaid,9,0,synthetic
147.33,110.85,1513,Prepaid,8,0,synthetic
105.0,6.29,220,Wallet,12,0,real_openml_creditcard_42397
739.05,15.88,906,Prepaid,5,0,synthetic
723.7,22.54,972,Wallet,7,0,synthetic
20.73,9.45,182,COD,3,0,real_openml_creditcard_42397
656.64,1.0,653,Wallet,4,0,synthetic
256.31,17.78,494,Prepaid,22,0,real_openml_creditcard_42397
715.54,23.38,975,Wallet,0,0,synthetic
81.58,8.21,222,Prepaid,2,0,real_openml_creditcard_42397
105.54,3.33,185,Prepaid,16,0,real_openml_creditcard_42397
610.02,13.42,760,Wallet,0,0,synthetic
708.31,11.79,829,COD,3,0,real_openml_creditcard_42397
36.62,10.34,207,Wallet,8,0,real_openml_creditcard_42397
741.88,89.01,1786,Prepaid,4,0,synthetic
272.58,60.32,1019,Wallet,15,0,synthetic
137.38,1.28,189,Prepaid,15,0,real_openml_creditcard_42397
263.77,23.54,570,COD,20,0,synthetic
119.5,30.95,529,Wallet,22,0,real_openml_creditcard_42397
261.75,2.88,320,COD,12,1,synthetic
216.76,54.12,895,Prepaid,23,0,synthetic
194.8,1.14,239,Wallet,11,0,real_openml_creditcard_42397
709.66,69.45,1522,COD,8,1,synthetic
146.15,3.21,220,Wallet,12,0,real_openml_creditcard_42397
122.66,1.72,181,COD,8,0,real_openml_creditcard_42397
519.35,61.35,1254,Prepaid,21,0,synthetic
488.58,9.19,600,COD,12,0,synthetic
349.65,53.64,1008,COD,21,0,synthetic
769.91,46.14,1297,COD,7,0,synthetic
447.78,48.33,1033,Wallet,3,0,synthetic
132.68,12.8,323,Prepaid,13,0,real_openml_creditcard_42397
162.97,25.76,506,Wallet,3,0,synthetic
705.41,87.66,1737,Wallet,22,0,synthetic
739.99,115.48,2102,Wallet,6,0,synthetic
486.41,75.51,1394,Prepaid,17,0,synthetic
223.72,2.39,280,COD,9,0,real_openml_creditcard_42397
15.12,9.87,182,COD,14,0,real_openml_creditcard_42397
752.29,40.2,1209,Prepaid,1,0,synthetic
258.51,99.1,1472,Prepaid,17,0,synthetic
132.08,12.01,313,Wallet,21,0,real_openml_creditcard_42397
152.23,1.67,207,Prepaid,22,0,real_openml_creditcard_42397
347.44,23.61,646,COD,4,0,real_openml_creditcard_42397
368.96,20.48,628,Wallet,11,0,synthetic
376.01,30.45,754,Prepaid,22,0,synthetic
170.98,95.55,1350,Prepaid,13,0,synthetic
23.69,10.81,201,COD,18,0,real_openml_creditcard_42397
647.97,103.85,1879,Prepaid,18,0,synthetic
761.63,21.23,990,COD,7,0,synthetic
389.0,10.59,527,COD,3,0,synthetic
105.91,112.29,1493,COD,1,0,synthetic
570.6,55.9,1234,Wallet,6,1,synthetic
47.65,7.43,182,Prepaid,20,0,real_openml_creditcard_42397
61.33,107.26,1392,Prepaid,16,0,synthetic
1237.72,100.84,2374,COD,16,0,real_openml_creditcard_42397
53.53,11.07,231,COD,21,0,real_openml_creditcard_42397
256.45,98.02,1457,COD,10,0,synthetic
145.7,32.32,569,Wallet,15,0,synthetic
475.84,48.29,1058,Wallet,6,0,synthetic
448.09,100.6,1660,Wallet,9,0,synthetic
24.8,23.56,355,Wallet,3,0,real_openml_creditcard_42397
127.44,1.69,185,COD,13,0,real_openml_creditcard_42397
108.58,4.86,206,COD,19,0,real_openml_creditcard_42397
474.69,20.3,721,COD,3,0,synthetic
112.45,2.73,184,Wallet,15,0,real_openml_creditcard_42397
755.62,72.85,1604,Wallet,17,0,synthetic
475.68,29.76,835,Wallet,6,0,synthetic
723.33,97.87,1875,Prepaid,0,0,synthetic
116.31,2.28,182,COD,9,0,real_openml_creditcard_42397
780.52,80.26,1716,Wallet,15,0,synthetic
300.75,36.3,756,Wallet,20,0,synthetic
110.88,14.93,329,Wallet,17,0,real_openml_creditcard_42397
1.82,11.03,184,Prepaid,19,0,real_openml_creditcard_42397
365.53,63.75,1144,COD,18,0,synthetic
1147.8,17.92,1298,Prepaid,16,0,real_openml_creditcard_42397
309.91,40.51,815,Prepaid,3,0,real_openml_creditcard_42397
147.85,105.0,1443,Prepaid,4,0,synthetic
127.16,92.55,1275,COD,1,0,synthetic
430.75,34.32,850,Wallet,7,0,synthetic
185.2,117.7,1629,Prepaid,5,0,synthetic
536.88,25.82,843,Wallet,1,0,synthetic
24.48,10.16,194,COD,1,0,real_openml_creditcard_42397
712.25,43.72,1216,Prepaid,9,0,synthetic
212.4,13.9,408,COD,17,0,real_openml_creditcard_42397
671.57,22.62,926,Wallet,12,0,synthetic
789.77,105.55,2027,COD,0,0,synthetic
318.18,50.15,938,Prepaid,23,0,synthetic
191.82,1.03,235,COD,10,0,real_openml_creditcard_42397
131.43,2.31,196,Prepaid,9,0,real_openml_creditcard_42397
31.0,9.76,195,Wallet,11,0,real_openml_creditcard_42397
287.42,93.69,1433,COD,6,0,real_openml_creditcard_42397
613.5,90.49,1688,Prepaid,13,1,synthetic
137.86,56.43,851,Wallet,23,0,synthetic
534.86,20.68,780,COD,1,0,synthetic
257.53,105.38,1546,Prepaid,2,0,synthetic
71.03,5.67,182,COD,23,0,real_openml_creditcard_42397
644.01,63.37,1390,COD,1,0,synthetic
634.61,106.09,1894,COD,3,0,synthetic
147.06,61.72,923,COD,22,0,synthetic
105.81,112.79,1499,Prepaid,13,1,synthetic
516.89,17.53,726,Wallet,22,0,synthetic
138.45,13.87,341,Wallet,9,0,real_openml_creditcard_42397
296.23,7.9,411,Prepaid,7,0,synthetic
766.55,35.45,1165,Wallet,16,0,synthetic
20.12,11.24,203,COD,17,0,real_openml_creditcard_42397
61.32,10.98,237,Wallet,12,0,real_openml_creditcard_42397
666.16,108.9,1956,Prepaid,7,0,synthetic
27.88,17.74,288,Wallet,0,0,real_openml_creditcard_42397
13.92,11.29,198,Prepaid,21,0,real_openml_creditcard_42397
741.37,2.54,748,Prepaid,11,0,synthetic
317.9,58.94,1043,COD,9,0,synthetic
105.8,14.98,325,COD,21,0,real_openml_creditcard_42397
427.9,89.24,1506,Wallet,9,0,synthetic
506.97,17.89,721,Prepaid,12,0,real_openml_creditcard_42397
895.03,27.29,1183,Prepaid,21,0,real_openml_creditcard_42397
125.54,110.66,1491,COD,23,0,synthetic
678.91,38.63,1125,Prepaid,3,0,synthetic
67.13,6.38,187,Wallet,22,0,real_openml_creditcard_42397
91.0,4.17,182,Prepaid,21,0,real_openml_creditcard_42397
379.97,49.79,989,Prepaid,15,0,synthetic
687.68,89.88,1747,COD,17,0,synthetic
64.67,7.32,196,Prepaid,10,0,real_openml_creditcard_42397
62.13,6.34,182,Wallet,20,0,real_openml_creditcard_42397
4.06,14.03,222,Prepaid,15,0,real_openml_creditcard_42397
70.46,13.55,276,Wallet,14,0,real_openml_creditcard_42397
292.75,38.6,777,Wallet,12,0,synthetic
120.23,61.75,899,COD,13,0,synthetic
59.86,113.53,1466,Wallet,14,1,synthetic
370.62,50.66,991,COD,20,0,synthetic
765.72,106.78,2021,Prepaid,15,0,synthetic
123.5,1.9,184,COD,11,0,real_openml_creditcard_42397
369.15,78.54,1325,Prepaid,1,0,synthetic
67.58,9.26,222,Wallet,11,0,real_openml_creditcard_42397
751.42,49.44,1320,Prepaid,18,1,synthetic
208.27,3.96,285,Prepaid,20,0,real_openml_creditcard_42397
248.44,11.45,411,Prepaid,3,0,real_openml_creditcard_42397
225.38,18.48,475,Wallet,10,0,synthetic
372.44,0.82,395,COD,9,0,real_openml_creditcard_42397
740.71,119.12,2146,Prepaid,6,0,synthetic
31.71,8.62,182,Prepaid,21,0,real_openml_creditcard_42397
198.56,5.77,298,COD,18,0,real_openml_creditcard_42397
199.63,4.94,289,Wallet,21,0,real_openml_creditcard_42397
320.65,16.45,536,COD,13,0,synthetic
473.96,81.79,1458,COD,17,1,synthetic
736.12,67.32,1520,Prepaid,18,0,synthetic
105.37,7.35,233,Prepaid,9,0,real_openml_creditcard_42397
384.0,6.28,471,Wallet,22,0,synthetic
579.04,22.99,847,COD,3,0,synthetic
17.42,28.09,403,Wallet,0,0,synthetic
153.19,4.59,243,COD,7,0,real_openml_creditcard_42397
21.41,66.56,868,COD,15,0,real_openml_creditcard_42397
715.99,31.77,1076,Prepaid,3,0,synthetic
178.18,13.14,368,Prepaid,15,0,real_openml_creditcard_42397
27.52,11.94,218,COD,21,0,real_openml_creditcard_42397
368.65,39.97,861,Wallet,9,0,synthetic
439.33,1.87,468,COD,4,0,synthetic
519.76,21.81,779,Wallet,6,0,synthetic
12.24,10.08,182,Wallet,9,0,real_openml_creditcard_42397
85.81,22.73,400,Prepaid,22,0,real_openml_creditcard_42397
59.59,111.27,1439,Prepaid,12,0,synthetic
761.45,73.05,1612,Wallet,22,0,synthetic
27.37,19.86,313,COD,1,0,real_openml_creditcard_42397
338.27,94.18,1485,Prepaid,2,1,synthetic
483.09,7.17,571,Prepaid,2,0,synthetic
799.99,79.38,1723,Wallet,7,0,synthetic
700.35,105.34,1944,COD,7,0,synthetic
514.89,78.15,1451,COD,11,0,synthetic
629.72,8.12,714,Wallet,6,0,synthetic
363.4,98.7,1561,Wallet,20,0,synthetic
360.03,14.06,543,Prepaid,13,0,synthetic
724.81,54.32,1354,Wallet,7,0,synthetic
741.56,110.43,2043,Prepaid,22,0,synthetic
331.53,1.05,361,COD,13,0,real_openml_creditcard_42397
473.36,59.26,1187,COD,12,0,synthetic
1215.98,23.8,1430,COD,21,0,real_openml_creditcard_42397
452.71,75.16,1359,COD,19,0,synthetic
74.26,20.73,366,COD,20,0,synthetic
690.79,56.72,1352,Wallet,6,0,synthetic
691.07,34.38,1085,COD,4,0,synthetic
32.91,95.51,1226,COD,10,0,synthetic
55.54,83.06,1097,Wallet,21,0,synthetic
358.8,1.17,387,Prepaid,12,0,real_openml_creditcard_42397
12.36,12.91,216,Prepaid,11,0,real_openml_creditcard_42397
501.57,103.95,1749,Wallet,15,0,synthetic
99.75,3.52,182,Wallet,17,0,real_openml_creditcard_42397
40.81,7.94,182,Wallet,23,0,real_openml_creditcard_42397
676.62,158.67,2563,Prepaid,14,0,real_openml_creditcard_42397
85.98,5.22,190,Wallet,22,0,synthetic
65.71,10.9,240,COD,17,0,real_openml_creditcard_42397
100.34,78.65,1084,Wallet,11,0,synthetic
21.04,9.42,182,COD,17,0,real_openml_creditcard_42397
22.49,19.48,304,Wallet,15,0,real_openml_creditcard_42397
80.4,4.97,182,Wallet,21,0,real_openml_creditcard_42397
331.35,109.19,1659,Wallet,1,1,synthetic
593.27,44.31,1116,Prepaid,8,0,synthetic
77.03,9.56,234,COD,19,0,real_openml_creditcard_42397
664.24,16.99,852,Prepaid,22,0,synthetic
618.62,5.37,671,Wallet,21,0,synthetic
1.0,45.39,596,COD,12,0,real_openml_creditcard_42397
494.31,61.43,1232,COD,6,0,synthetic
387.4,101.45,1616,Prepaid,7,0,synthetic
19.39,9.55,182,Wallet,16,0,real_openml_creditcard_42397
310.0,43.15,847,Prepaid,9,0,synthetic
6.88,51.3,672,Prepaid,22,0,synthetic
164.0,68.5,1020,COD,11,0,synthetic
284.41,55.59,973,COD,16,0,real_openml_creditcard_42397
136.83,2.07,198,COD,20,0,real_openml_creditcard_42397
60.8,115.21,1487,Wallet,18,0,synthetic
674.37,74.77,1554,Prepaid,0,0,synthetic
116.64,3.58,198,Wallet,9,0,real_openml_creditcard_42397
319.85,16.26,533,COD,4,0,synthetic
45.58,5.43,156,Wallet,6,0,synthetic
87.22,4.54,183,COD,21,0,real_openml_creditcard_42397
50.42,7.14,181,COD,16,0,real_openml_creditcard_42397
48.52,7.28,181,Wallet,17,0,real_openml_creditcard_42397
457.65,3.68,506,Prepaid,11,0,real_openml_creditcard_42397
442.16,46.5,1006,COD,23,1,synthetic
178.18,86.15,1244,Wallet,19,0,synthetic
757.68,21.83,994,COD,19,0,synthetic
683.76,82.05,1650,COD,22,0,synthetic
129.41,44.02,695,Wallet,10,0,synthetic
194.04,29.53,579,COD,16,0,synthetic
384.77,90.21,1479,Wallet,0,0,synthetic
147.79,1.25,198,COD,16,0,real_openml_creditcard_42397
335.9,84.84,1370,Prepaid,16,0,synthetic
253.11,0.98,290,Wallet,13,0,synthetic
734.84,93.86,1838,COD,13,0,synthetic
757.35,109.8,2049,Prepaid,17,0,synthetic
250.12,112.87,1630,COD,22,0,synthetic
523.61,8.21,620,COD,16,0,synthetic
144.36,3.01,216,Prepaid,7,0,real_openml_creditcard_42397
250.52,39.6,751,COD,13,0,synthetic
43.5,7.74,182,Prepaid,22,0,real_openml_creditcard_42397
630.67,20.57,864,COD,15,0,synthetic
125.53,30.83,533,Wallet,10,0,real_openml_creditcard_42397
688.67,4.24,721,COD,22,0,synthetic
9.54,13.78,224,COD,13,0,real_openml_creditcard_42397
63.75,41.73,608,Wallet,2,0,synthetic
700.14,20.03,920,Prepaid,11,0,synthetic
663.27,61.33,1383,Prepaid,3,0,synthetic
727.8,0.79,715,COD,15,1,synthetic
97.13,53.08,774,COD,2,0,synthetic
124.17,2.44,191,Prepaid,14,0,real_openml_creditcard_42397
380.72,2.7,425,COD,17,0,real_openml_creditcard_42397
269.29,28.11,630,Prepaid,8,0,synthetic
35.94,23.55,365,Wallet,16,0,real_openml_creditcard_42397
377.21,44.05,918,Prepaid,9,0,synthetic
565.56,89.75,1636,Wallet,13,0,synthetic
642.19,54.24,1279,Prepaid,11,0,synthetic
620.97,62.91,1364,Wallet,2,0,synthetic
141.59,2.05,202,COD,10,0,real_openml_creditcard_42397
136.36,6.69,253,Wallet,7,0,real_openml_creditcard_42397
126.19,2.2,190,COD,15,0,real_openml_creditcard_42397
527.56,102.65,1757,Wallet,3,0,synthetic
371.29,30.18,746,COD,5,0,synthetic
773.25,35.75,1175,Prepaid,8,0,synthetic
222.79,16.85,453,Prepaid,6,0,synthetic
154.44,75.66,1097,Prepaid,6,0,synthetic
555.11,41.44,1047,Prepaid,23,0,synthetic
665.89,5.06,710,Prepaid,8,0,real_openml_creditcard_42397
266.62,1.53,308,COD,16,0,synthetic
345.48,77.79,1294,Wallet,16,0,synthetic
140.18,15.4,361,Wallet,16,0,real_openml_creditcard_42397
55.32,8.02,196,Prepaid,8,0,real_openml_creditcard_42397
53.24,113.67,1462,Prepaid,2,0,synthetic
172.18,3.92,252,Prepaid,8,0,real_openml_creditcard_42397
149.43,0.88,195,COD,20,0,real_openml_creditcard_42397
225.95,2.05,278,COD,7,0,real_openml_creditcard_42397
443.19,84.14,1459,Prepaid,5,0,synthetic
514.08,99.24,1704,Wallet,13,0,synthetic
691.31,40.88,1163,COD,16,0,synthetic
169.23,3.06,239,COD,14,0,real_openml_creditcard_42397
773.06,39.94,1225,Prepaid,5,0,synthetic
77.06,8.47,221,Wallet,19,0,real_openml_creditcard_42397
25.86,8.89,180,COD,11,0,real_openml_creditcard_42397
533.07,60.35,1254,Prepaid,3,0,synthetic
20.86,66.85,871,Prepaid,3,0,synthetic
77.84,12.33,268,COD,23,0,real_openml_creditcard_42397
215.7,83.19,1242,Prepaid,4,0,synthetic
195.42,3.76,271,Prepaid,20,0,real_openml_creditcard_42397
322.08,34.84,758,Wallet,1,0,synthetic
428.44,76.44,1353,Wallet,9,0,synthetic
352.95,30.0,728,COD,10,0,synthetic
132.1,47.85,743,Prepaid,8,0,synthetic
745.13,77.59,1652,Wallet,15,0,synthetic
13.87,32.56,453,Prepaid,18,0,synthetic
744.71,20.52,967,COD,9,0,synthetic
362.5,46.66,936,Wallet,6,0,synthetic
146.25,99.15,1371,Prepaid,15,0,synthetic
41.9,10.94,219,Wallet,12,0,real_openml_creditcard_42397
637.56,83.31,1623,Wallet,7,0,synthetic
46.41,115.5,1478,COD,1,0,synthetic
28.01,19.15,305,Wallet,19,0,real_openml_creditcard_42397
147.36,11.86,325,Wallet,23,0,real_openml_creditcard_42397
237.51,3.19,302,COD,9,0,real_openml_creditcard_42397
15.84,9.81,182,COD,20,0,real_openml_creditcard_42397
784.94,7.5,846,Wallet,2,0,synthetic
212.03,1.35,257,COD,23,0,real_openml_creditcard_42397
124.97,4.88,221,Wallet,11,0,real_openml_creditcard_42397
598.76,34.4,1002,COD,16,0,synthetic
140.75,3.44,218,COD,18,0,real_openml_creditcard_42397
127.03,46.48,722,COD,2,0,synthetic
321.2,9.66,455,Wallet,13,0,real_openml_creditcard_42397
540.94,21.96,800,Prepaid,12,0,synthetic
741.09,1.08,730,Wallet,21,0,real_openml_creditcard_42397
461.68,50.09,1067,COD,16,0,synthetic
262.92,60.55,1013,Prepaid,1,0,synthetic
135.31,0.85,182,COD,20,0,real_openml_creditcard_42397
270.18,49.35,885,Prepaid,2,0,synthetic
342.19,12.43,507,Prepaid,14,0,synthetic
169.71,52.12,828,Prepaid,9,0,synthetic
25.15,10.53,199,Wallet,16,0,real_openml_creditcard_42397
299.55,11.79,461,Wallet,17,0,synthetic
390.88,45.97,953,Prepaid,2,0,synthetic
602.89,18.67,817,Wallet,23,0,synthetic
677.42,40.18,1142,Prepaid,20,0,synthetic
533.71,24.93,829,Wallet,13,0,synthetic
124.53,2.83,196,COD,9,0,real_openml_creditcard_42397
206.08,89.56,1310,COD,3,0,synthetic
196.57,39.79,704,Wallet,13,0,synthetic
82.71,7.05,209,Wallet,4,0,real_openml_creditcard_42397
209.71,14.27,410,Wallet,23,0,real_openml_creditcard_42397
312.48,93.88,1458,COD,18,0,synthetic
109.88,104.17,1399,COD,19,0,synthetic
630.15,47.78,1190,COD,16,0,synthetic
163.75,8.55,300,COD,19,0,real_openml_creditcard_42397
223.29,87.51,1301,Wallet,13,0,synthetic
21.65,95.79,1219,COD,17,0,synthetic
127.09,87.05,1209,Wallet,21,0,synthetic
64.07,6.78,189,COD,22,0,real_openml_creditcard_42397
154.4,0.75,198,COD,12,0,real_openml_creditcard_42397
705.33,77.03,1609,Prepaid,11,0,synthetic
203.89,9.12,343,Prepaid,14,0,real_openml_creditcard_42397
387.67,34.79,816,COD,18,0,synthetic
351.88,18.93,594,COD,11,0,synthetic
60.14,6.74,185,Wallet,23,0,real_openml_creditcard_42397
603.38,4.4,646,Wallet,6,0,synthetic
173.58,41.81,708,COD,14,0,real_openml_creditcard_42397
143.14,7.13,264,COD,20,0,synthetic
223.17,3.6,294,Wallet,19,0,synthetic
899.82,34.43,1273,COD,19,0,real_openml_creditcard_42397
324.8,95.28,1486,Prepaid,16,0,synthetic
68.1,7.56,202,COD,17,0,real_openml_creditcard_42397
233.75,78.08,1197,COD,4,0,synthetic
87.33,6.12,202,Prepaid,15,0,real_openml_creditcard_42397
472.7,59.86,1194,COD,6,0,synthetic
624.01,95.45,1757,Wallet,8,0,real_openml_creditcard_42397
517.52,104.98,1775,Prepaid,20,0,synthetic
436.28,21.59,702,Prepaid,15,0,synthetic
31.48,9.47,192,Wallet,15,0,real_openml_creditcard_42397
63.34,12.53,257,Wallet,12,0,synthetic
1.04,12.34,199,Wallet,13,0,real_openml_creditcard_42397
674.6,7.29,745,Wallet,1,0,synthetic
209.03,85.27,1261,Wallet,17,0,synthetic
271.14,43.62,817,Wallet,15,0,synthetic
405.9,111.08,1748,Wallet,20,0,synthetic
70.81,8.52,216,COD,11,0,real_openml_creditcard_42397
193.26,1.14,238,Prepaid,23,0,synthetic
105.98,3.14,183,COD,10,0,real_openml_creditcard_42397
392.41,66.05,1196,Wallet,17,0,synthetic
111.95,2.6,182,Wallet,21,0,real_openml_creditcard_42397
782.44,19.9,993,COD,19,0,real_openml_creditcard_42397
197.93,81.72,1209,Prepaid,6,0,synthetic
342.82,80.88,1329,Prepaid,2,0,synthetic
20.76,14.53,243,Wallet,9,0,real_openml_creditcard_42397
101.84,10.7,270,Wallet,9,0,real_openml_creditcard_42397
115.91,2.31,182,COD,22,0,real_openml_creditcard_42397
351.2,108.41,1667,COD,13,0,synthetic
533.41,4.45,583,COD,11,0,synthetic
350.35,70.31,1209,Prepaid,21,0,synthetic
155.51,2.67,222,Prepaid,19,0,real_openml_creditcard_42397
717.9,3.94,743,COD,4,0,synthetic
79.21,5.14,183,COD,18,0,real_openml_creditcard_42397
395.28,42.98,922,COD,12,0,synthetic
621.19,20.43,854,COD,3,0,synthetic
650.82,4.19,686,COD,15,0,real_openml_creditcard_42397
451.69,7.86,551,Prepaid,17,0,synthetic
593.2,5.04,644,Prepaid,15,0,synthetic
787.07,64.01,1527,Wallet,13,0,synthetic
21.03,9.92,188,Prepaid,12,0,real_openml_creditcard_42397
11.33,13.73,225,COD,17,0,real_openml_creditcard_42397
51.58,28.06,433,Prepaid,23,0,synthetic
623.74,97.0,1775,Wallet,4,0,synthetic
81.93,5.94,195,Wallet,22,0,real_openml_creditcard_42397
141.11,3.0,213,Wallet,5,0,real_openml_creditcard_42397
54.39,71.36,955,COD,5,0,synthetic
106.49,8.26,245,Prepaid,11,0,real_openml_creditcard_42397
556.61,6.87,633,Wallet,21,0,synthetic
343.04,21.95,622,Prepaid,19,0,synthetic
36.26,8.78,188,COD,12,0,real_openml_creditcard_42397
331.44,32.92,743,COD,18,0,synthetic
231.53,36.57,697,COD,18,0,synthetic
134.62,2.49,201,Prepaid,21,0,real_openml_creditcard_42397
222.62,20.4,495,COD,3,0,synthetic
33.38,17.83,294,Wallet,9,0,real_openml_creditcard_42397
330.07,10.99,479,Prepaid,16,0,real_openml_creditcard_42397
119.99,2.75,191,Wallet,16,0,real_openml_creditcard_42397
386.88,16.79,600,Wallet,17,0,synthetic
98.08,66.28,934,COD,5,0,synthetic
52.91,45.3,641,Prepaid,20,0,synthetic
387.56,16.58,598,COD,16,0,synthetic
548.84,9.0,652,Prepaid,13,0,real_openml_creditcard_42397
136.99,5.48,239,COD,15,0,real_openml_creditcard_42397
257.93,42.44,791,Prepaid,8,0,synthetic
69.17,31.4,489,COD,17,0,real_openml_creditcard_42397
402.0,47.59,983,Prepaid,2,0,synthetic
594.83,105.88,1856,Wallet,15,0,synthetic
528.45,114.25,1897,COD,20,1,synthetic
190.35,6.22,296,COD,15,0,real_openml_creditcard_42397
85.0,6.29,202,Wallet,14,0,real_openml_creditcard_42397
681.21,74.33,1555,COD,22,0,synthetic
625.58,36.47,1051,Prepaid,14,0,synthetic
676.33,18.39,879,Prepaid,21,0,synthetic
288.81,31.92,693,Prepaid,10,0,synthetic
64.88,50.55,715,Prepaid,23,0,synthetic
483.09,3.8,530,Wallet,19,0,synthetic
168.09,1.89,224,COD,19,0,synthetic
93.02,6.44,211,Prepaid,15,0,real_openml_creditcard_42397
681.21,110.44,1988,COD,4,0,synthetic
721.05,65.8,1489,COD,1,0,synthetic
82.67,12.47,274,Wallet,13,0,real_openml_creditcard_42397
597.15,102.46,1817,Prepaid,2,1,synthetic
166.33,8.03,296,COD,16,0,real_openml_creditcard_42397
99.26,3.64,183,Prepaid,21,0,real_openml_creditcard_42397
618.93,59.67,1323,Prepaid,3,0,synthetic
380.93,3.26,432,Prepaid,10,0,real_openml_creditcard_42397
2.8,52.81,686,COD,23,0,synthetic
184.54,1.83,238,Prepaid,10,0,real_openml_creditcard_42397
42.22,23.92,375,COD,18,0,real_openml_creditcard_42397
45.53,31.92,474,Prepaid,15,0,real_openml_creditcard_42397
42.42,11.24,223,Wallet,15,0,real_openml_creditcard_42397
99.16,6.81,221,Wallet,5,0,real_openml_creditcard_42397
739.3,20.12,957,Wallet,18,0,synthetic
47.88,8.58,196,Wallet,17,0,real_openml_creditcard_42397
100.04,117.25,1547,Wallet,9,0,synthetic
82.87,10.37,249,COD,21,0,real_openml_creditcard_42397
374.51,87.21,1434,Wallet,5,0,synthetic
1.5,22.97,327,COD,10,0,real_openml_creditcard_42397
101.61,98.33,1321,Wallet,21,0,synthetic
797.94,1.04,781,Wallet,17,0,synthetic
632.38,11.15,753,COD,17,0,real_openml_creditcard_42397
150.05,1.91,208,COD,0,0,real_openml_creditcard_42397
212.24,52.17,867,Prepaid,7,0,synthetic
776.38,17.17,955,COD,9,0,synthetic
226.95,0.65,262,Wallet,16,0,real_openml_creditcard_42397
104.06,24.78,441,Wallet,8,0,real_openml_creditcard_42397
331.17,36.51,786,Prepaid,3,0,synthetic
214.28,103.23,1482,Prepaid,0,0,synthetic
182.64,97.83,1388,COD,2,0,synthetic
248.92,73.68,1158,Wallet,2,0,synthetic
28.1,15.98,267,Wallet,17,0,real_openml_creditcard_42397
699.53,65.81,1469,COD,13,0,synthetic
1.85,25.87,362,Wallet,14,0,synthetic
180.67,0.53,219,Prepaid,16,0,real_openml_creditcard_42397
21.0,93.4,1190,COD,23,0,synthetic
8.52,38.24,517,COD,16,0,synthetic
241.98,27.58,599,COD,2,0,synthetic
349.97,2.42,394,COD,15,0,real_openml_creditcard_42397
135.64,0.91,183,COD,21,0,real_openml_creditcard_42397
24.92,18.71,297,Wallet,18,0,real_openml_creditcard_42397
303.63,66.98,1127,COD,20,0,synthetic
121.75,11.54,298,Prepaid,22,0,real_openml_creditcard_42397
492.54,95.71,1642,Prepaid,7,0,synthetic
339.04,8.89,462,COD,6,0,synthetic
51.82,7.11,182,Wallet,0,0,real_openml_creditcard_42397
563.0,28.03,893,Wallet,16,0,real_openml_creditcard_42397
178.35,12.54,361,Wallet,10,0,real_openml_creditcard_42397
172.82,0.96,217,Wallet,13,0,real_openml_creditcard_42397
178.16,21.64,470,Wallet,23,0,real_openml_creditcard_42397
314.22,101.98,1557,COD,15,0,synthetic
415.07,31.31,799,Wallet,14,0,synthetic
418.09,56.48,1104,COD,10,0,synthetic
62.76,10.63,234,COD,20,0,real_openml_creditcard_42397
285.59,90.67,1395,Prepaid,6,0,synthetic
775.28,57.59,1439,Wallet,23,0,synthetic
180.55,7.63,304,Prepaid,23,0,real_openml_creditcard_42397
700.99,118.16,2099,Prepaid,12,0,synthetic
243.34,119.14,1699,Wallet,14,0,synthetic
11.21,13.74,225,Prepaid,12,0,real_openml_creditcard_42397
77.14,6.63,199,COD,16,0,synthetic
66.97,20.39,355,COD,13,0,real_openml_creditcard_42397
489.99,14.11,660,Wallet,0,0,synthetic
172.45,8.98,313,Prepaid,11,0,real_openml_creditcard_42397
659.54,5.62,711,Prepaid,1,0,synthetic
132.13,1.17,183,COD,6,0,real_openml_creditcard_42397
549.5,109.48,1858,COD,18,0,synthetic
193.37,26.41,541,Wallet,10,0,real_openml_creditcard_42397
322.1,88.31,1400,COD,23,1,synthetic
522.04,86.69,1560,COD,5,0,synthetic
108.05,2.9,182,Wallet,23,0,real_openml_creditcard_42397
775.55,51.92,1371,Wallet,16,0,synthetic
533.07,167.1,2535,Wallet,20,0,real_openml_creditcard_42397
63.46,6.82,189,COD,0,0,real_openml_creditcard_42397
453.17,76.99,1382,COD,0,1,synthetic
159.93,3.0,230,Prepaid,22,0,real_openml_creditcard_42397
453.3,44.97,998,COD,21,0,synthetic
419.78,19.64,664,COD,20,0,synthetic
725.92,3.49,745,COD,5,0,synthetic
682.86,22.41,933,Prepaid,14,0,synthetic
671.42,118.84,2080,COD,15,0,synthetic
6000.0,5.79,5519,COD,14,0,real_openml_creditcard_42397
182.2,2.92,249,Prepaid,17,0,real_openml_creditcard_42397
121.79,1.87,182,Prepaid,23,0,real_openml_creditcard_42397
103.87,4.21,194,COD,12,0,real_openml_creditcard_42397
154.82,8.3,289,Prepaid,17,0,real_openml_creditcard_42397
584.01,34.87,994,Wallet,16,0,synthetic
54.71,6.98,183,Prepaid,23,0,real_openml_creditcard_42397
628.34,64.68,1392,Wallet,9,0,synthetic
493.99,19.94,734,COD,1,0,synthetic
148.39,1.95,207,COD,17,0,real_openml_creditcard_42397
103.65,3.56,186,COD,11,0,real_openml_creditcard_42397
26.83,8.99,182,Wallet,23,0,real_openml_creditcard_42397
70.4,8.55,216,COD,23,0,real_openml_creditcard_42397
116.92,39.16,625,Prepaid,0,0,synthetic
129.05,5.65,234,COD,15,0,real_openml_creditcard_42397
62.37,10.24,229,COD,15,0,real_openml_creditcard_42397
1.14,12.5,201,Wallet,21,0,real_openml_creditcard_42397
707.31,2.07,711,Prepaid,6,0,synthetic
64.65,6.98,192,Prepaid,22,0,real_openml_creditcard_42397
160.31,4.89,253,Wallet,17,0,real_openml_creditcard_42397
614.89,13.48,765,Prepaid,3,0,synthetic
394.76,15.89,596,COD,13,0,real_openml_creditcard_42397
645.17,78.25,1570,COD,13,0,synthetic
478.24,44.05,1009,Prepaid,18,0,real_openml_creditcard_42397
559.05,30.23,916,Prepaid,11,0,synthetic
102.28,3.58,185,COD,21,0,real_openml_creditcard_42397
310.61,43.93,857,COD,14,0,synthetic
546.48,30.92,913,COD,12,0,synthetic
105.4,18.74,370,Prepaid,1,0,synthetic
259.26,72.06,1148,COD,3,1,synthetic
502.97,119.47,1936,Prepaid,10,0,synthetic
249.14,102.58,1505,COD,9,1,synthetic
366.73,47.79,954,COD,5,0,synthetic
350.07,94.23,1496,Prepaid,11,0,synthetic
497.31,81.18,1472,COD,7,0,synthetic
2.44,10.65,180,Wallet,19,0,real_openml_creditcard_42397
714.19,63.18,1451,Prepaid,9,0,synthetic
8.64,12.77,211,Prepaid,13,0,real_openml_creditcard_42397
411.34,105.7,1689,Wallet,9,0,synthetic
84.21,93.38,1246,Prepaid,10,0,synthetic
101.96,3.44,183,COD,17,0,real_openml_creditcard_42397
662.33,34.79,1064,Wallet,6,0,synthetic
624.47,89.39,1685,Wallet,16,0,synthetic
91.55,4.3,184,COD,6,0,real_openml_creditcard_42397
8.62,72.3,925,COD,8,0,synthetic
160.73,1.38,211,Wallet,19,0,synthetic
670.14,30.78,1023,Wallet,22,0,synthetic
185.62,116.11,1610,COD,14,0,synthetic
579.45,41.05,1064,Wallet,8,0,synthetic
231.0,7.18,344,Wallet,11,0,real_openml_creditcard_42397
142.75,3.13,216,Wallet,9,0,real_openml_creditcard_42397
96.74,5.99,209,COD,9,0,real_openml_creditcard_42397
62.69,95.98,1258,COD,19,0,synthetic
76.88,5.23,182,Prepaid,8,0,real_openml_creditcard_42397
87.27,13.37,289,COD,8,0,real_openml_creditcard_42397
167.32,0.53,207,Wallet,20,0,real_openml_creditcard_42397
724.31,94.69,1838,Wallet,23,0,synthetic
26.92,10.23,197,Wallet,18,0,real_openml_creditcard_42397
268.14,1.39,308,Prepaid,0,0,real_openml_creditcard_42397
396.91,79.14,1357,Wallet,11,0,synthetic
79.53,117.25,1529,COD,3,0,synthetic
96.32,4.19,187,Prepaid,1,0,real_openml_creditcard_42397
163.88,63.66,961,Wallet,16,0,synthetic
20.56,84.6,1084,Wallet,15,0,synthetic
118.6,17.85,371,Wallet,18,0,synthetic
767.32,48.56,1323,COD,4,0,synthetic
144.66,4.4,233,COD,10,0,real_openml_creditcard_42397
22.99,9.19,181,COD,9,0,real_openml_creditcard_42397
734.89,60.09,1432,COD,19,1,synthetic
137.03,2.64,205,COD,13,0,real_openml_creditcard_42397
282.31,9.47,418,Prepaid,14,0,synthetic
661.43,41.98,1149,COD,22,0,synthetic
66.73,6.0,182,Prepaid,9,0,real_openml_creditcard_42397
387.13,13.43,560,Wallet,11,0,synthetic
743.29,77.22,1646,Wallet,19,0,synthetic
115.14,97.64,1325,COD,4,0,synthetic
360.98,80.04,1335,COD,22,0,synthetic
581.07,8.86,679,Prepaid,2,0,synthetic
746.29,47.28,1289,COD,18,0,synthetic
716.48,53.95,1342,Wallet,7,0,synthetic
49.26,9.14,204,Wallet,13,0,real_openml_creditcard_42397
752.53,25.43,1032,COD,9,0,synthetic
373.4,63.35,1146,Prepaid,17,0,synthetic
76.29,8.69,223,Prepaid,8,0,real_openml_creditcard_42397
199.92,92.56,1341,COD,9,0,synthetic
66.98,19.73,347,Prepaid,8,0,real_openml_creditcard_42397
85.57,5.0,187,Wallet,21,0,real_openml_creditcard_42397
62.55,6.48,184,Prepaid,18,0,real_openml_creditcard_42397
51.37,7.23,183,Prepaid,7,0,real_openml_creditcard_42397
71.62,8.3,214,Wallet,2,0,real_openml_creditcard_42397
341.01,118.88,1783,Wallet,12,0,synthetic
196.93,41.4,724,Wallet,12,0,real_openml_creditcard_42397
752.34,49.74,1324,Wallet,2,0,synthetic
107.03,4.06,195,COD,16,0,real_openml_creditcard_42397
489.16,57.53,1181,Wallet,0,0,synthetic
34.26,8.93,188,Wallet,21,0,real_openml_creditcard_42397
143.91,1.54,198,COD,12,0,real_openml_creditcard_42397
290.71,85.01,1332,COD,16,0,synthetic
190.46,5.05,282,Prepaid,7,0,real_openml_creditcard_42397
475.91,4.73,535,Wallet,14,0,synthetic
277.97,31.14,674,COD,8,0,synthetic
147.78,106.74,1464,Wallet,23,0,synthetic
248.86,112.42,1623,COD,13,0,synthetic
57.09,84.1,1111,Wallet,3,0,synthetic
32.78,9.54,194,Prepaid,16,0,real_openml_creditcard_42397
22.47,32.98,466,Wallet,16,0,real_openml_creditcard_42397
4.03,10.7,182,COD,21,0,real_openml_creditcard_42397
358.71,13.1,530,Prepaid,13,0,synthetic
343.93,24.4,652,Prepaid,23,0,synthetic
104.74,3.31,184,COD,13,0,real_openml_creditcard_42397
22.96,45.68,619,Prepaid,18,0,synthetic
18.58,10.19,189,Wallet,17,0,real_openml_creditcard_42397
296.89,89.78,1395,Prepaid,5,0,synthetic
452.99,115.63,1845,Prepaid,13,0,synthetic
175.97,67.77,1022,COD,1,0,synthetic
119.85,3.59,201,COD,10,0,real_openml_creditcard_42397
317.43,102.88,1570,Prepaid,15,0,synthetic
38.6,22.94,360,COD,21,0,real_openml_creditcard_42397
1002.33,101.24,2167,COD,21,0,real_openml_creditcard_42397
524.89,74.29,1414,COD,0,0,synthetic
567.52,10.55,687,COD,3,0,synthetic
654.52,106.38,1916,COD,16,0,synthetic
513.69,85.34,1536,Wallet,13,0,synthetic
96.31,5.03,197,COD,8,0,real_openml_creditcard_42397
787.77,65.57,1546,COD,20,0,synthetic
222.37,3.24,289,Prepaid,13,0,real_openml_creditcard_42397
571.52,19.22,795,COD,16,0,real_openml_creditcard_42397
158.21,96.61,1352,Prepaid,12,0,synthetic
251.74,84.59,1292,COD,11,0,synthetic
1571.6,75.13,2366,Prepaid,12,0,real_openml_creditcard_42397
96.98,5.98,209,Wallet,11,0,real_openml_creditcard_42397
798.02,29.04,1117,Wallet,20,0,synthetic
622.63,4.65,666,Wallet,14,0,synthetic
128.1,3.14,203,Wallet,15,0,real_openml_creditcard_42397
48.93,7.5,184,Wallet,18,0,real_openml_creditcard_42397
158.58,11.02,325,Prepaid,16,0,real_openml_creditcard_42397
157.73,4.17,242,Prepaid,9,0,real_openml_creditcard_42397
389.56,28.03,737,Wallet,17,0,real_openml_creditcard_42397
779.26,42.47,1261,Wallet,15,0,real_openml_creditcard_42397
707.3,99.08,1876,COD,21,0,synthetic
274.54,34.98,717,Wallet,10,0,synthetic
42.64,16.72,289,Wallet,13,0,real_openml_creditcard_42397
44.66,13.93,257,COD,16,0,synthetic
72.13,5.59,182,Prepaid,10,0,real_openml_creditcard_42397
605.87,113.89,1962,Prepaid,4,0,synthetic
338.75,88.34,1415,Prepaid,19,0,synthetic
454.35,44.32,991,COD,1,0,synthetic
778.54,79.56,1705,Wallet,5,0,synthetic
712.12,81.69,1671,COD,9,0,synthetic
424.91,7.8,526,Wallet,21,0,synthetic
141.71,1.29,193,COD,0,0,real_openml_creditcard_42397
240.11,15.91,457,COD,9,0,real_openml_creditcard_42397
76.49,56.77,800,Wallet,2,0,synthetic
80.32,5.73,191,COD,1,0,real_openml_creditcard_42397
599.2,77.1,1515,Wallet,17,0,synthetic
137.9,23.33,454,Prepaid,13,0,synthetic
567.82,27.01,885,Wallet,4,0,synthetic
25.49,9.09,182,COD,5,0,real_openml_creditcard_42397
433.14,99.58,1635,Prepaid,19,0,synthetic
443.53,36.75,890,Wallet,3,0,synthetic
21.01,9.59,184,Wallet,23,0,real_openml_creditcard_42397
107.55,6.93,230,Prepaid,9,0,real_openml_creditcard_42397
174.33,2.34,235,Wallet,13,0,real_openml_creditcard_42397
268.18,29.29,643,Wallet,1,0,synthetic
30.67,12.87,232,Wallet,14,0,real_openml_creditcard_42397
513.87,22.22,779,Wallet,9,0,synthetic
617.77,75.24,1509,Prepaid,15,0,synthetic
17.15,10.46,191,COD,7,0,real_openml_creditcard_42397
68.27,13.84,278,Prepaid,14,0,synthetic
87.09,109.96,1448,COD,23,1,synthetic
306.04,8.78,431,Wallet,1,0,synthetic
23.65,9.14,181,Wallet,0,0,real_openml_creditcard_42397
99.86,6.51,218,Wallet,7,0,real_openml_creditcard_42397
477.98,105.11,1741,COD,3,0,synthetic
722.48,12.45,850,Wallet,4,0,synthetic
66.78,8.74,215,COD,20,0,real_openml_creditcard_42397
113.49,68.63,976,COD,6,0,synthetic
784.36,51.2,1370,Prepaid,4,0,synthetic
134.72,41.9,674,Wallet,11,0,synthetic
162.96,3.78,242,Wallet,20,0,real_openml_creditcard_42397
142.55,67.85,993,Prepaid,11,0,synthetic
145.0,9.79,298,COD,10,0,real_openml_creditcard_42397
229.95,91.23,1352,COD,15,0,synthetic
580.06,95.6,1719,Prepaid,19,0,synthetic
42.96,88.45,1150,Wallet,0,0,synthetic
74.07,5.28,180,COD,17,0,real_openml_creditcard_42397
727.05,58.75,1409,Wallet,14,0,synthetic
479.94,103.0,1718,Wallet,6,0,synthetic
788.24,101.4,1976,Wallet,0,0,synthetic
711.5,29.12,1040,Prepaid,19,1,synthetic
72.92,8.11,213,Prepaid,8,0,real_openml_creditcard_42397
778.51,78.54,1693,Wallet,4,0,synthetic
93.25,4.59,189,COD,3,0,real_openml_creditcard_42397
396.56,5.34,471,Prepaid,18,0,synthetic
34.08,68.9,907,Prepaid,12,0,synthetic
766.82,31.24,1115,Prepaid,8,0,synthetic
197.09,5.63,295,COD,19,0,real_openml_creditcard_42397
467.82,98.68,1655,COD,17,0,synthetic
572.16,25.27,868,COD,21,0,synthetic
98.6,12.44,288,Prepaid,22,0,real_openml_creditcard_42397
147.53,115.16,1565,Prepaid,9,0,synthetic
674.28,91.08,1750,Prepaid,13,0,synthetic
321.14,98.25,1518,Wallet,13,0,synthetic
540.4,118.92,1963,COD,6,0,synthetic
789.26,118.55,2183,Prepaid,5,0,synthetic
232.38,0.99,271,COD,15,0,real_openml_creditcard_42397
72.57,76.24,1030,Prepaid,2,0,synthetic
52.18,7.09,182,Wallet,7,0,real_openml_creditcard_42397
31.7,28.37,419,Prepaid,21,0,real_openml_creditcard_42397
140.56,0.54,183,Prepaid,11,0,real_openml_creditcard_42397
468.7,96.51,1630,COD,15,0,synthetic
218.66,13.7,411,Wallet,14,0,synthetic
212.52,73.34,1121,Wallet,11,0,synthetic
73.79,5.47,182,Wallet,22,0,real_openml_creditcard_42397
40.55,9.79,204,COD,0,0,real_openml_creditcard_42397
108.2,3.64,191,Wallet,10,0,real_openml_creditcard_42397
688.31,102.1,1895,Prepaid,3,1,synthetic
698.61,28.29,1018,Wallet,10,0,synthetic
169.03,8.05,299,Prepaid,10,0,synthetic
360.19,39.07,843,COD,19,0,synthetic
708.26,70.68,1536,Prepaid,22,0,synthetic
467.54,83.15,1469,COD,20,0,synthetic
736.64,86.12,1746,Wallet,14,0,synthetic
178.54,5.78,280,COD,20,0,real_openml_creditcard_42397
91.48,4.56,187,Wallet,11,0,real_openml_creditcard_42397
113.24,4.42,205,Wallet,14,0,real_openml_creditcard_42397
28.0,9.32,187,Prepaid,9,0,real_openml_creditcard_42397
29.77,15.89,268,Prepaid,17,0,synthetic
184.27,2.26,243,Wallet,9,0,real_openml_creditcard_42397
727.35,97.87,1879,Prepaid,11,0,synthetic
41.27,45.24,630,Prepaid,15,0,real_openml_creditcard_42397
445.38,117.61,1862,Prepaid,6,0,synthetic
95.79,55.23,799,Wallet,6,0,synthetic
419.37,7.64,519,COD,17,1,synthetic
344.09,11.78,501,Wallet,15,0,real_openml_creditcard_42397
176.34,79.03,1157,COD,16,0,synthetic
109.1,2.98,184,Prepaid,17,0,real_openml_creditcard_42397
296.45,42.49,827,Wallet,16,0,synthetic
147.4,2.03,207,Wallet,17,0,real_openml_creditcard_42397
181.37,5.56,280,Prepaid,13,0,real_openml_creditcard_42397
1.15,11.91,194,Wallet,10,0,real_openml_creditcard_42397
748.98,93.75,1849,Prepaid,14,0,synthetic
15.71,9.74,181,Wallet,11,0,real_openml_creditcard_42397
142.03,1.68,198,Wallet,10,0,real_openml_creditcard_42397
102.71,4.21,193,Prepaid,5,0,real_openml_creditcard_42397
48.63,7.94,189,Wallet,2,0,real_openml_creditcard_42397
80.51,17.46,332,COD,22,0,real_openml_creditcard_42397
34.65,85.02,1101,Wallet,11,0,synthetic
290.86,85.21,1334,Prepaid,19,1,synthetic
85.17,5.11,188,Prepaid,19,0,real_openml_creditcard_42397
584.34,12.04,720,Prepaid,15,0,synthetic
72.33,9.75,232,Wallet,15,0,synthetic
100.3,6.81,222,Prepaid,7,0,real_openml_creditcard_42397
519.74,112.9,1873,COD,3,0,synthetic
732.6,12.26,856,Prepaid,15,0,synthetic
13.86,16.96,266,Prepaid,13,0,real_openml_creditcard_42397
261.05,20.64,533,Prepaid,23,0,synthetic
224.96,82.73,1245,Wallet,16,0,synthetic
573.27,24.43,859,COD,20,0,synthetic
98.4,7.54,229,Wallet,13,0,real_openml_creditcard_42397
72.52,82.27,1102,Prepaid,19,0,synthetic
288.17,118.2,1728,Wallet,13,0,synthetic
108.66,7.43,237,Prepaid,10,0,real_openml_creditcard_42397
695.94,37.5,1126,Wallet,11,0,synthetic
289.74,3.69,355,Prepaid,5,0,synthetic
86.64,5.5,194,Prepaid,18,0,real_openml_creditcard_42397
116.1,95.63,1302,Wallet,0,0,synthetic
16.74,21.41,322,COD,17,0,real_openml_creditcard_42397
421.75,30.06,790,Prepaid,9,0,synthetic
293.44,6.33,390,COD,21,0,real_openml_creditcard_42397
321.17,3.87,386,COD,3,0,synthetic
113.44,38.8,618,Wallet,0,0,synthetic
31.1,42.17,584,Prepaid,21,0,synthetic
617.84,53.99,1254,Wallet,17,0,synthetic
128.31,2.71,198,COD,18,0,real_openml_creditcard_42397
88.27,4.96,189,COD,5,0,real_openml_creditcard_42397
95.53,5.92,207,Wallet,20,0,real_openml_creditcard_42397
22.94,10.95,202,Prepaid,20,0,real_openml_creditcard_42397
542.49,41.39,1035,Prepaid,15,0,synthetic
263.05,1.1,300,Wallet,19,0,real_openml_creditcard_42397
496.54,13.98,665,Prepaid,22,0,synthetic
264.85,92.42,1397,COD,9,0,synthetic
440.23,115.43,1831,Wallet,1,1,synthetic
283.75,16.83,507,COD,0,0,synthetic
754.41,76.23,1644,COD,20,0,synthetic
754.64,44.84,1267,Wallet,19,0,synthetic
369.93,74.53,1277,COD,9,0,synthetic
278.79,91.01,1393,Prepaid,2,0,synthetic
104.88,85.31,1168,Prepaid,7,0,synthetic
560.04,73.18,1432,Wallet,12,0,synthetic
147.62,4.26,234,Wallet,16,0,real_openml_creditcard_42397
109.81,7.26,236,Wallet,12,0,real_openml_creditcard_42397
279.85,4.27,353,Wallet,22,0,synthetic
401.28,70.06,1252,COD,20,0,synthetic
723.21,109.84,2019,Wallet,17,0,synthetic
1.0,16.84,253,COD,21,0,real_openml_creditcard_42397
114.78,6.7,234,Prepaid,15,0,synthetic
64.25,62.97,863,COD,5,0,synthetic
116.89,2.4,184,Wallet,16,0,real_openml_creditcard_42397
307.37,112.63,1678,Prepaid,16,0,synthetic
683.93,15.07,846,Wallet,18,0,synthetic
458.58,111.11,1796,Prepaid,18,0,synthetic
370.96,98.49,1566,Wallet,2,0,synthetic
16.29,9.78,182,Wallet,7,0,real_openml_creditcard_42397
220.03,30.94,619,COD,6,0,synthetic
135.98,13.14,330,Wallet,22,0,synthetic
478.04,78.25,1419,Prepaid,21,0,synthetic
202.91,5.45,298,Prepaid,15,0,real_openml_creditcard_42397
211.69,10.04,361,Prepaid,10,0,real_openml_creditcard_42397
62.89,49.17,697,COD,6,0,synthetic
12.71,100.45,1267,COD,16,0,synthetic
691.6,4.27,724,Prepaid,17,0,synthetic
84.28,11.76,267,COD,20,0,real_openml_creditcard_42397
43.81,8.13,187,COD,16,0,real_openml_creditcard_42397
634.94,55.92,1292,COD,22,0,synthetic
51.45,7.31,184,Wallet,18,0,real_openml_creditcard_42397
60.98,13.84,271,COD,9,0,real_openml_creditcard_42397
82.3,105.66,1392,Wallet,13,0,synthetic
582.68,86.66,1614,COD,10,0,synthetic
433.04,73.56,1322,COD,11,0,synthetic
107.26,3.04,183,COD,22,0,real_openml_creditcard_42397
148.85,4.09,233,Wallet,18,0,real_openml_creditcard_42397
620.19,75.38,1513,Prepaid,20,0,synthetic
456.64,51.3,1077,COD,5,0,synthetic
7.79,16.25,252,Prepaid,20,0,real_openml_creditcard_42397
270.93,33.02,690,COD,8,0,synthetic
526.5,45.84,1074,Prepaid,13,0,synthetic
53.88,7.38,187,Prepaid,20,0,real_openml_creditcard_42397
633.59,74.03,1509,COD,18,0,synthetic
196.36,87.25,1274,Wallet,21,0,synthetic
393.44,92.14,1510,Prepaid,8,0,synthetic
161.42,1.73,216,Wallet,9,0,real_openml_creditcard_42397
281.29,80.5,1269,COD,7,0,synthetic
103.0,105.83,1413,COD,9,0,synthetic
56.1,11.46,238,COD,16,0,real_openml_creditcard_42397
591.02,42.04,1086,COD,12,0,synthetic
500.58,37.31,948,Prepaid,6,0,synthetic
91.01,4.09,181,Wallet,9,0,real_openml_creditcard_42397
117.16,3.38,196,Prepaid,0,0,real_openml_creditcard_42397
64.39,6.09,181,Prepaid,16,0,real_openml_creditcard_42397
131.53,8.55,271,Wallet,20,0,real_openml_creditcard_42397
459.37,117.95,1879,COD,12,0,synthetic
635.33,48.14,1199,Wallet,8,0,synthetic
119.58,2.7,190,COD,11,0,real_openml_creditcard_42397
162.32,43.16,714,Prepaid,18,0,real_openml_creditcard_42397
36.9,9.9,202,Wallet,16,0,real_openml_creditcard_42397
777.19,32.67,1141,COD,22,0,synthetic
409.23,92.92,1533,Wallet,9,0,synthetic
789.04,21.88,1023,Prepaid,22,0,synthetic
59.94,46.92,667,Wallet,18,0,synthetic
124.24,9.52,276,Wallet,9,0,real_openml_creditcard_42397
777.9,82.48,1740,Wallet,3,0,synthetic
704.59,26.24,999,COD,11,0,synthetic
750.04,35.15,1147,Wallet,13,0,synthetic
190.2,115.51,1607,COD,23,0,synthetic
27.15,44.82,612,Prepaid,19,0,synthetic
473.5,57.62,1168,Wallet,4,0,synthetic
458.79,7.69,555,Wallet,22,0,synthetic
437.2,68.37,1264,Wallet,14,0,synthetic
708.85,103.8,1934,Prepaid,22,0,synthetic
794.58,41.01,1257,COD,3,0,synthetic
109.25,2.81,182,Prepaid,7,0,real_openml_creditcard_42397
637.93,54.33,1276,Wallet,11,0,synthetic
208.01,7.32,325,Prepaid,14,0,real_openml_creditcard_42397
755.55,85.93,1761,COD,2,0,synthetic
65.54,6.0,181,Prepaid,23,0,real_openml_creditcard_42397
540.45,52.43,1166,Prepaid,14,1,synthetic
87.35,7.7,221,Wallet,23,0,real_openml_creditcard_42397
119.7,2.11,183,Wallet,17,0,real_openml_creditcard_42397
160.72,38.64,658,COD,1,0,synthetic
156.84,3.15,229,COD,7,0,real_openml_creditcard_42397
110.22,2.82,183,Wallet,18,0,real_openml_creditcard_42397
99.19,5.06,200,Wallet,20,0,real_openml_creditcard_42397
35.72,10.4,207,Wallet,13,0,real_openml_creditcard_42397
188.85,9.67,336,Wallet,12,0,real_openml_creditcard_42397
569.35,3.61,606,COD,21,0,synthetic
582.47,97.21,1741,Prepaid,2,0,synthetic
269.94,72.36,1161,Wallet,7,0,synthetic
215.81,17.84,458,COD,11,0,synthetic
472.24,82.24,1462,Prepaid,9,0,synthetic
649.99,55.94,1306,Wallet,15,0,synthetic
590.79,91.89,1684,Wallet,11,0,synthetic
84.94,5.63,194,COD,8,0,real_openml_creditcard_42397
162.03,106.62,1475,Wallet,20,0,synthetic
660.0,119.13,2074,Wallet,12,0,synthetic
770.58,117.6,2155,COD,9,0,synthetic
709.18,93.9,1815,Wallet,22,0,synthetic
275.34,3.84,344,Wallet,16,0,synthetic
200.47,23.88,517,COD,16,0,real_openml_creditcard_42397
362.76,10.98,508,Wallet,7,0,synthetic
619.93,115.91,1999,COD,8,1,synthetic
96.95,5.81,207,Wallet,17,0,real_openml_creditcard_42397
191.12,119.36,1654,Wallet,1,0,synthetic
339.0,52.24,982,COD,17,0,real_openml_creditcard_42397
126.16,6.37,240,Prepaid,19,0,real_openml_creditcard_42397
362.41,109.69,1692,COD,2,0,synthetic
269.49,5.01,353,Prepaid,2,0,synthetic
70.97,36.34,550,Prepaid,11,0,real_openml_creditcard_42397
65.42,21.01,361,COD,21,0,real_openml_creditcard_42397
158.72,12.35,341,Prepaid,16,0,real_openml_creditcard_42397
282.26,107.62,1595,Wallet,8,0,synthetic
197.69,20.01,468,COD,11,0,real_openml_creditcard_42397
325.34,28.62,686,Wallet,13,0,synthetic
772.0,39.48,1219,COD,21,0,synthetic
770.14,11.35,879,Wallet,16,0,synthetic
87.43,0.88,139,Wallet,13,0,synthetic
19.35,11.55,206,Prepaid,20,0,real_openml_creditcard_42397
745.31,24.29,1012,COD,17,0,synthetic
688.25,3.8,715,Wallet,17,0,synthetic
33.13,83.95,1087,Prepaid,7,0,synthetic
130.61,1.29,183,COD,17,0,real_openml_creditcard_42397
125.15,6.86,245,COD,8,0,real_openml_creditcard_42397
19.99,11.33,204,COD,21,0,real_openml_creditcard_42397
326.69,105.17,1606,Prepaid,0,0,synthetic
236.13,116.44,1660,COD,3,0,synthetic
161.62,14.55,370,COD,11,0,real_openml_creditcard_42397
262.17,88.04,1342,Prepaid,23,0,synthetic
181.16,23.89,500,Wallet,1,0,synthetic
86.12,7.21,214,Prepaid,9,0,real_openml_creditcard_42397
55.72,8.57,203,Wallet,9,0,real_openml_creditcard_42397
94.03,49.78,732,Prepaid,4,0,synthetic
450.94,76.82,1378,Prepaid,21,0,synthetic
469.02,43.19,990,Prepaid,6,0,synthetic
180.98,99.78,1410,Prepaid,21,0,synthetic
500.81,92.52,1611,COD,3,0,synthetic
695.85,23.13,954,COD,15,0,synthetic
64.65,14.57,283,COD,11,0,real_openml_creditcard_42397
265.56,5.43,354,Prepaid,13,0,synthetic
173.43,4.99,266,Wallet,18,0,real_openml_creditcard_42397
404.16,104.3,1665,Wallet,6,0,synthetic
124.39,9.09,271,Prepaid,9,0,real_openml_creditcard_42397
561.66,110.39,1880,Wallet,12,0,synthetic
789.86,53.33,1401,COD,22,0,synthetic
175.85,26.13,522,COD,21,0,synthetic
750.02,38.72,1190,COD,19,0,synthetic
71.62,7.05,199,Wallet,2,0,real_openml_creditcard_42397
212.51,77.23,1168,COD,10,0,synthetic
26.3,8.86,180,COD,16,0,real_openml_creditcard_42397
768.34,119.59,2177,Prepaid,19,1,synthetic
102.58,3.47,184,COD,15,0,real_openml_creditcard_42397
91.46,80.41,1097,COD,12,0,synthetic
646.91,47.35,1200,Prepaid,19,0,synthetic
535.72,15.99,724,Prepaid,10,0,real_openml_creditcard_42397
370.25,41.33,879,Wallet,11,0,synthetic
119.94,57.03,842,COD,21,0,synthetic
745.17,66.98,1524,Wallet,14,0,synthetic
658.6,14.35,815,COD,3,0,synthetic
368.98,110.48,1708,Wallet,21,0,synthetic
9.74,19.94,298,Wallet,16,0,real_openml_creditcard_42397
166.66,18.9,427,Wallet,1,1,synthetic
35.77,8.32,182,Wallet,23,0,real_openml_creditcard_42397
526.19,82.53,1514,COD,16,0,synthetic
21.15,14.66,245,Prepaid,12,0,real_openml_creditcard_42397
221.37,19.48,483,Wallet,12,0,real_openml_creditcard_42397
495.99,14.4,669,Wallet,9,0,synthetic
40.78,12.36,235,COD,23,0,real_openml_creditcard_42397
74.53,5.41,182,Prepaid,17,0,real_openml_creditcard_42397
156.75,1.16,205,COD,16,0,real_openml_creditcard_42397
93.78,9.72,251,Prepaid,3,0,real_openml_creditcard_42397
91.79,36.5,571,Wallet,4,0,synthetic
503.73,99.34,1695,Prepaid,9,0,synthetic
688.06,61.7,1410,Wallet,6,0,synthetic
222.18,1.84,272,COD,7,0,real_openml_creditcard_42397
643.93,101.22,1844,Prepaid,10,0,synthetic
103.3,7.09,228,Wallet,10,0,real_openml_creditcard_42397
104.12,86.48,1181,COD,3,0,synthetic
500.02,93.78,1625,COD,6,0,synthetic
211.79,27.28,568,Prepaid,9,0,real_openml_creditcard_42397
212.8,1.71,262,Wallet,11,0,real_openml_creditcard_42397
282.11,110.57,1631,COD,13,0,synthetic
561.81,77.99,1492,Wallet,1,0,synthetic
8.73,11.93,201,Wallet,15,0,real_openml_creditcard_42397
116.83,2.4,184,COD,14,0,real_openml_creditcard_42397
796.31,100.57,1974,Wallet,21,0,synthetic
255.89,111.11,1614,COD,14,0,synthetic
327.08,40.14,826,COD,11,0,real_openml_creditcard_42397
125.88,12.95,319,Wallet,17,0,synthetic
84.93,4.63,182,Wallet,17,0,real_openml_creditcard_42397
127.73,3.0,201,COD,5,0,real_openml_creditcard_42397
23.62,10.06,192,Prepaid,20,0,real_openml_creditcard_42397
796.54,35.76,1196,Wallet,17,0,synthetic
126.8,2.24,191,COD,12,0,real_openml_creditcard_42397
715.47,88.42,1755,COD,2,0,synthetic
686.47,113.91,2035,Wallet,18,0,synthetic
123.9,2.04,186,Wallet,21,0,real_openml_creditcard_42397
264.03,30.01,648,Wallet,6,0,synthetic
123.0,15.19,343,Prepaid,7,0,real_openml_creditcard_42397
175.32,57.16,894,Prepaid,16,0,synthetic
61.61,79.13,1055,COD,4,0,synthetic
235.08,103.83,1508,Wallet,21,0,synthetic
44.48,101.65,1310,Prepaid,21,0,synthetic
347.07,19.3,594,Wallet,23,0,real_openml_creditcard_42397
139.86,4.68,232,Wallet,10,0,real_openml_creditcard_42397
498.58,24.69,795,COD,14,0,real_openml_creditcard_42397
316.0,104.77,1592,Prepaid,3,0,synthetic
129.02,1.57,185,COD,21,0,real_openml_creditcard_42397
237.33,0.76,273,COD,21,1,synthetic
533.24,111.21,1864,Wallet,8,0,synthetic
740.01,21.42,973,Prepaid,10,0,synthetic
106.12,5.29,209,Prepaid,9,0,real_openml_creditcard_42397
753.27,116.49,2126,Prepaid,16,0,synthetic
85.95,4.55,182,Prepaid,8,0,real_openml_creditcard_42397
163.83,2.46,227,COD,18,0,real_openml_creditcard_42397
775.83,94.88,1887,COD,21,0,synthetic
142.88,2.45,208,Prepaid,22,0,real_openml_creditcard_42397
2.98,13.61,216,Wallet,15,0,real_openml_creditcard_42397
277.41,54.34,952,COD,11,0,synthetic
168.86,0.87,212,Wallet,20,0,synthetic
101.35,3.98,189,Prepaid,9,0,real_openml_creditcard_42397
16.24,10.28,188,COD,22,0,real_openml_creditcard_42397
798.14,19.67,1004,COD,0,0,synthetic
64.01,36.03,540,Wallet,13,0,real_openml_creditcard_42397
28.13,10.31,199,COD,16,0,real_openml_creditcard_42397
663.09,17.09,852,Wallet,2,0,synthetic
41.08,81.77,1068,COD,20,0,synthetic
206.95,18.15,454,COD,19,0,real_openml_creditcard_42397
98.31,4.63,194,Wallet,10,0,real_openml_creditcard_42397
48.17,7.89,188,COD,12,0,real_openml_creditcard_42397
787.54,107.39,2047,COD,12,0,synthetic
100.87,3.85,187,COD,19,0,real_openml_creditcard_42397
717.13,3.63,739,Prepaid,23,0,synthetic
102.62,15.14,324,COD,17,0,real_openml_creditcard_42397
301.33,109.73,1638,Wallet,13,0,synthetic
123.74,72.3,1029,COD,16,0,synthetic
42.65,10.63,216,Wallet,9,0,real_openml_creditcard_42397
114.1,39.69,629,COD,15,0,real_openml_creditcard_42397
277.39,87.39,1348,Prepaid,13,0,synthetic
581.42,61.09,1306,Wallet,4,0,synthetic
635.72,9.43,735,COD,4,0,synthetic
691.08,111.4,2009,COD,14,0,synthetic
668.45,110.43,1977,COD,11,1,synthetic
64.96,90.76,1198,Prepaid,0,0,synthetic
492.13,35.84,923,Prepaid,2,0,synthetic
128.65,13.43,327,Wallet,15,0,real_openml_creditcard_42397
215.14,75.3,1147,Prepaid,5,0,synthetic
65.51,9.53,223,Wallet,7,0,synthetic
385.01,81.51,1375,Wallet,4,0,synthetic
201.71,3.29,271,COD,16,0,real_openml_creditcard_42397
106.23,7.03,230,Wallet,13,0,real_openml_creditcard_42397
73.18,6.26,191,COD,17,0,real_openml_creditcard_42397
350.11,10.96,497,Wallet,17,0,synthetic
188.1,20.56,466,Prepaid,17,0,real_openml_creditcard_42397
415.57,104.23,1675,COD,21,0,synthetic
85.63,6.66,207,Wallet,5,0,real_openml_creditcard_42397
411.9,94.56,1555,Prepaid,22,0,synthetic
4.71,21.23,309,COD,17,0,real_openml_creditcard_42397
113.39,9.91,271,Wallet,11,0,real_openml_creditcard_42397
98.1,77.66,1070,COD,22,0,synthetic
68.45,27.79,445,Wallet,23,0,synthetic
717.32,16.62,895,Wallet,19,0,synthetic
121.23,1.74,180,COD,11,0,real_openml_creditcard_42397
39.95,103.68,1330,Wallet,20,0,synthetic
482.07,51.03,1096,Wallet,22,0,synthetic
25.08,81.04,1045,COD,9,0,real_openml_creditcard_42397
150.42,6.22,260,Wallet,11,0,real_openml_creditcard_42397
112.57,3.81,197,Wallet,16,0,real_openml_creditcard_42397
86.69,6.75,209,Prepaid,0,0,real_openml_creditcard_42397
109.24,3.89,195,COD,13,0,real_openml_creditcard_42397
339.15,49.51,949,Prepaid,1,0,synthetic
81.18,7.99,219,Prepaid,9,0,real_openml_creditcard_42397
371.79,35.46,810,Prepaid,22,0,synthetic
265.99,99.96,1489,Prepaid,4,0,synthetic
3.87,10.88,184,COD,0,0,real_openml_creditcard_42397
697.21,112.69,2030,Prepaid,0,0,synthetic
45.68,49.07,680,COD,10,0,real_openml_creditcard_42397
53.23,6.92,181,Prepaid,10,0,real_openml_creditcard_42397
162.62,1.47,214,Prepaid,8,0,real_openml_creditcard_42397
170.22,0.62,211,Prepaid,2,0,synthetic
644.47,165.17,2612,Wallet,18,0,real_openml_creditcard_42397
367.64,54.24,1032,Wallet,22,0,synthetic
145.22,1.53,199,COD,8,0,real_openml_creditcard_42397
271.54,79.29,1246,Wallet,22,0,synthetic
646.4,112.23,1979,Prepaid,14,0,synthetic
68.16,26.55,430,COD,23,0,real_openml_creditcard_42397
260.28,111.45,1622,Wallet,10,0,synthetic
74.02,6.53,195,COD,11,0,real_openml_creditcard_42397
184.56,54.57,871,Prepaid,11,0,synthetic
94.11,6.52,213,Wallet,20,0,real_openml_creditcard_42397
435.54,67.71,1255,Prepaid,5,0,synthetic
757.59,13.17,890,Prepaid,1,0,synthetic
105.48,7.34,233,Prepaid,21,0,real_openml_creditcard_42397
133.78,3.05,207,COD,8,0,real_openml_creditcard_42397
595.11,101.89,1808,COD,11,0,synthetic
708.71,40.88,1178,COD,8,0,synthetic
10.92,10.76,189,Prepaid,18,0,real_openml_creditcard_42397
518.98,47.42,1086,Wallet,7,0,synthetic
649.57,93.84,1761,Prepaid,13,0,synthetic
9.33,14.55,233,Wallet,23,0,real_openml_creditcard_42397
28.84,8.84,182,Prepaid,21,0,real_openml_creditcard_42397
58.19,11.47,240,Prepaid,17,0,real_openml_creditcard_42397
124.95,10.88,293,Prepaid,15,0,real_openml_creditcard_42397
435.01,26.9,764,Prepaid,6,0,synthetic
555.93,107.97,1846,Wallet,17,0,synthetic
110.0,6.83,231,COD,0,0,real_openml_creditcard_42397
426.53,81.91,1417,COD,13,0,synthetic
244.06,59.36,982,COD,19,0,synthetic
125.38,2.1,188,Prepaid,22,0,real_openml_creditcard_42397
693.61,59.6,1390,Wallet,23,0,synthetic
492.97,50.89,1104,COD,19,0,synthetic
9.52,2.75,92,Prepaid,19,0,synthetic
680.25,79.63,1618,Prepaid,19,0,synthetic
184.09,1.28,231,Wallet,10,0,real_openml_creditcard_42397
290.25,44.53,846,Wallet,14,0,synthetic
95.45,34.08,545,Wallet,4,0,synthetic
105.79,6.23,220,Prepaid,16,0,real_openml_creditcard_42397
246.28,15.86,462,Prepaid,22,0,real_openml_creditcard_42397
643.27,89.33,1701,Wallet,3,0,synthetic
145.49,81.11,1154,Prepaid,18,0,synthetic
75.85,5.64,186,Prepaid,18,0,real_openml_creditcard_42397
715.0,111.32,2029,Prepaid,3,0,synthetic
17.9,10.66,194,Wallet,14,0,real_openml_creditcard_42397
594.57,88.44,1646,COD,11,0,synthetic
69.23,31.22,487,Wallet,11,0,real_openml_creditcard_42397
477.1,51.31,1095,Wallet,12,1,synthetic
126.58,15.94,355,Wallet,2,0,synthetic
29.66,9.94,196,Prepaid,0,0,real_openml_creditcard_42397
246.33,53.77,917,COD,6,0,synthetic
383.65,36.17,829,Prepaid,2,0,synthetic
134.1,98.16,1349,Prepaid,22,0,synthetic
131.76,65.19,951,COD,7,0,synthetic
560.74,65.76,1344,COD,7,0,synthetic
367.85,31.58,760,Wallet,12,0,real_openml_creditcard_42397
139.69,0.61,183,Wallet,11,0,real_openml_creditcard_42397
345.68,88.82,1427,COD,21,0,synthetic
434.65,13.4,602,Prepaid,15,0,real_openml_creditcard_42397
522.58,110.33,1844,COD,14,0,synthetic
133.4,3.91,217,Prepaid,13,0,real_openml_creditcard_42397
704.63,104.36,1936,COD,2,1,synthetic
49.88,10.59,222,COD,19,0,real_openml_creditcard_42397
154.37,2.01,213,Prepaid,13,0,real_openml_creditcard_42397
130.47,4.38,220,Wallet,13,0,real_openml_creditcard_42397
368.34,1.29,397,Wallet,21,0,real_openml_creditcard_42397
75.24,84.37,1130,COD,3,0,synthetic
135.22,27.53,502,COD,0,0,real_openml_creditcard_42397
273.62,62.85,1050,Wallet,23,0,synthetic
117.79,52.76,789,Wallet,19,0,synthetic
94.15,26.55,453,COD,2,0,synthetic
80.76,13.15,280,Wallet,4,0,synthetic
326.53,110.34,1668,COD,11,0,synthetic
595.69,31.9,969,Prepaid,5,0,synthetic
119.07,102.8,1391,COD,14,0,synthetic
340.08,12.67,508,COD,22,0,synthetic
212.95,65.18,1024,COD,12,0,synthetic
4811.15,179.16,6530,COD,15,0,real_openml_creditcard_42397
234.99,4.54,316,Wallet,6,0,real_openml_creditcard_42397
63.77,19.14,337,COD,15,0,synthetic
254.89,64.69,1056,Wallet,20,0,synthetic
57.17,6.63,181,Prepaid,10,0,real_openml_creditcard_42397
75.55,8.33,218,Prepaid,19,0,real_openml_creditcard_42397
301.04,42.35,829,COD,14,0,synthetic
88.47,10.61,257,COD,11,0,real_openml_creditcard_42397
288.42,92.43,1419,COD,22,0,synthetic
64.35,8.59,211,Prepaid,9,0,real_openml_creditcard_42397
365.17,24.68,675,COD,17,0,synthetic
471.26,2.5,504,COD,14,1,synthetic
21.89,12.94,225,Prepaid,16,0,real_openml_creditcard_42397
129.61,12.78,320,Wallet,12,0,real_openml_creditcard_42397
18.53,19.07,296,Prepaid,5,0,synthetic
101.19,3.41,182,Wallet,22,0,real_openml_creditcard_42397
272.98,20.28,539,COD,10,0,real_openml_creditcard_42397
53.07,14.94,277,COD,11,0,real_openml_creditcard_42397
331.34,60.99,1080,Prepaid,7,0,synthetic
23.74,13.55,234,Prepaid,20,0,real_openml_creditcard_42397
54.56,7.07,184,Wallet,18,0,real_openml_creditcard_42397
14.55,13.33,223,Wallet,14,0,real_openml_creditcard_42397
40.36,11.56,225,Wallet,17,0,real_openml_creditcard_42397
300.64,2.29,348,Prepaid,14,0,real_openml_creditcard_42397
111.07,10.09,271,Wallet,14,0,real_openml_creditcard_42397
146.02,28.79,527,COD,5,0,synthetic
790.55,8.95,869,Prepaid,17,0,synthetic
170.85,26.85,526,Prepaid,16,0,synthetic
377.76,32.41,779,Wallet,5,0,synthetic
114.17,18.75,378,Wallet,4,0,synthetic
45.09,117.21,1497,Prepaid,8,0,synthetic
548.0,97.89,1718,COD,0,0,synthetic
763.23,104.38,1989,Prepaid,2,0,synthetic
84.78,4.81,184,Prepaid,19,0,real_openml_creditcard_42397
768.67,89.57,1817,COD,16,0,synthetic
236.99,1.39,280,COD,13,0,real_openml_creditcard_42397
268.56,7.02,376,Prepaid,11,0,real_openml_creditcard_42397
27.6,12.68,227,COD,22,0,real_openml_creditcard_42397
135.7,2.16,198,Prepaid,10,0,real_openml_creditcard_42397
717.11,92.12,1801,Wallet,23,1,synthetic
58.55,97.88,1277,Prepaid,8,0,synthetic
33.1,11.1,213,COD,13,0,real_openml_creditcard_42397
797.33,17.39,976,COD,3,0,synthetic
509.85,9.59,624,Wallet,23,0,real_openml_creditcard_42397
64.02,6.2,182,Wallet,22,0,real_openml_creditcard_42397
338.23,92.33,1462,Prepaid,21,0,synthetic
11.31,35.57,487,COD,9,0,real_openml_creditcard_42397
119.26,3.56,200,Wallet,20,0,real_openml_creditcard_42397
150.55,8.63,289,Prepaid,12,0,real_openml_creditcard_42397
425.29,19.3,664,Prepaid,3,0,synthetic
32.52,11.23,214,Prepaid,21,0,real_openml_creditcard_42397
228.92,28.25,595,Wallet,18,0,synthetic
116.18,73.9,1041,COD,19,0,synthetic
448.03,71.32,1309,Prepaid,11,0,synthetic
331.07,75.5,1254,COD,13,0,synthetic
85.2,4.61,182,Wallet,16,0,real_openml_creditcard_42397
129.5,7.62,258,Prepaid,23,0,real_openml_creditcard_42397
506.53,103.78,1751,Wallet,23,0,synthetic
655.44,77.53,1570,COD,0,0,synthetic
201.67,12.25,379,Wallet,2,0,synthetic
716.79,78.27,1634,Prepaid,0,0,synthetic
93.61,8.4,235,COD,9,0,real_openml_creditcard_42397
22.3,9.49,184,COD,6,0,real_openml_creditcard_42397
573.68,60.99,1298,Prepaid,3,0,synthetic
43.72,7.64,181,Prepaid,13,0,real_openml_creditcard_42397
706.62,35.43,1111,Prepaid,21,0,synthetic
139.9,0.51,182,COD,17,0,real_openml_creditcard_42397
644.99,10.87,761,COD,6,0,synthetic
125.93,1.64,183,Wallet,18,0,real_openml_creditcard_42397
32.36,9.91,198,Wallet,9,0,real_openml_creditcard_42397
315.83,67.69,1146,Wallet,14,0,synthetic
102.2,84.38,1155,Prepaid,21,0,synthetic
77.43,7.53,210,Prepaid,17,0,real_openml_creditcard_42397
320.63,31.37,715,Wallet,13,0,real_openml_creditcard_42397
734.25,83.51,1713,Wallet,9,0,synthetic
164.34,82.18,1184,COD,5,1,synthetic
104.82,5.22,207,Wallet,10,0,real_openml_creditcard_42397
188.87,87.22,1267,Wallet,10,0,synthetic
152.51,87.01,1231,Prepaid,0,0,synthetic
789.28,112.86,2115,Wallet,22,0,synthetic
145.44,90.52,1267,Wallet,12,0,synthetic
13.8,9.88,181,COD,13,0,real_openml_creditcard_42397
72.92,5.36,180,Prepaid,11,0,real_openml_creditcard_42397
722.1,38.5,1162,Wallet,18,1,synthetic
667.66,115.67,2039,Wallet,7,1,synthetic
195.81,116.05,1619,COD,4,0,synthetic
265.15,53.45,930,Wallet,11,0,synthetic
185.34,2.1,242,Prepaid,9,0,real_openml_creditcard_42397
49.09,72.3,962,Prepaid,1,0,synthetic
650.84,2.54,666,Wallet,18,0,synthetic
284.68,89.49,1380,COD,8,0,synthetic
696.75,7.08,762,Wallet,22,0,real_openml_creditcard_42397
784.04,55.3,1419,Wallet,13,0,synthetic
123.22,112.14,1507,Prepaid,0,0,synthetic
373.83,102.94,1622,COD,9,0,synthetic
358.83,31.05,746,COD,10,0,synthetic
292.47,87.57,1364,Prepaid,23,0,synthetic
147.02,0.72,191,Prepaid,20,0,real_openml_creditcard_42397
236.51,6.68,343,COD,9,0,real_openml_creditcard_42397
78.59,19.19,351,Prepaid,15,0,real_openml_creditcard_42397
90.31,7.56,222,Prepaid,23,0,real_openml_creditcard_42397
27.67,88.52,1137,Wallet,4,0,synthetic
217.36,2.95,281,Wallet,22,0,real_openml_creditcard_42397
91.54,9.42,245,COD,3,0,synthetic
213.62,97.38,1411,Prepaid,4,0,synthetic
72.21,6.75,196,Wallet,0,0,real_openml_creditcard_42397
195.44,5.75,295,Prepaid,6,0,synthetic
2216.78,73.91,2932,Wallet,22,0,real_openml_creditcard_42397
64.3,7.34,196,Wallet,23,0,real_openml_creditcard_42397
175.15,66.95,1011,COD,12,0,synthetic
602.1,92.95,1707,Wallet,7,0,synthetic
149.19,4.98,244,Prepaid,10,0,real_openml_creditcard_42397
278.0,13.33,460,Prepaid,6,0,synthetic
111.59,5.46,216,Prepaid,9,0,real_openml_creditcard_42397
763.79,85.79,1767,Prepaid,14,0,synthetic
74.08,11.36,253,Prepaid,10,0,real_openml_creditcard_42397
127.5,109.52,1479,COD,23,0,synthetic
797.91,88.07,1825,COD,13,0,real_openml_creditcard_42397
91.45,71.98,996,Wallet,1,0,synthetic
602.6,11.12,726,Prepaid,5,0,synthetic
113.6,51.7,773,COD,14,0,synthetic
109.83,55.42,814,Prepaid,10,0,synthetic
71.87,5.69,183,COD,8,0,real_openml_creditcard_42397
125.23,1.86,185,COD,22,0,real_openml_creditcard_42397
778.37,56.99,1434,COD,3,0,synthetic
64.58,52.87,743,Wallet,13,0,synthetic
44.1,8.03,186,Prepaid,13,0,real_openml_creditcard_42397
156.0,26.31,506,COD,19,0,synthetic
95.3,2.13,161,Wallet,16,0,synthetic
359.73,95.72,1522,Prepaid,22,0,synthetic
206.63,60.52,962,Wallet,6,0,synthetic
502.65,36.51,941,COD,20,0,synthetic
407.77,70.0,1257,Wallet,21,1,synthetic
714.38,79.8,1651,Wallet,20,0,synthetic
58.53,7.44,192,COD,21,0,real_openml_creditcard_42397
218.41,13.85,413,COD,7,0,synthetic
27.99,10.23,198,Prepaid,22,0,real_openml_creditcard_42397
412.17,110.43,1746,Wallet,14,0,synthetic
30.95,14.43,251,COD,3,0,real_openml_creditcard_42397
31.24,93.93,1205,Prepaid,6,0,synthetic
630.99,69.28,1449,Prepaid,8,0,synthetic
118.26,38.24,615,COD,11,1,synthetic
599.18,32.21,976,Wallet,4,0,synthetic
696.93,1.95,701,COD,4,0,synthetic
249.24,17.72,487,COD,14,0,real_openml_creditcard_42397
519.43,77.25,1444,Wallet,1,0,synthetic
249.7,30.82,645,Wallet,3,0,synthetic
191.05,117.88,1636,Wallet,8,0,synthetic
289.69,33.46,712,Wallet,18,0,synthetic
648.64,41.5,1132,Wallet,11,0,synthetic
137.73,84.22,1185,Prepaid,23,0,synthetic
62.97,9.11,216,Prepaid,9,0,real_openml_creditcard_42397
8.23,13.13,215,Wallet,11,0,real_openml_creditcard_42397
96.36,0.54,143,Prepaid,17,1,synthetic
272.2,113.44,1656,COD,23,0,synthetic
361.08,14.08,544,Wallet,16,0,synthetic
198.54,25.95,540,Wallet,3,0,synthetic
130.46,1.13,181,COD,21,0,real_openml_creditcard_42397
227.39,18.7,479,COD,17,0,real_openml_creditcard_42397
283.35,24.46,599,COD,14,0,synthetic
203.19,2.23,260,Prepaid,21,0,synthetic
16.22,14.2,235,COD,15,0,real_openml_creditcard_42397
113.72,5.26,216,Wallet,6,0,synthetic
68.23,14.47,285,Prepaid,15,0,real_openml_creditcard_42397
1077.67,4.17,1070,Prepaid,9,0,real_openml_creditcard_42397
693.78,62.06,1419,COD,1,0,synthetic
158.28,73.66,1076,COD,5,0,synthetic
202.11,17.25,439,Wallet,16,0,synthetic
274.75,31.07,670,Prepaid,21,0,synthetic
451.02,71.32,1312,Prepaid,11,0,synthetic
28.48,12.61,227,Wallet,14,0,real_openml_creditcard_42397
167.35,2.45,230,Wallet,15,0,real_openml_creditcard_42397
51.76,8.37,197,Wallet,18,0,real_openml_creditcard_42397
388.85,113.9,1767,COD,19,0,synthetic
348.37,27.82,697,Wallet,18,0,synthetic
779.08,24.04,1040,Prepaid,17,0,synthetic
443.54,51.06,1062,Wallet,18,0,synthetic
124.5,11.25,297,Prepaid,13,0,real_openml_creditcard_42397
326.86,32.35,732,Wallet,4,0,synthetic
59.26,13.06,260,COD,10,0,real_openml_creditcard_42397
228.95,24.66,552,Prepaid,18,0,real_openml_creditcard_42397
27.06,9.05,183,Wallet,19,0,real_openml_creditcard_42397
22.79,9.12,180,Wallet,20,0,real_openml_creditcard_42397
91.79,5.37,197,Wallet,6,0,real_openml_creditcard_42397
87.67,4.51,183,Prepaid,14,0,real_openml_creditcard_42397
8.89,16.0,250,Prepaid,14,0,real_openml_creditcard_42397
38.21,55.53,751,COD,23,0,synthetic
112.68,5.13,213,Wallet,16,0,real_openml_creditcard_42397
235.09,36.15,695,COD,22,0,synthetic
169.69,11.44,340,COD,17,0,real_openml_creditcard_42397
80.81,8.27,222,Wallet,0,0,real_openml_creditcard_42397
411.31,55.9,1091,Wallet,1,0,synthetic
143.07,1.44,196,Prepaid,18,0,real_openml_creditcard_42397
580.92,100.75,1782,Wallet,18,0,synthetic
694.8,92.01,1779,Wallet,17,0,synthetic
164.15,5.36,262,COD,13,0,real_openml_creditcard_42397
193.28,26.0,536,COD,11,0,real_openml_creditcard_42397
436.89,7.48,533,COD,7,0,real_openml_creditcard_42397
264.83,82.48,1278,Wallet,15,0,synthetic
33.31,44.04,608,Wallet,2,0,synthetic
498.12,108.86,1805,Wallet,0,1,synthetic
707.8,21.41,944,COD,21,0,synthetic
28.92,78.21,1014,Wallet,11,0,synthetic
674.68,112.26,2004,Wallet,15,0,synthetic
519.8,51.68,1138,COD,7,0,synthetic
777.14,35.09,1170,COD,17,0,synthetic
599.71,76.81,1511,Wallet,14,0,synthetic
516.25,39.02,983,Wallet,14,0,synthetic
1140.34,106.64,2356,COD,11,0,real_openml_creditcard_42397
15.52,11.0,196,Prepaid,14,0,real_openml_creditcard_42397
420.59,110.81,1758,Prepaid,2,1,synthetic
614.7,78.98,1551,COD,10,0,real_openml_creditcard_42397
508.91,59.89,1227,COD,11,0,synthetic
508.51,56.44,1185,Prepaid,15,0,synthetic
41.15,12.5,237,COD,22,0,real_openml_creditcard_42397
487.81,98.15,1667,COD,2,0,synthetic
36.25,9.03,191,COD,18,0,real_openml_creditcard_42397
133.63,106.54,1449,COD,12,0,synthetic
20.66,13.78,234,Prepaid,8,0,real_openml_creditcard_42397
716.38,34.22,1105,Wallet,0,0,synthetic
200.68,72.63,1102,COD,14,0,synthetic
179.9,24.96,511,Wallet,3,0,synthetic
693.18,78.82,1620,COD,16,0,synthetic
49.08,111.44,1432,COD,19,0,synthetic
534.91,52.18,1158,COD,8,0,synthetic
68.73,103.24,1351,Wallet,16,0,synthetic
412.01,49.74,1018,Wallet,8,0,synthetic
66.92,45.5,656,Prepaid,8,0,synthetic
164.73,108.01,1494,Prepaid,13,0,synthetic
36.91,99.03,1272,Prepaid,17,0,synthetic
343.83,47.68,932,COD,0,0,synthetic
723.19,23.98,989,COD,16,0,synthetic
81.87,4.86,182,Prepaid,23,0,real_openml_creditcard_42397
377.37,102.14,1615,Wallet,12,0,synthetic
360.24,84.17,1384,COD,15,0,synthetic
246.97,22.28,540,Wallet,4,0,synthetic
103.44,6.41,220,Prepaid,16,0,real_openml_creditcard_42397
226.72,3.04,290,COD,3,0,synthetic
955.45,64.76,1687,Prepaid,13,0,real_openml_creditcard_42397
685.84,44.58,1202,Prepaid,2,0,synthetic
638.39,9.04,733,Prepaid,13,0,real_openml_creditcard_42397
287.9,33.57,712,Wallet,13,0,real_openml_creditcard_42397
125.28,2.94,198,Wallet,0,0,real_openml_creditcard_42397
91.95,91.03,1225,Wallet,3,0,synthetic
675.34,63.07,1415,Wallet,19,0,synthetic
112.86,112.38,1500,Prepaid,7,0,synthetic
799.11,106.16,2043,Wallet,0,0,synthetic
367.86,20.41,626,COD,23,0,real_openml_creditcard_42397
220.11,7.91,343,Wallet,8,0,real_openml_creditcard_42397
738.73,21.02,967,Wallet,4,0,synthetic
791.72,70.28,1606,Wallet,8,0,synthetic
126.76,2.33,192,Prepaid,10,0,real_openml_creditcard_42397
161.53,0.55,202,Wallet,13,0,real_openml_creditcard_42397
68.76,41.36,608,Wallet,10,0,synthetic
301.79,11.23,456,Prepaid,11,0,synthetic
124.83,29.67,518,Wallet,6,1,synthetic
139.67,27.94,511,COD,18,0,real_openml_creditcard_42397
173.23,25.19,508,Prepaid,6,0,synthetic
274.66,2.32,325,Wallet,15,0,real_openml_creditcard_42397
472.09,108.72,1779,Wallet,13,0,synthetic
586.77,44.59,1113,COD,23,0,synthetic
751.4,7.01,810,Prepaid,19,0,synthetic
207.4,96.52,1395,Wallet,18,0,synthetic
724.77,37.36,1151,Wallet,0,0,synthetic
206.38,5.85,306,Prepaid,21,0,real_openml_creditcard_42397
511.99,111.45,1848,Wallet,2,0,synthetic
31.6,9.96,198,Prepaid,11,0,real_openml_creditcard_42397
571.18,1.4,581,Wallet,6,0,synthetic
517.16,73.72,1400,COD,5,0,synthetic
148.35,2.04,208,Prepaid,23,0,real_openml_creditcard_42397
68.41,6.12,185,Wallet,15,0,real_openml_creditcard_42397
442.75,32.6,840,Wallet,19,0,synthetic
366.63,36.14,814,Prepaid,1,0,synthetic
799.54,62.22,1516,COD,2,0,synthetic
471.01,41.7,974,Prepaid,5,0,synthetic
22.32,9.41,183,Wallet,17,0,real_openml_creditcard_42397
723.08,97.16,1867,Wallet,11,0,synthetic
231.82,96.29,1414,Wallet,22,0,synthetic
610.79,10.19,722,COD,8,0,real_openml_creditcard_42397
361.25,56.16,1049,Prepaid,22,0,real_openml_creditcard_42397
47.58,109.3,1404,Prepaid,5,0,synthetic
33.52,0.71,89,COD,8,0,synthetic
654.93,16.71,840,Prepaid,19,0,real_openml_creditcard_42397
335.67,5.32,416,Wallet,15,0,real_openml_creditcard_42397
131.96,1.69,189,COD,14,0,real_openml_creditcard_42397
187.67,8.09,316,COD,21,0,real_openml_creditcard_42397
676.37,119.15,2088,Prepaid,23,0,synthetic
23.97,12.45,221,COD,22,0,real_openml_creditcard_42397
740.42,48.7,1301,Prepaid,16,0,synthetic
57.49,23.53,384,Wallet,9,0,synthetic
83.39,116.05,1518,COD,10,0,synthetic
55.93,9.81,218,Prepaid,10,0,real_openml_creditcard_42397
484.29,9.47,600,COD,1,0,synthetic
116.29,16.78,356,COD,14,0,real_openml_creditcard_42397
193.6,27.93,559,Prepaid,3,0,synthetic
758.36,0.96,744,COD,10,0,real_openml_creditcard_42397
511.28,77.07,1435,Wallet,8,0,synthetic
427.49,69.5,1269,Prepaid,17,0,synthetic
513.9,102.95,1748,COD,1,0,synthetic
498.12,21.31,754,Prepaid,22,0,real_openml_creditcard_42397
759.97,106.36,2010,Wallet,8,0,synthetic
39.18,7.89,180,Wallet,15,0,real_openml_creditcard_42397
130.08,27.52,497,COD,2,0,synthetic
177.63,47.27,777,COD,17,0,synthetic
88.3,13.29,289,Wallet,11,0,real_openml_creditcard_42397
254.64,12.15,425,Wallet,19,0,real_openml_creditcard_42397
309.73,4.69,385,Prepaid,15,0,real_openml_creditcard_42397
57.84,10.16,224,Prepaid,18,0,real_openml_creditcard_42397
61.16,89.96,1185,COD,5,0,synthetic
223.33,9.08,360,Wallet,7,0,real_openml_creditcard_42397
101.68,4.71,198,COD,19,0,real_openml_creditcard_42397
46.07,9.3,203,Prepaid,22,0,real_openml_creditcard_42397
604.21,61.89,1337,COD,18,0,synthetic
638.96,107.52,1915,Prepaid,10,0,synthetic
648.97,46.86,1196,COD,17,0,synthetic
220.38,8.96,356,Prepaid,1,0,synthetic
762.78,47.72,1309,Wallet,10,0,synthetic
90.73,7.78,225,Prepaid,11,0,real_openml_creditcard_42397
451.87,37.67,909,COD,0,0,synthetic
57.32,18.62,325,Prepaid,17,0,real_openml_creditcard_42397
54.59,11.24,234,Prepaid,10,0,real_openml_creditcard_42397
400.5,21.88,673,Prepaid,13,0,synthetic
124.03,86.97,1205,Prepaid,5,0,synthetic
645.53,101.8,1853,Wallet,5,0,synthetic
467.41,48.25,1050,Wallet,13,0,synthetic
160.52,1.54,213,Prepaid,14,0,real_openml_creditcard_42397
215.07,41.2,738,Wallet,0,0,synthetic
643.24,32.53,1019,Prepaid,5,0,synthetic
134.7,2.73,204,Prepaid,12,0,real_openml_creditcard_42397
1343.07,8.35,1359,Wallet,10,0,real_openml_creditcard_42397
191.43,36.42,659,Wallet,0,0,synthetic
640.11,79.98,1586,COD,12,0,synthetic
503.73,71.93,1367,COD,19,1,synthetic
18.89,107.92,1362,COD,11,0,synthetic
286.53,25.15,610,COD,13,0,synthetic
133.29,5.25,233,Wallet,20,0,real_openml_creditcard_42397
27.07,75.77,984,Prepaid,14,0,synthetic
407.27,0.54,423,Prepaid,17,0,real_openml_creditcard_42397
55.42,6.84,182,Wallet,16,0,real_openml_creditcard_42397
10.28,13.4,220,Prepaid,16,0,real_openml_creditcard_42397
12.73,10.05,182,COD,4,0,real_openml_creditcard_42397
160.58,13.92,362,Wallet,4,0,synthetic
21.6,9.38,182,Wallet,20,0,real_openml_creditcard_42397
138.53,3.19,213,COD,7,0,real_openml_creditcard_42397
847.19,15.63,1000,Wallet,16,0,real_openml_creditcard_42397
216.8,7.16,331,Prepaid,22,0,real_openml_creditcard_42397
481.74,47.4,1052,Prepaid,12,0,synthetic
11.12,17.08,265,COD,16,0,real_openml_creditcard_42397
572.91,119.57,2001,Prepaid,21,0,synthetic
91.19,33.52,534,Prepaid,5,0,synthetic
194.54,101.07,1438,Wallet,1,0,synthetic
735.48,4.39,765,COD,22,0,synthetic
199.89,85.3,1253,Wallet,2,0,synthetic
151.09,72.8,1060,COD,8,0,synthetic
57.56,6.6,181,COD,18,0,real_openml_creditcard_42397
193.73,2.61,256,Wallet,6,0,synthetic
220.11,5.66,316,Prepaid,21,0,real_openml_creditcard_42397
578.39,28.9,917,COD,6,0,synthetic
227.93,101.42,1472,Wallet,17,0,synthetic
489.48,3.09,528,Prepaid,19,0,synthetic
409.73,70.61,1266,COD,10,0,synthetic
17.59,9.68,182,Wallet,21,0,real_openml_creditcard_42397
211.96,1.27,256,Wallet,10,0,real_openml_creditcard_42397
136.27,0.78,182,Wallet,7,0,real_openml_creditcard_42397
32.07,12.68,231,COD,22,0,real_openml_creditcard_42397
658.05,32.3,1030,Prepaid,7,0,synthetic
106.16,3.29,185,Wallet,14,0,real_openml_creditcard_42397
32.34,8.57,182,Wallet,22,0,real_openml_creditcard_42397
486.39,48.33,1068,Prepaid,13,0,synthetic
749.57,51.55,1343,Wallet,14,0,synthetic
122.66,1.97,184,Prepaid,14,0,real_openml_creditcard_42397
82.92,104.23,1375,Prepaid,20,1,synthetic
172.9,50.28,809,Prepaid,19,0,real_openml_creditcard_42397
85.2,4.61,182,COD,22,0,real_openml_creditcard_42397
59.56,6.37,180,COD,9,0,real_openml_creditcard_42397
80.52,4.88,181,Prepaid,8,0,real_openml_creditcard_42397
389.4,4.97,460,Prepaid,20,0,synthetic
359.89,78.04,1310,COD,10,0,synthetic
270.3,16.7,494,Prepaid,17,0,synthetic
58.59,9.61,218,COD,14,0,real_openml_creditcard_42397
11.17,52.75,693,COD,20,0,synthetic
147.57,65.56,970,COD,16,0,synthetic
416.12,22.05,689,Wallet,22,0,synthetic
600.87,20.37,835,Prepaid,0,0,synthetic
121.61,6.55,238,Wallet,16,0,real_openml_creditcard_42397
573.8,54.2,1217,COD,17,0,synthetic
647.54,70.12,1474,Wallet,18,0,synthetic
781.84,72.25,1621,Wallet,17,0,synthetic
135.73,0.82,182,Wallet,8,0,real_openml_creditcard_42397
129.32,1.47,184,Prepaid,14,0,real_openml_creditcard_42397
397.88,12.26,555,Wallet,7,0,synthetic
39.38,10.88,216,Prepaid,8,0,real_openml_creditcard_42397
289.83,80.08,1272,COD,21,0,synthetic
705.11,65.87,1475,Wallet,16,0,synthetic
176.49,58.08,906,Wallet,2,0,synthetic
401.24,53.14,1049,Prepaid,18,0,synthetic
8.02,12.65,209,COD,3,0,real_openml_creditcard_42397
182.56,85.72,1243,Prepaid,14,0,real_openml_creditcard_42397
297.53,28.35,658,COD,1,0,synthetic
315.34,108.85,1640,Wallet,1,0,synthetic
305.0,10.04,445,Prepaid,14,0,real_openml_creditcard_42397
61.86,8.44,207,Wallet,13,0,real_openml_creditcard_42397
445.1,88.22,1509,COD,20,0,synthetic
110.15,2.74,182,COD,16,0,real_openml_creditcard_42397
496.94,4.94,557,COD,15,0,synthetic
587.37,66.59,1378,COD,20,0,synthetic
717.79,98.89,1883,COD,10,0,synthetic
254.74,79.64,1235,COD,17,0,real_openml_creditcard_42397
559.15,3.23,592,COD,9,0,real_openml_creditcard_42397
141.4,3.06,214,Wallet,8,0,real_openml_creditcard_42397
456.03,17.13,666,Prepaid,19,0,real_openml_creditcard_42397
112.11,4.84,209,Prepaid,10,0,real_openml_creditcard_42397
16.31,9.78,182,Prepaid,10,0,real_openml_creditcard_42397
503.47,12.96,659,COD,14,0,synthetic
261.66,77.17,1211,Prepaid,7,0,synthetic
137.42,2.78,207,Prepaid,16,0,real_openml_creditcard_42397
457.91,13.25,621,COD,7,0,synthetic
535.55,41.0,1024,Prepaid,23,0,real_openml_creditcard_42397
461.86,46.56,1024,Wallet,12,0,synthetic
385.25,39.74,874,Prepaid,11,0,synthetic
772.95,54.27,1397,Prepaid,2,0,synthetic
104.56,3.41,185,COD,16,0,real_openml_creditcard_42397
183.51,9.32,327,COD,20,0,real_openml_creditcard_42397
5.8,12.32,203,Prepaid,16,0,real_openml_creditcard_42397
275.12,6.39,374,COD,20,0,synthetic
489.07,30.49,856,Wallet,17,0,real_openml_creditcard_42397
268.56,30.54,658,Prepaid,1,0,synthetic
45.13,8.22,189,COD,21,0,synthetic
383.19,63.05,1152,Prepaid,14,0,synthetic
37.83,112.07,1429,Wallet,18,0,synthetic
348.91,113.31,1724,COD,16,0,synthetic
119.44,6.29,233,COD,12,0,real_openml_creditcard_42397
81.29,4.99,183,COD,23,0,real_openml_creditcard_42397
328.11,84.47,1359,Wallet,22,0,synthetic
66.44,7.77,203,COD,22,0,real_openml_creditcard_42397
21.8,67.03,874,Prepaid,20,0,real_openml_creditcard_42397
450.18,30.9,826,COD,23,0,synthetic
117.08,7.8,249,COD,16,0,real_openml_creditcard_42397
506.84,28.51,848,COD,6,0,synthetic
145.05,0.79,190,Prepaid,14,0,real_openml_creditcard_42397
102.68,60.24,865,Wallet,2,0,synthetic
798.04,58.77,1473,Prepaid,1,0,synthetic
330.67,79.72,1304,Wallet,23,0,synthetic
408.29,14.06,586,Prepaid,20,0,synthetic
103.46,5.49,209,Wallet,22,0,real_openml_creditcard_42397
329.85,110.46,1672,COD,14,0,synthetic
769.44,102.36,1971,COD,20,0,synthetic
644.34,21.11,883,COD,0,0,synthetic
11.46,107.13,1346,COD,10,0,synthetic
125.98,2.47,193,Wallet,6,0,real_openml_creditcard_42397
229.87,95.13,1398,COD,17,0,synthetic
458.33,0.63,470,COD,22,0,real_openml_creditcard_42397
150.16,9.48,299,Prepaid,2,0,synthetic
338.21,81.62,1334,Wallet,16,0,synthetic
309.44,3.33,368,Wallet,17,0,synthetic
467.3,20.33,714,Prepaid,4,0,synthetic
52.18,107.25,1384,Prepaid,11,0,real_openml_creditcard_42397
75.15,9.95,237,Prepaid,22,0,real_openml_creditcard_42397
171.76,117.18,1611,Prepaid,6,0,synthetic
672.25,94.53,1789,COD,6,0,synthetic
183.51,74.14,1105,Wallet,19,0,synthetic
146.18,1.62,201,COD,17,0,real_openml_creditcard_42397
125.23,1.52,181,Wallet,20,0,real_openml_creditcard_42397
58.14,8.22,201,Wallet,16,0,real_openml_creditcard_42397
53.98,38.48,560,COD,12,1,synthetic
191.9,49.12,812,Wallet,1,0,synthetic
15.51,9.75,181,Prepaid,21,0,real_openml_creditcard_42397
89.16,4.56,185,Prepaid,13,0,real_openml_creditcard_42397
21.49,16.47,267,Wallet,10,0,real_openml_creditcard_42397
160.52,0.63,202,Wallet,19,0,real_openml_creditcard_42397
536.76,98.61,1716,Prepaid,7,0,synthetic
89.36,4.46,184,Prepaid,10,0,real_openml_creditcard_42397
163.08,2.44,226,Prepaid,18,0,real_openml_creditcard_42397
697.3,15.19,860,Prepaid,14,0,synthetic
146.16,15.12,363,COD,10,0,real_openml_creditcard_42397
734.74,95.08,1852,Prepaid,2,1,synthetic
144.05,0.61,187,Prepaid,19,0,real_openml_creditcard_42397
361.14,90.28,1458,Prepaid,15,0,synthetic
298.04,52.66,950,Prepaid,13,0,synthetic
22.03,59.67,786,COD,11,1,synthetic
567.83,19.23,792,Wallet,7,0,synthetic
57.44,28.62,445,COD,14,0,synthetic
219.71,19.29,479,Wallet,9,0,synthetic
638.94,27.63,957,Wallet,20,0,synthetic
386.84,100.55,1605,COD,5,0,synthetic
38.5,9.03,193,COD,20,0,real_openml_creditcard_42397
24.86,35.47,498,COD,13,0,real_openml_creditcard_42397
84.35,43.84,652,Wallet,17,0,real_openml_creditcard_42397
126.01,101.44,1381,Prepaid,2,0,synthetic
170.27,43.09,720,Wallet,22,0,synthetic
636.82,114.54,1998,COD,1,0,synthetic
583.63,53.78,1221,Wallet,22,0,synthetic
362.96,28.61,720,Prepaid,20,0,real_openml_creditcard_42397
96.41,6.35,213,Wallet,2,0,real_openml_creditcard_42397
182.56,22.54,485,COD,14,1,synthetic
238.29,8.99,372,Wallet,3,0,synthetic
24.0,10.03,192,Wallet,15,0,real_openml_creditcard_42397
247.52,108.4,1574,COD,23,0,synthetic
103.72,18.39,364,Wallet,9,0,real_openml_creditcard_42397
705.76,22.07,950,COD,19,0,synthetic
42.27,7.83,182,COD,20,0,real_openml_creditcard_42397
204.45,87.16,1280,Wallet,9,0,synthetic
395.15,19.28,637,Wallet,10,0,real_openml_creditcard_42397
55.48,34.32,512,Prepaid,4,0,synthetic
145.42,77.73,1114,Wallet,16,0,synthetic
776.3,107.42,2038,COD,7,1,synthetic
780.93,48.26,1332,Wallet,10,1,synthetic
77.94,6.4,197,COD,9,0,real_openml_creditcard_42397
1032.17,26.92,1302,Prepaid,12,0,real_openml_creditcard_42397
259.59,28.44,625,COD,6,0,synthetic
319.54,0.62,345,Prepaid,7,0,real_openml_creditcard_42397
504.23,45.14,1046,COD,4,0,synthetic
676.82,55.27,1322,Prepaid,21,0,synthetic
3.76,109.5,1367,Prepaid,5,0,synthetic
219.08,75.88,1158,Wallet,2,0,synthetic
87.55,96.22,1283,Prepaid,0,0,synthetic
417.99,24.04,715,COD,13,0,synthetic
316.19,88.67,1399,COD,14,0,synthetic
112.49,5.9,222,Wallet,10,0,real_openml_creditcard_42397
11.12,40.25,543,Prepaid,9,0,real_openml_creditcard_42397
1023.33,7.17,1057,Prepaid,20,0,real_openml_creditcard_42397
534.61,15.96,723,COD,20,0,synthetic
721.66,70.7,1548,Prepaid,2,1,synthetic
165.97,1.64,219,COD,11,0,real_openml_creditcard_42397
684.03,25.36,970,COD,12,0,real_openml_creditcard_42397
413.65,92.51,1532,COD,3,0,synthetic
756.39,13.9,898,Prepaid,5,0,synthetic
447.88,20.18,695,Prepaid,16,0,synthetic
191.19,35.49,648,Prepaid,6,0,synthetic
596.81,99.04,1776,Wallet,8,0,synthetic
142.7,4.38,231,Prepaid,13,0,real_openml_creditcard_42397
79.41,11.71,262,Prepaid,0,0,real_openml_creditcard_42397
164.97,83.92,1205,COD,5,0,synthetic
559.84,58.38,1254,Wallet,11,0,synthetic
18.82,53.27,706,COD,6,0,synthetic
540.27,77.15,1462,COD,19,0,synthetic
171.26,3.66,248,Prepaid,13,0,real_openml_creditcard_42397
437.63,55.75,1113,COD,23,0,synthetic
749.55,93.48,1846,COD,15,0,synthetic
26.07,112.84,1428,Wallet,19,0,synthetic
88.34,19.05,358,Prepaid,6,0,synthetic
329.86,91.64,1447,Prepaid,11,0,synthetic
367.78,38.23,840,Prepaid,11,0,synthetic
792.42,116.75,2164,Prepaid,23,0,synthetic
696.48,39.32,1149,COD,12,0,synthetic
241.01,116.8,1668,Prepaid,8,0,synthetic
712.4,71.65,1551,Wallet,17,0,synthetic
130.38,105.57,1434,Prepaid,5,0,synthetic
198.63,79.23,1179,Wallet,0,0,synthetic
15.65,53.69,708,COD,7,0,synthetic
152.22,0.92,198,Wallet,6,0,real_openml_creditcard_42397
140.93,1.43,194,Wallet,4,0,real_openml_creditcard_42397
225.93,50.13,855,Wallet,17,0,synthetic
102.36,8.49,244,Prepaid,22,0,real_openml_creditcard_42397
316.59,4.34,387,Prepaid,12,0,synthetic
90.24,19.15,361,COD,18,0,real_openml_creditcard_42397
53.66,6.98,182,COD,7,0,real_openml_creditcard_42397
12.89,61.31,797,Prepaid,19,0,synthetic
609.15,39.08,1067,COD,3,0,synthetic
727.68,7.01,789,COD,15,0,real_openml_creditcard_42397
230.15,8.66,361,COD,5,0,real_openml_creditcard_42397
707.5,16.87,889,COD,6,0,synthetic
46.17,7.54,182,COD,12,0,real_openml_creditcard_42397
14.83,68.36,884,COD,1,0,synthetic
140.8,0.86,187,COD,17,0,real_openml_creditcard_42397
205.74,92.89,1350,Prepaid,0,0,synthetic
48.78,8.76,199,Prepaid,7,0,real_openml_creditcard_42397
622.65,69.84,1448,COD,0,0,synthetic
713.75,84.29,1704,COD,7,0,synthetic
264.37,64.47,1062,COD,18,0,synthetic
3.96,37.19,500,COD,10,0,synthetic
128.82,3.42,207,COD,19,0,real_openml_creditcard_42397
362.67,50.75,985,Prepaid,3,0,synthetic
445.49,82.89,1446,COD,21,0,synthetic
156.74,3.49,233,Wallet,17,0,real_openml_creditcard_42397
794.93,45.45,1311,Wallet,13,0,synthetic
640.01,103.06,1863,Wallet,0,0,synthetic
85.25,5.86,197,Wallet,22,0,real_openml_creditcard_42397
21.46,9.47,183,Prepaid,19,0,real_openml_creditcard_42397
582.73,116.43,1972,Wallet,23,0,synthetic
44.33,15.09,271,COD,20,0,real_openml_creditcard_42397
91.5,6.14,206,Wallet,17,0,real_openml_creditcard_42397
85.47,14.84,305,Wallet,22,0,real_openml_creditcard_42397
130.21,61.18,901,Prepaid,14,0,synthetic
281.39,51.36,920,Wallet,8,0,synthetic
271.57,31.49,672,COD,10,0,synthetic
116.07,2.88,189,Prepaid,9,0,real_openml_creditcard_42397
134.91,47.26,739,Prepaid,23,0,synthetic
163.18,32.79,590,COD,18,0,synthetic
74.2,5.43,182,Wallet,22,0,real_openml_creditcard_42397
306.72,92.98,1442,Wallet,20,0,synthetic
120.17,32.65,550,Prepaid,14,0,real_openml_creditcard_42397
282.08,18.84,530,Wallet,16,0,real_openml_creditcard_42397
592.5,28.62,927,Wallet,1,0,synthetic
88.45,4.87,188,COD,19,0,real_openml_creditcard_42397
70.03,7.08,198,Wallet,20,0,real_openml_creditcard_42397
88.35,39.52,604,COD,23,0,synthetic
136.56,2.09,198,Wallet,8,0,real_openml_creditcard_42397
48.42,38.05,550,Wallet,18,0,synthetic
287.48,15.13,490,Wallet,22,0,synthetic
242.46,8.73,373,Wallet,19,0,real_openml_creditcard_42397
92.76,3.88,180,Prepaid,2,0,real_openml_creditcard_42397
134.94,96.24,1326,Wallet,20,0,synthetic
767.93,98.58,1924,Prepaid,22,0,synthetic
346.16,86.26,1397,Wallet,20,0,synthetic
173.55,4.98,266,Wallet,13,0,real_openml_creditcard_42397
750.85,38.29,1185,COD,18,0,synthetic
114.06,61.34,889,Prepaid,8,0,synthetic
67.62,8.51,213,COD,9,0,real_openml_creditcard_42397
14.84,9.72,180,Wallet,0,0,real_openml_creditcard_42397
15.48,14.92,243,Wallet,10,0,real_openml_creditcard_42397
346.97,73.21,1241,Wallet,23,0,synthetic
71.77,26.39,431,Wallet,0,0,synthetic
296.51,4.46,370,COD,20,0,synthetic
725.89,48.32,1283,COD,13,0,synthetic
36.45,8.52,185,Wallet,8,0,real_openml_creditcard_42397
10.88,10.85,190,COD,23,0,real_openml_creditcard_42397
100.29,12.4,289,Wallet,15,0,real_openml_creditcard_42397
137.38,52.37,802,COD,19,0,synthetic
174.23,2.18,233,Prepaid,22,0,real_openml_creditcard_42397
64.93,6.13,182,Wallet,6,0,real_openml_creditcard_42397
105.68,3.24,184,COD,10,0,real_openml_creditcard_42397
337.06,10.14,475,Wallet,20,0,real_openml_creditcard_42397
43.95,62.88,844,Prepaid,16,0,synthetic
798.21,38.4,1229,Prepaid,19,0,synthetic
72.05,5.85,185,Wallet,10,0,real_openml_creditcard_42397
121.35,3.65,203,Prepaid,7,0,real_openml_creditcard_42397
13.44,9.83,180,Wallet,11,0,real_openml_creditcard_42397
103.4,12.24,290,COD,20,0,real_openml_creditcard_42397
44.01,8.7,194,Prepaid,12,0,real_openml_creditcard_42397
681.19,94.47,1797,COD,5,0,synthetic
1.93,14.36,224,Wallet,19,0,real_openml_creditcard_42397
46.37,48.21,670,Wallet,19,0,synthetic
713.77,23.17,970,Wallet,5,0,synthetic
745.71,76.9,1644,COD,4,0,synthetic
213.6,57.02,927,COD,23,0,synthetic
163.82,6.71,278,Wallet,8,0,real_openml_creditcard_42397
291.64,18.93,540,Prepaid,6,0,synthetic
90.55,4.29,183,COD,10,0,real_openml_creditcard_42397
733.81,63.42,1471,Wallet,13,0,synthetic
753.0,95.01,1868,Wallet,0,1,synthetic
264.98,107.53,1579,Wallet,12,0,synthetic
442.53,18.67,672,Wallet,0,0,synthetic
71.77,7.87,209,Prepaid,20,0,real_openml_creditcard_42397
34.66,9.73,198,Wallet,18,0,real_openml_creditcard_42397
487.15,44.86,1027,Wallet,21,0,synthetic
475.65,53.89,1125,Prepaid,14,0,synthetic
312.17,56.07,1004,Prepaid,11,0,synthetic
729.24,36.1,1139,Wallet,13,0,synthetic
81.11,6.75,204,COD,13,0,real_openml_creditcard_42397
29.97,9.17,187,COD,10,0,real_openml_creditcard_42397
110.57,39.54,624,COD,1,0,real_openml_creditcard_42397
153.8,117.22,1595,Wallet,14,0,synthetic
235.85,38.38,723,Prepaid,20,0,synthetic
680.76,48.09,1240,Wallet,9,0,synthetic
120.27,111.57,1497,Prepaid,6,0,synthetic
662.43,84.86,1665,COD,12,0,synthetic
85.45,10.42,252,COD,0,0,real_openml_creditcard_42397
401.51,115.56,1798,Prepaid,1,0,synthetic
63.18,6.26,182,COD,18,0,real_openml_creditcard_42397
489.36,81.84,1473,COD,5,0,synthetic
55.5,6.84,182,Prepaid,21,0,real_openml_creditcard_42397
650.12,12.05,780,Wallet,8,0,synthetic
670.1,108.03,1949,Wallet,18,0,synthetic
118.47,85.32,1180,COD,13,0,synthetic
187.15,11.88,361,Wallet,15,0,real_openml_creditcard_42397
792.48,92.7,1876,Wallet,4,0,synthetic
567.97,11.4,698,COD,12,0,real_openml_creditcard_42397
271.34,46.11,848,COD,18,0,synthetic
382.87,50.69,1003,COD,13,1,synthetic
124.31,1.51,180,COD,17,0,real_openml_creditcard_42397
551.67,100.57,1753,Prepaid,18,0,synthetic
447.38,34.26,864,Prepaid,18,0,synthetic
33.34,12.08,225,Wallet,20,0,real_openml_creditcard_42397
102.49,82.43,1131,Prepaid,22,0,synthetic
108.28,29.48,501,Prepaid,5,0,synthetic
447.94,55.51,1119,Wallet,18,0,synthetic
406.82,53.9,1063,Prepaid,20,0,synthetic
8.05,62.37,806,Wallet,16,0,synthetic
587.2,116.34,1975,Wallet,13,0,synthetic
64.45,6.17,182,COD,13,0,real_openml_creditcard_42397
27.33,14.2,245,COD,2,0,real_openml_creditcard_42397
150.68,6.37,262,COD,9,0,real_openml_creditcard_42397
42.52,111.02,1420,COD,16,0,synthetic
83.32,5.25,188,Wallet,17,0,real_openml_creditcard_42397
401.03,8.26,510,Prepaid,18,0,real_openml_creditcard_42397
658.44,35.05,1063,Prepaid,2,0,synthetic
196.42,33.68,631,Prepaid,16,0,synthetic
44.17,118.05,1506,Wallet,6,0,synthetic
122.31,1.83,182,COD,11,0,real_openml_creditcard_42397
100.29,12.81,294,Prepaid,1,0,real_openml_creditcard_42397
513.38,109.18,1822,Prepaid,6,0,synthetic
533.07,115.76,1919,Wallet,14,0,synthetic
215.62,110.51,1570,Wallet,0,0,synthetic
223.59,56.54,930,COD,23,0,synthetic
20.05,9.66,184,Prepaid,20,0,real_openml_creditcard_42397
77.63,6.84,202,Wallet,16,0,real_openml_creditcard_42397
299.5,16.5,518,COD,20,0,synthetic
681.53,29.38,1016,Prepaid,14,0,synthetic
152.28,28.0,523,COD,18,0,real_openml_creditcard_42397
76.57,7.51,209,Wallet,17,0,real_openml_creditcard_42397
311.96,22.41,600,Prepaid,4,0,synthetic
112.03,6.26,226,Prepaid,14,0,real_openml_creditcard_42397
681.8,51.3,1279,Prepaid,16,0,synthetic
523.75,53.82,1167,COD,10,0,synthetic
27.77,10.17,197,Prepaid,18,0,real_openml_creditcard_42397
116.39,32.67,547,Wallet,23,0,synthetic
4.28,39.68,530,Prepaid,1,0,synthetic
160.57,2.54,225,Prepaid,0,0,real_openml_creditcard_42397
190.24,11.75,362,Wallet,3,0,synthetic
146.27,0.95,193,Wallet,19,0,real_openml_creditcard_42397
185.41,8.26,316,COD,16,0,real_openml_creditcard_42397
156.68,12.75,344,Wallet,14,0,synthetic
164.58,74.24,1089,Wallet,9,0,real_openml_creditcard_42397
118.9,2.0,181,Prepaid,23,0,real_openml_creditcard_42397
6.44,12.77,209,Wallet,16,0,real_openml_creditcard_42397
94.77,13.63,299,COD,0,0,synthetic
575.69,79.74,1525,COD,17,0,synthetic
4176.3,11.28,3944,Wallet,14,0,real_openml_creditcard_42397
561.32,22.47,825,Prepaid,9,0,synthetic
132.62,8.3,269,Wallet,21,0,real_openml_creditcard_42397
137.23,2.79,207,Wallet,11,0,real_openml_creditcard_42397
653.79,91.73,1739,COD,1,0,synthetic
357.81,1.24,387,COD,10,0,synthetic
102.52,3.31,182,Wallet,15,0,real_openml_creditcard_42397
407.81,10.5,543,COD,23,0,real_openml_creditcard_42397
29.14,64.55,851,COD,8,0,synthetic
452.96,12.92,613,Wallet,8,0,synthetic
123.13,4.52,215,COD,0,0,real_openml_creditcard_42397
59.16,7.31,191,Wallet,17,0,real_openml_creditcard_42397
647.67,88.1,1690,COD,11,0,synthetic
780.21,68.62,1576,Wallet,15,0,synthetic
169.59,115.39,1587,COD,7,0,synthetic
45.98,9.3,203,Prepaid,12,0,real_openml_creditcard_42397
169.38,0.63,210,Wallet,23,0,real_openml_creditcard_42397
522.45,73.17,1398,Wallet,1,0,synthetic
459.74,6.44,541,Wallet,15,0,real_openml_creditcard_42397
549.94,41.44,1042,COD,12,0,synthetic
126.63,1.5,182,COD,21,0,real_openml_creditcard_42397
756.99,53.21,1370,Wallet,18,0,synthetic
12.02,36.77,502,COD,12,0,real_openml_creditcard_42397
519.33,113.95,1885,Prepaid,21,0,synthetic
73.99,8.03,213,Wallet,11,0,real_openml_creditcard_42397
547.72,119.32,1975,COD,20,0,synthetic
186.95,74.43,1111,COD,20,1,synthetic
1.33,7.18,137,Prepaid,12,0,synthetic
2.43,10.82,182,Prepaid,17,0,real_openml_creditcard_42397
285.95,79.33,1259,COD,8,0,synthetic
131.51,31.22,543,Wallet,1,0,real_openml_creditcard_42397
479.6,8.2,580,COD,10,0,real_openml_creditcard_42397
179.47,2.29,239,Prepaid,9,0,real_openml_creditcard_42397
619.09,28.96,955,Wallet,19,0,synthetic
138.13,59.79,892,Wallet,22,0,synthetic
338.95,59.85,1073,Prepaid,3,0,synthetic
1533.9,33.29,1830,Wallet,12,0,real_openml_creditcard_42397
40.15,8.07,183,Prepaid,22,0,real_openml_creditcard_42397
53.83,24.96,398,COD,22,0,real_openml_creditcard_42397
639.28,97.1,1791,COD,21,0,synthetic
80.35,45.46,668,Prepaid,11,0,synthetic
182.07,9.01,322,Wallet,8,0,real_openml_creditcard_42397
196.94,96.08,1380,Prepaid,16,0,synthetic
52.9,12.45,247,COD,19,0,real_openml_creditcard_42397
170.11,53.91,850,Wallet,1,0,synthetic
156.29,2.86,225,COD,9,0,real_openml_creditcard_42397
24.85,9.14,182,Prepaid,11,0,real_openml_creditcard_42397
116.97,4.56,210,Prepaid,16,0,real_openml_creditcard_42397
467.28,11.07,603,Prepaid,3,0,synthetic
125.71,1.57,182,Wallet,18,0,real_openml_creditcard_42397
131.72,1.29,184,Prepaid,13,0,real_openml_creditcard_42397
131.52,3.39,209,COD,13,0,real_openml_creditcard_42397
774.4,89.64,1823,Wallet,15,0,synthetic
118.34,2.29,184,Prepaid,19,0,real_openml_creditcard_42397
105.12,4.95,204,Wallet,12,0,real_openml_creditcard_42397
350.99,10.98,498,Prepaid,12,0,synthetic
218.81,6.82,329,Wallet,4,0,synthetic
82.07,9.18,234,Prepaid,21,0,real_openml_creditcard_42397
458.19,93.8,1588,Wallet,0,0,synthetic
768.55,78.78,1687,Wallet,4,0,synthetic
280.89,1.96,326,COD,4,0,synthetic
149.44,9.46,298,COD,20,0,real_openml_creditcard_42397
499.58,32.15,885,COD,19,0,synthetic
249.37,87.38,1323,COD,4,0,synthetic
779.29,119.72,2188,Wallet,12,0,synthetic
193.79,7.75,317,Prepaid,23,0,synthetic
64.0,6.37,184,Wallet,23,0,real_openml_creditcard_42397
203.96,42.47,743,Wallet,16,0,synthetic
795.34,77.72,1698,Wallet,14,0,synthetic
214.76,2.54,274,COD,8,0,synthetic
251.54,59.11,986,Prepaid,17,0,synthetic
648.38,91.95,1737,Wallet,19,0,synthetic
38.63,9.1,194,Prepaid,0,0,real_openml_creditcard_42397
526.33,83.35,1524,Wallet,7,0,synthetic
172.86,28.32,545,COD,1,0,synthetic
178.09,3.39,251,COD,4,0,real_openml_creditcard_42397
105.04,9.29,256,COD,1,0,real_openml_creditcard_42397
271.76,0.87,305,Prepaid,20,0,real_openml_creditcard_42397
15.86,76.92,987,COD,20,0,synthetic
382.76,83.21,1393,Wallet,8,1,synthetic
104.43,95.97,1296,Wallet,19,0,synthetic
293.34,76.05,1227,Wallet,18,0,synthetic
449.47,102.35,1683,Prepaid,10,0,synthetic
704.27,112.99,2040,Prepaid,1,1,synthetic
101.21,10.08,262,Prepaid,21,0,real_openml_creditcard_42397
79.83,31.88,504,COD,3,0,synthetic
139.2,0.56,182,Wallet,13,0,real_openml_creditcard_42397
703.03,56.29,1358,COD,17,0,synthetic
15.43,0.86,74,Prepaid,10,0,synthetic
38.55,8.36,185,COD,21,0,real_openml_creditcard_42397
327.1,14.52,519,Prepaid,18,0,synthetic
34.22,44.41,614,Prepaid,4,0,synthetic
146.02,52.84,816,Wallet,16,0,synthetic
202.5,16.48,430,Prepaid,16,0,real_openml_creditcard_42397
130.62,40.53,654,Wallet,18,0,synthetic
23.01,93.37,1191,COD,7,0,synthetic
84.65,6.73,207,Wallet,11,0,real_openml_creditcard_42397
168.13,2.31,229,Prepaid,21,0,real_openml_creditcard_42397
83.42,4.83,183,COD,20,0,real_openml_creditcard_42397
527.27,99.02,1713,Wallet,13,0,synthetic
319.13,79.69,1294,Prepaid,6,0,synthetic
739.78,2.33,744,Wallet,4,1,synthetic
112.52,3.39,192,COD,9,0,real_openml_creditcard_42397
65.67,11.16,243,Prepaid,21,0,real_openml_creditcard_42397
213.12,0.93,253,COD,13,0,real_openml_creditcard_42397
78.77,24.03,409,Prepaid,22,0,synthetic
159.42,86.26,1229,Wallet,18,0,synthetic
316.36,10.12,456,Prepaid,5,0,synthetic
691.61,46.54,1231,COD,22,0,synthetic
680.52,46.18,1217,Wallet,0,0,synthetic
30.01,14.67,253,Wallet,11,0,real_openml_creditcard_42397
302.6,117.34,1730,Wallet,22,0,synthetic
45.33,20.65,339,COD,17,0,synthetic
199.47,41.04,722,Prepaid,23,0,real_openml_creditcard_42397
38.99,8.66,189,Wallet,18,0,real_openml_creditcard_42397
576.2,89.97,1648,Prepaid,16,0,synthetic
457.99,27.57,793,Wallet,11,0,real_openml_creditcard_42397
211.89,22.84,515,COD,10,0,synthetic
217.47,58.93,953,COD,16,0,synthetic
294.06,15.2,497,Wallet,12,0,real_openml_creditcard_42397
790.8,68.5,1584,Prepaid,18,0,synthetic
422.34,31.51,808,COD,6,0,synthetic
312.08,30.02,691,Wallet,10,0,synthetic
128.79,2.84,200,COD,15,0,real_openml_creditcard_42397
426.48,13.43,595,Wallet,13,0,real_openml_creditcard_42397
48.32,11.36,230,Wallet,17,0,synthetic
757.59,44.4,1265,Wallet,8,0,synthetic
37.65,10.26,207,Wallet,7,0,real_openml_creditcard_42397
415.82,71.54,1283,COD,21,0,synthetic
511.76,94.06,1639,COD,3,0,synthetic
265.2,108.97,1596,Prepaid,12,0,synthetic
728.78,30.09,1067,Prepaid,11,0,real_openml_creditcard_42397
749.06,87.41,1773,Prepaid,8,0,synthetic
762.39,73.4,1617,COD,17,0,synthetic
12.77,14.71,238,Prepaid,21,0,real_openml_creditcard_42397
7.37,14.36,229,Prepaid,8,0,real_openml_creditcard_42397
135.11,84.84,1190,Prepaid,5,0,synthetic
376.37,89.97,1468,Wallet,17,0,synthetic
156.72,4.33,243,Prepaid,15,0,real_openml_creditcard_42397
503.37,61.24,1238,Wallet,9,0,synthetic
322.46,65.48,1126,COD,1,0,synthetic
6.56,41.49,554,Wallet,10,0,synthetic
511.51,41.42,1007,Wallet,20,0,synthetic
205.71,64.65,1011,Wallet,15,0,synthetic
119.49,111.67,1498,Prepaid,17,0,synthetic
276.69,72.19,1165,Prepaid,15,0,synthetic
796.7,44.85,1305,Prepaid,9,0,synthetic
88.55,19.61,365,COD,14,0,real_openml_creditcard_42397
105.59,3.08,182,COD,11,0,real_openml_creditcard_42397
407.92,96.32,1573,Wallet,22,0,synthetic
563.86,68.42,1378,Wallet,12,0,synthetic
100.8,4.44,194,Prepaid,10,0,real_openml_creditcard_42397
82.23,6.42,201,Prepaid,22,0,real_openml_creditcard_42397
105.75,3.07,182,Prepaid,14,0,real_openml_creditcard_42397
159.63,4.61,249,COD,7,0,real_openml_creditcard_42397
535.05,56.8,1213,Prepaid,20,0,synthetic
188.95,15.29,404,Wallet,16,0,synthetic
448.22,37.05,898,Wallet,7,0,synthetic
675.06,88.16,1715,COD,3,0,synthetic
45.08,9.12,200,Wallet,18,0,real_openml_creditcard_42397
689.39,41.97,1174,Wallet,4,0,synthetic
602.8,80.19,1555,COD,3,0,synthetic
674.12,104.35,1909,COD,1,0,synthetic
125.45,2.01,187,Prepaid,20,0,real_openml_creditcard_42397
133.25,1.01,182,Prepaid,23,0,real_openml_creditcard_42397
554.19,109.49,1863,Prepaid,1,0,synthetic
102.62,45.43,687,COD,10,0,synthetic
128.48,1.7,186,Prepaid,18,0,real_openml_creditcard_42397
32.83,9.04,188,COD,7,0,real_openml_creditcard_42397
21.38,72.15,935,COD,7,0,synthetic
48.67,7.52,184,COD,8,0,real_openml_creditcard_42397
117.09,8.05,252,Wallet,11,0,real_openml_creditcard_42397
19.26,86.55,1106,COD,22,0,synthetic
130.5,1.71,188,Wallet,19,0,real_openml_creditcard_42397
721.04,68.25,1518,COD,1,0,synthetic
678.67,119.09,2090,Prepaid,20,0,synthetic
170.19,22.69,475,Wallet,10,0,synthetic
98.97,18.16,357,Prepaid,9,0,real_openml_creditcard_42397
172.15,7.34,293,Prepaid,13,0,real_openml_creditcard_42397
54.61,10.99,231,COD,11,0,real_openml_creditcard_42397
348.57,22.44,633,Wallet,18,0,real_openml_creditcard_42397
53.73,7.05,183,Prepaid,13,0,real_openml_creditcard_42397
541.14,47.38,1106,COD,22,0,synthetic
774.07,46.09,1300,COD,12,1,synthetic
332.31,56.49,1027,Prepaid,7,0,synthetic
245.39,12.67,423,COD,17,0,synthetic
473.88,57.63,1168,Prepaid,6,0,synthetic
624.14,62.95,1367,COD,1,0,synthetic
714.04,18.86,919,COD,23,0,synthetic
435.29,70.91,1293,Wallet,20,0,synthetic
475.52,103.69,1722,COD,19,0,synthetic
193.12,3.02,260,Wallet,23,0,real_openml_creditcard_42397
140.56,6.21,251,Wallet,4,0,real_openml_creditcard_42397
219.57,103.62,1491,COD,2,0,synthetic
558.11,71.99,1416,Prepaid,18,0,synthetic
4.05,10.7,182,Wallet,11,0,real_openml_creditcard_42397
412.95,94.97,1561,Wallet,16,0,synthetic
73.57,8.82,222,Prepaid,3,0,real_openml_creditcard_42397
530.01,105.54,1793,COD,20,0,synthetic
212.08,2.34,269,Prepaid,13,0,real_openml_creditcard_42397
693.61,115.69,2063,Wallet,21,1,synthetic
591.85,56.54,1261,COD,20,1,synthetic
87.71,5.42,194,COD,13,0,real_openml_creditcard_42397
85.56,7.75,220,Wallet,16,0,real_openml_creditcard_42397
53.57,42.98,614,Wallet,11,0,real_openml_creditcard_42397
678.22,105.19,1923,Prepaid,13,0,synthetic
656.81,35.41,1066,Wallet,17,0,real_openml_creditcard_42397
385.54,75.27,1300,Wallet,7,0,synthetic
752.23,56.7,1407,COD,15,0,synthetic
83.25,9.01,233,COD,16,0,real_openml_creditcard_42397
211.89,64.47,1014,COD,22,0,synthetic
3.1,23.63,336,Prepaid,6,0,synthetic
386.06,7.03,482,Prepaid,3,0,synthetic
324.39,54.12,991,Prepaid,5,1,synthetic
121.65,6.96,243,Wallet,14,0,real_openml_creditcard_42397
73.0,83.33,1116,Prepaid,8,0,synthetic
108.09,5.73,216,Wallet,18,0,real_openml_creditcard_42397
553.82,82.58,1539,Prepaid,17,0,synthetic
492.71,15.3,677,Prepaid,15,0,synthetic
119.88,4.34,210,Wallet,19,0,real_openml_creditcard_42397
716.75,82.53,1685,Prepaid,12,0,synthetic
778.85,102.7,1983,Wallet,8,0,synthetic
87.39,4.45,182,Wallet,20,0,real_openml_creditcard_42397
43.51,7.74,182,Wallet,22,0,real_openml_creditcard_42397
172.32,1.99,229,COD,13,0,real_openml_creditcard_42397
131.36,3.81,214,Wallet,18,0,real_openml_creditcard_42397
211.53,57.73,933,Prepaid,6,0,synthetic
96.12,6.46,214,Prepaid,13,0,real_openml_creditcard_42397
98.42,4.12,188,Prepaid,16,0,real_openml_creditcard_42397
84.14,5.77,195,Wallet,18,0,real_openml_creditcard_42397
504.2,93.69,1628,Wallet,7,0,synthetic
608.29,38.14,1055,Prepaid,14,0,synthetic
167.14,0.55,207,COD,14,0,real_openml_creditcard_42397
242.72,39.42,741,Wallet,17,0,synthetic
172.31,76.42,1122,Prepaid,1,0,synthetic
711.3,19.99,930,COD,21,0,real_openml_creditcard_42397
336.99,42.99,869,Wallet,23,0,synthetic
118.58,81.44,1134,Prepaid,9,0,synthetic
659.99,100.93,1855,COD,6,0,synthetic
436.97,76.69,1364,Prepaid,10,0,synthetic
457.83,10.91,593,Wallet,11,0,real_openml_creditcard_42397
276.2,22.65,570,Wallet,0,0,synthetic
48.66,28.93,441,Prepaid,17,0,real_openml_creditcard_42397
79.1,87.46,1171,Wallet,12,0,synthetic
335.86,24.23,643,COD,1,0,real_openml_creditcard_42397
58.4,7.54,193,Wallet,13,0,real_openml_creditcard_42397
126.31,2.11,189,COD,22,0,real_openml_creditcard_42397
334.84,89.5,1425,COD,4,1,synthetic
92.99,82.46,1123,COD,3,0,synthetic
186.56,0.92,229,COD,8,0,real_openml_creditcard_42397
389.84,59.14,1111,Wallet,10,0,synthetic
749.65,38.03,1181,Prepaid,7,0,real_openml_creditcard_42397
637.46,31.65,1004,COD,10,0,synthetic
232.92,101.53,1478,Wallet,3,0,synthetic
542.38,73.92,1425,Wallet,11,0,synthetic
453.67,22.14,724,Wallet,17,0,real_openml_creditcard_42397
66.22,6.2,184,Prepaid,10,0,real_openml_creditcard_42397
152.67,0.63,195,Wallet,13,0,real_openml_creditcard_42397
148.57,4.02,232,COD,9,0,real_openml_creditcard_42397
52.41,34.81,515,Prepaid,19,0,synthetic
520.15,116.63,1918,COD,16,1,synthetic
781.03,91.59,1852,COD,4,0,synthetic
456.41,26.44,778,COD,1,0,real_openml_creditcard_42397
549.23,4.22,595,Prepaid,16,0,real_openml_creditcard_42397
551.03,46.45,1103,Wallet,2,0,synthetic
649.87,2.66,667,Wallet,14,0,synthetic
592.38,40.2,1066,Wallet,16,0,synthetic
56.36,55.12,762,COD,13,0,synthetic
722.76,86.62,1740,Wallet,6,0,synthetic
79.91,108.98,1430,COD,9,0,synthetic
645.99,73.39,1512,Prepaid,23,0,synthetic
276.34,22.73,571,COD,2,0,synthetic
232.25,95.63,1407,Wallet,5,0,synthetic
214.91,105.41,1508,Prepaid,21,0,synthetic
662.34,23.71,931,Prepaid,8,0,synthetic
634.11,5.15,682,COD,4,0,synthetic
19.71,15.72,256,Wallet,2,0,synthetic
325.58,41.11,836,Wallet,6,0,synthetic
780.54,11.96,896,Prepaid,9,0,real_openml_creditcard_42397
132.06,1.85,191,COD,19,0,real_openml_creditcard_42397
433.33,59.98,1160,Wallet,10,0,synthetic
52.14,7.17,183,COD,7,0,real_openml_creditcard_42397
200.89,86.05,1263,Prepaid,7,0,synthetic
771.48,51.49,1362,Prepaid,14,0,synthetic
97.44,12.75,291,Wallet,6,0,synthetic
231.51,31.04,631,Wallet,0,0,synthetic
709.56,76.4,1605,Prepaid,21,0,synthetic
98.97,4.91,198,Wallet,23,0,real_openml_creditcard_42397
174.11,5.53,273,COD,19,0,real_openml_creditcard_42397
149.31,1.38,201,Wallet,6,0,real_openml_creditcard_42397
483.98,20.74,734,Prepaid,18,0,synthetic
98.42,70.8,988,Wallet,0,1,synthetic
40.03,4.95,145,Prepaid,18,0,synthetic
57.1,6.63,181,Wallet,16,0,real_openml_creditcard_42397
388.89,60.23,1123,Prepaid,2,0,synthetic
28.12,28.22,414,Prepaid,18,0,real_openml_creditcard_42397
43.8,7.72,182,Wallet,21,0,real_openml_creditcard_42397
142.3,0.91,189,Prepaid,22,0,real_openml_creditcard_42397
779.31,19.83,989,Prepaid,22,0,synthetic
711.55,91.57,1789,Wallet,10,0,synthetic
779.77,86.38,1788,Prepaid,18,0,synthetic
510.19,79.44,1462,Wallet,17,0,synthetic
484.54,49.5,1080,COD,3,0,synthetic
238.15,4.14,314,COD,13,0,real_openml_creditcard_42397
25.87,10.64,201,Wallet,19,0,real_openml_creditcard_42397
2.67,13.63,216,Prepaid,12,0,real_openml_creditcard_42397
66.44,7.68,202,Wallet,14,0,real_openml_creditcard_42397
455.98,93.1,1578,COD,3,0,synthetic
233.47,3.16,298,Wallet,11,0,real_openml_creditcard_42397
182.71,9.38,327,COD,20,0,real_openml_creditcard_42397
254.73,30.74,648,Wallet,13,0,synthetic
309.09,92.37,1437,Prepaid,12,0,synthetic
125.97,1.3,179,COD,13,0,synthetic
93.85,52.01,759,Prepaid,2,0,synthetic
5.22,10.94,186,Prepaid,8,0,real_openml_creditcard_42397
782.93,55.14,1416,Wallet,0,0,synthetic
488.8,34.11,899,COD,0,0,synthetic
100.96,3.59,184,Prepaid,16,0,real_openml_creditcard_42397
596.96,37.86,1042,Prepaid,21,0,synthetic
384.81,18.57,619,Prepaid,9,0,synthetic
257.42,2.91,317,Prepaid,21,0,synthetic
234.1,1.69,281,COD,10,0,real_openml_creditcard_42397
127.89,1.41,182,Prepaid,22,0,real_openml_creditcard_42397
98.34,3.62,182,COD,23,0,real_openml_creditcard_42397
89.03,83.19,1128,Prepaid,11,0,synthetic
133.81,9.37,283,COD,12,0,synthetic
292.8,116.15,1707,Prepaid,0,0,synthetic
449.41,3.74,499,Wallet,16,0,synthetic
32.33,53.02,715,Wallet,20,0,synthetic
544.87,98.23,1719,Wallet,11,0,synthetic
317.66,5.18,398,Wallet,21,0,real_openml_creditcard_42397
713.86,110.73,2021,Wallet,19,1,synthetic
491.34,48.64,1076,COD,14,0,synthetic
361.56,92.48,1485,Wallet,15,1,synthetic
673.29,63.91,1423,Wallet,22,0,synthetic
44.44,8.83,196,Wallet,21,0,real_openml_creditcard_42397
683.98,22.53,936,Prepaid,8,0,synthetic
440.01,105.03,1706,COD,6,0,synthetic
113.92,6.79,234,Wallet,19,0,real_openml_creditcard_42397
32.83,15.45,265,COD,13,0,real_openml_creditcard_42397
210.87,114.95,1619,Wallet,1,0,synthetic
680.15,101.5,1880,Prepaid,9,0,synthetic
37.97,54.24,735,Prepaid,11,0,synthetic
163.01,116.22,1591,Prepaid,0,0,synthetic
702.64,18.09,899,Prepaid,9,0,synthetic
338.51,29.77,712,COD,15,0,synthetic
33.16,20.22,323,COD,2,0,synthetic
553.07,32.36,936,COD,17,0,synthetic
52.68,7.55,188,Prepaid,20,0,real_openml_creditcard_42397
352.14,9.63,483,Prepaid,12,0,synthetic
219.94,32.75,641,Prepaid,11,0,synthetic
303.46,12.57,474,Prepaid,10,0,real_openml_creditcard_42397
147.07,37.55,633,Prepaid,20,0,real_openml_creditcard_42397
76.48,6.1,192,Prepaid,2,0,real_openml_creditcard_42397
105.55,37.58,596,Prepaid,12,0,real_openml_creditcard_42397
725.84,44.65,1239,Wallet,8,0,synthetic
162.42,3.9,243,COD,9,0,real_openml_creditcard_42397
237.69,2.42,293,Wallet,19,0,real_openml_creditcard_42397
10.66,104.33,1312,Wallet,19,0,synthetic
576.14,85.12,1590,COD,8,0,synthetic
362.17,108.72,1681,Wallet,23,0,synthetic
131.31,1.9,191,Prepaid,18,0,real_openml_creditcard_42397
645.51,9.81,749,Wallet,1,1,synthetic
299.25,25.76,628,Wallet,12,0,synthetic
559.0,94.65,1689,COD,1,0,synthetic
427.71,32.25,822,Wallet,4,0,synthetic
138.56,65.43,960,Wallet,19,0,synthetic
298.15,51.81,940,Prepaid,14,0,synthetic
32.31,12.16,225,COD,11,0,real_openml_creditcard_42397
27.91,64.7,851,Prepaid,18,0,synthetic
210.69,77.41,1169,Wallet,21,0,synthetic
119.85,1.93,181,Wallet,15,0,real_openml_creditcard_42397
27.51,9.41,188,Wallet,10,0,synthetic
451.21,12.87,611,COD,9,0,synthetic
420.22,59.13,1138,COD,7,0,synthetic
241.47,10.98,399,Wallet,6,0,synthetic
19.0,0.89,78,COD,2,0,synthetic
10.87,66.87,862,Prepaid,21,0,synthetic
89.82,4.26,182,COD,22,0,real_openml_creditcard_42397
326.69,10.36,468,COD,2,0,synthetic
632.55,61.74,1360,COD,3,0,synthetic
164.21,2.77,231,COD,9,0,real_openml_creditcard_42397
670.54,7.73,746,COD,11,0,synthetic
776.7,36.12,1183,Wallet,15,0,synthetic
587.57,73.82,1465,COD,2,0,synthetic
124.24,7.6,253,Wallet,21,0,real_openml_creditcard_42397
111.95,6.35,227,Wallet,20,0,real_openml_creditcard_42397
437.25,41.05,936,Wallet,7,0,synthetic
755.17,4.2,780,COD,23,0,real_openml_creditcard_42397
68.6,104.27,1363,COD,1,0,synthetic
663.75,19.92,886,Prepaid,4,0,synthetic
221.94,2.35,278,Prepaid,18,0,real_openml_creditcard_42397
7.4,22.94,332,Prepaid,10,0,real_openml_creditcard_42397
16.94,9.73,182,COD,0,0,real_openml_creditcard_42397
726.24,29.8,1061,Prepaid,16,0,synthetic
97.4,4.28,189,Wallet,5,0,real_openml_creditcard_42397
229.8,10.43,382,Prepaid,17,0,real_openml_creditcard_42397
149.04,82.5,1174,COD,9,0,synthetic
432.93,20.59,687,COD,19,0,synthetic
741.93,14.65,894,Prepaid,9,0,synthetic
222.37,1.24,265,COD,4,0,real_openml_creditcard_42397
593.42,35.9,1015,COD,16,0,synthetic
38.29,9.05,193,Prepaid,12,0,real_openml_creditcard_42397
256.2,41.08,774,Wallet,5,0,synthetic
74.13,21.52,375,Prepaid,16,0,real_openml_creditcard_42397
716.15,46.55,1253,COD,23,0,synthetic
122.3,8.41,261,Wallet,18,0,real_openml_creditcard_42397
750.05,20.6,972,Prepaid,14,0,synthetic
402.79,31.91,795,COD,6,0,synthetic
130.08,70.54,1014,COD,5,0,synthetic
424.98,105.72,1701,Wallet,1,0,synthetic
88.0,4.57,184,Wallet,18,0,real_openml_creditcard_42397
65.84,2.39,138,Prepaid,13,0,synthetic
115.4,23.59,437,Wallet,12,0,synthetic
772.68,33.35,1146,Prepaid,21,0,synthetic
146.05,0.71,190,COD,8,0,real_openml_creditcard_42397
71.66,9.71,231,COD,10,0,real_openml_creditcard_42397
38.58,66.18,879,COD,6,0,synthetic
237.81,36.56,703,COD,10,0,synthetic
530.38,19.52,762,Prepaid,6,0,synthetic
692.91,47.13,1239,Wallet,23,0,synthetic
25.64,32.58,464,Prepaid,2,0,real_openml_creditcard_42397
164.83,1.97,222,Wallet,12,0,real_openml_creditcard_42397
391.07,30.75,771,Wallet,19,0,synthetic
406.13,106.91,1698,Wallet,7,0,synthetic
436.26,101.72,1663,COD,7,0,synthetic
618.49,23.11,884,Wallet,14,0,synthetic
119.79,3.35,198,Prepaid,21,0,real_openml_creditcard_42397
43.66,34.14,499,COD,11,0,real_openml_creditcard_42397
324.03,28.11,679,Prepaid,16,0,real_openml_creditcard_42397
724.71,91.78,1804,Wallet,14,0,synthetic
93.73,14.22,305,Prepaid,14,0,real_openml_creditcard_42397
92.52,80.67,1101,Wallet,11,0,synthetic
4.47,12.66,206,COD,11,0,real_openml_creditcard_42397
468.87,5.67,540,COD,20,0,synthetic
132.44,0.98,181,Prepaid,14,0,real_openml_creditcard_42397
111.32,3.82,196,Wallet,18,0,real_openml_creditcard_42397
324.38,5.17,404,Wallet,14,0,real_openml_creditcard_42397
709.39,43.68,1213,Wallet,21,0,synthetic
113.87,33.5,554,Prepaid,7,0,synthetic
620.59,61.13,1342,Prepaid,11,0,synthetic
120.95,99.77,1356,COD,22,0,synthetic
471.51,84.14,1484,Prepaid,11,0,synthetic
113.81,16.11,346,Wallet,7,0,synthetic
77.98,44.2,651,Wallet,8,0,synthetic
132.37,1.57,188,Wallet,20,0,real_openml_creditcard_42397
76.73,17.91,334,Prepaid,17,0,real_openml_creditcard_42397
98.42,6.45,216,COD,19,0,real_openml_creditcard_42397
52.08,9.43,210,Wallet,21,0,real_openml_creditcard_42397
22.28,23.03,346,COD,16,0,synthetic
461.75,74.68,1362,Prepaid,12,0,synthetic
239.45,46.2,820,Prepaid,1,0,synthetic
797.14,56.63,1447,Prepaid,10,0,real_openml_creditcard_42397
133.47,2.57,201,COD,12,0,real_openml_creditcard_42397
608.55,5.53,664,COD,3,0,synthetic
41.73,8.87,194,Prepaid,20,0,real_openml_creditcard_42397
557.4,16.14,745,COD,1,0,synthetic
666.03,38.29,1109,Wallet,1,0,synthetic
697.58,49.88,1276,Prepaid,23,0,synthetic
111.98,2.69,183,Wallet,13,0,real_openml_creditcard_42397
12.7,70.3,905,Wallet,20,0,real_openml_creditcard_42397
114.45,3.83,199,COD,19,0,real_openml_creditcard_42397
123.93,1.96,185,COD,14,0,real_openml_creditcard_42397
468.64,74.79,1369,Wallet,10,0,synthetic
364.34,27.9,713,Wallet,15,0,synthetic
501.11,1.75,522,Wallet,9,0,real_openml_creditcard_42397
80.62,8.2,221,Prepaid,0,0,real_openml_creditcard_42397
305.03,117.08,1729,Prepaid,6,0,synthetic
744.22,67.64,1532,Prepaid,10,0,synthetic
661.11,116.74,2046,COD,2,1,synthetic
175.98,38.1,666,Wallet,11,0,synthetic
188.9,61.58,959,COD,22,0,synthetic
69.54,11.37,249,Wallet,6,0,real_openml_creditcard_42397
134.26,2.35,199,Wallet,23,0,real_openml_creditcard_42397
159.58,60.3,917,Wallet,9,0,synthetic
757.69,89.91,1811,Wallet,20,0,synthetic
782.44,64.53,1529,Wallet,18,0,synthetic
44.55,51.57,709,COD,19,0,synthetic
529.51,20.3,770,Prepaid,9,0,synthetic
120.58,93.8,1284,COD,12,0,synthetic
27.67,36.62,514,Prepaid,4,0,synthetic
228.18,108.1,1553,COD,1,0,synthetic
119.49,2.21,184,Wallet,4,0,real_openml_creditcard_42397
334.66,30.41,716,Wallet,1,0,synthetic
361.61,56.53,1054,COD,10,0,synthetic
217.16,44.02,774,COD,12,0,synthetic
105.2,5.53,211,Wallet,20,0,real_openml_creditcard_42397
217.19,6.46,323,COD,18,0,real_openml_creditcard_42397
599.79,103.51,1832,Wallet,23,0,synthetic
125.33,1.6,182,Wallet,22,0,real_openml_creditcard_42397
58.58,10.69,231,COD,12,0,real_openml_creditcard_42397
22.23,73.22,949,Prepaid,16,0,synthetic
148.21,0.8,193,Prepaid,17,0,real_openml_creditcard_42397
125.19,4.94,222,Wallet,8,0,real_openml_creditcard_42397
13.44,16.99,266,Prepaid,14,0,real_openml_creditcard_42397
139.18,0.98,187,COD,9,0,real_openml_creditcard_42397
14.31,12.01,207,Wallet,20,0,real_openml_creditcard_42397
200.25,73.09,1107,Prepaid,10,0,synthetic
347.47,54.02,1011,Wallet,16,0,synthetic
289.47,30.62,678,Prepaid,5,0,synthetic
20.68,12.03,213,Prepaid,8,0,real_openml_creditcard_42397
33.74,15.39,265,COD,9,0,real_openml_creditcard_42397
308.2,63.38,1088,Prepaid,13,0,synthetic
474.78,62.7,1230,COD,1,0,synthetic
13.18,10.76,191,Prepaid,10,0,real_openml_creditcard_42397
97.59,3.85,184,Wallet,18,0,real_openml_creditcard_42397
81.66,5.74,192,Wallet,16,0,synthetic
566.37,32.99,956,COD,6,0,synthetic
194.18,2.27,252,Wallet,19,0,real_openml_creditcard_42397
103.35,5.33,207,Prepaid,12,0,real_openml_creditcard_42397
109.86,5.18,211,Wallet,19,0,real_openml_creditcard_42397
49.36,14.12,264,COD,6,0,synthetic
755.79,46.07,1283,Prepaid,10,0,real_openml_creditcard_42397
547.25,77.63,1474,Wallet,16,0,synthetic
409.43,103.55,1661,Prepaid,12,0,synthetic
95.65,5.49,202,Prepaid,22,0,real_openml_creditcard_42397
149.14,2.06,209,Prepaid,22,0,real_openml_creditcard_42397
777.62,30.05,1110,COD,7,0,synthetic
261.91,49.36,878,Prepaid,12,0,synthetic
20.34,28.09,405,COD,17,0,synthetic
7.15,10.46,182,Prepaid,13,0,real_openml_creditcard_42397
402.75,32.0,796,Prepaid,9,0,synthetic
250.26,9.98,395,Wallet,5,0,real_openml_creditcard_42397
132.34,1.07,182,COD,7,0,real_openml_creditcard_42397
267.06,53.73,935,Wallet,6,0,synthetic
746.45,27.53,1052,Prepaid,8,0,synthetic
12.54,14.73,238,Prepaid,13,0,real_openml_creditcard_42397
260.61,32.12,670,COD,15,0,real_openml_creditcard_42397
275.61,85.95,1329,Wallet,19,0,synthetic
784.57,24.6,1051,Wallet,9,0,synthetic
95.05,9.95,255,Wallet,13,0,real_openml_creditcard_42397
28.56,21.52,334,Wallet,11,0,real_openml_creditcard_42397
127.17,46.16,718,Prepaid,6,0,synthetic
109.61,2.95,184,Prepaid,17,0,real_openml_creditcard_42397
23.33,15.0,251,COD,0,0,real_openml_creditcard_42397
359.53,47.45,943,Wallet,4,0,synthetic
404.28,107.8,1707,Prepaid,20,0,synthetic
514.59,1.48,531,Prepaid,17,0,synthetic
720.98,52.06,1324,COD,3,0,synthetic
736.92,60.68,1441,Prepaid,17,0,synthetic
89.55,8.03,227,Prepaid,12,0,real_openml_creditcard_42397
3150.03,93.08,4002,Prepaid,18,0,real_openml_creditcard_42397
2613.59,68.31,3222,Prepaid,13,0,real_openml_creditcard_42397
484.06,6.11,559,COD,8,0,real_openml_creditcard_42397
91.52,31.85,515,Wallet,7,0,synthetic
780.62,108.09,2050,COD,15,0,synthetic
244.84,86.97,1314,Prepaid,13,0,synthetic
138.33,0.54,181,Prepaid,15,0,real_openml_creditcard_42397
750.04,8.72,830,Wallet,16,0,synthetic
213.08,0.85,252,Prepaid,11,0,real_openml_creditcard_42397
128.78,46.03,718,Wallet,10,0,synthetic
352.86,1.07,380,Wallet,5,0,synthetic
83.27,103.92,1372,COD,23,0,real_openml_creditcard_42397
647.82,111.68,1973,Prepaid,0,0,synthetic
570.27,75.42,1468,COD,17,0,synthetic
940.82,99.52,2091,Wallet,3,0,real_openml_creditcard_42397
345.48,5.71,430,Prepaid,23,0,synthetic
257.66,65.09,1063,Wallet,16,0,synthetic
31.2,9.16,188,Prepaid,18,0,real_openml_creditcard_42397
335.29,72.58,1223,Wallet,17,0,synthetic
559.64,22.4,823,Prepaid,7,0,synthetic
100.06,105.15,1402,Wallet,9,0,synthetic
184.94,1.55,235,Prepaid,7,0,real_openml_creditcard_42397
61.74,69.76,943,Wallet,17,0,synthetic
231.1,3.25,297,Wallet,22,0,synthetic
593.08,63.21,1342,Wallet,12,1,synthetic
72.84,5.54,182,Wallet,14,0,real_openml_creditcard_42397
157.14,115.15,1573,Wallet,16,0,synthetic
358.93,34.75,790,Wallet,5,0,synthetic
675.03,116.9,2060,Prepaid,22,0,synthetic
70.55,6.88,196,Wallet,0,0,real_openml_creditcard_42397
338.11,116.27,1750,Wallet,14,0,synthetic
265.49,75.26,1192,COD,15,0,synthetic
93.0,6.19,208,Wallet,21,0,real_openml_creditcard_42397
376.32,102.42,1618,Wallet,11,0,synthetic
261.75,3.87,332,COD,4,0,synthetic
190.63,71.72,1082,COD,9,0,synthetic
8.37,25.96,369,COD,15,0,real_openml_creditcard_42397
566.2,88.88,1626,Wallet,10,0,synthetic
734.46,50.81,1321,COD,1,0,synthetic
160.64,12.75,348,COD,0,0,synthetic
75.6,5.33,182,COD,4,0,real_openml_creditcard_42397
75.39,101.41,1335,COD,12,0,synthetic
589.08,83.13,1578,Prepaid,12,0,synthetic
136.1,0.79,182,Wallet,15,0,real_openml_creditcard_42397
11.32,10.07,181,COD,19,0,real_openml_creditcard_42397
505.81,66.88,1308,Wallet,12,0,synthetic
703.48,106.59,1962,Prepaid,18,0,synthetic
132.43,1.82,191,COD,7,0,real_openml_creditcard_42397
251.21,92.66,1388,Wallet,0,0,synthetic
716.0,35.7,1123,Prepaid,12,0,synthetic
125.59,3.41,204,COD,0,0,real_openml_creditcard_42397
886.43,20.93,1099,Prepaid,15,0,real_openml_creditcard_42397
709.12,59.04,1397,Prepaid,16,0,synthetic
441.77,24.57,742,COD,11,1,synthetic
508.49,92.69,1620,Wallet,13,0,synthetic
465.21,49.39,1061,Prepaid,0,0,synthetic
48.8,13.26,253,COD,12,0,real_openml_creditcard_42397
276.8,107.87,1594,Prepaid,21,0,synthetic
11.9,17.52,271,Prepaid,17,0,real_openml_creditcard_42397
14.69,10.06,184,Prepaid,14,0,real_openml_creditcard_42397
1.02,98.16,1229,Prepaid,23,0,synthetic
439.28,30.41,810,Wallet,9,0,synthetic
85.06,8.2,225,Wallet,23,0,real_openml_creditcard_42397
52.18,7.25,184,Wallet,13,0,real_openml_creditcard_42397
202.12,64.2,1002,Wallet,1,0,synthetic
357.59,7.43,461,COD,11,0,real_openml_creditcard_42397
98.65,5.02,199,COD,17,0,real_openml_creditcard_42397
131.42,64.48,942,Wallet,9,0,real_openml_creditcard_42397
138.6,9.42,288,Wallet,7,0,synthetic
1609.03,35.32,1922,Prepaid,9,0,real_openml_creditcard_42397
11.02,109.22,1371,Prepaid,23,0,synthetic
256.14,0.63,288,Wallet,16,0,synthetic
752.12,87.83,1781,Prepaid,9,0,synthetic
642.57,26.06,941,Wallet,1,0,synthetic
365.17,54.64,1034,COD,7,0,synthetic
441.69,55.38,1112,Prepaid,13,0,synthetic
779.24,106.68,2031,COD,21,0,synthetic
250.15,119.57,1710,COD,14,0,synthetic
28.05,9.06,184,Prepaid,21,0,real_openml_creditcard_42397
248.79,86.13,1307,Wallet,10,0,synthetic
239.37,26.93,589,Wallet,15,0,synthetic
128.87,4.58,221,Wallet,10,0,real_openml_creditcard_42397
561.42,30.46,921,Prepaid,19,0,synthetic
51.85,7.11,182,Prepaid,18,0,real_openml_creditcard_42397
86.0,28.97,475,COD,12,0,synthetic
1226.92,68.98,1982,Wallet,23,0,real_openml_creditcard_42397
69.91,6.26,188,COD,17,0,real_openml_creditcard_42397
701.59,86.9,1724,Wallet,20,0,synthetic
147.52,3.52,225,Prepaid,16,0,real_openml_creditcard_42397
76.81,5.32,183,Prepaid,19,0,real_openml_creditcard_42397
331.25,1.07,361,Wallet,7,0,real_openml_creditcard_42397
216.01,85.29,1268,Prepaid,8,0,synthetic
28.37,12.54,226,Wallet,14,0,real_openml_creditcard_42397
154.2,48.4,770,Wallet,2,0,synthetic
190.59,44.35,754,COD,21,0,synthetic
110.18,4.32,201,Prepaid,22,0,real_openml_creditcard_42397
71.6,13.3,274,Wallet,11,0,synthetic
725.69,94.68,1839,COD,6,0,synthetic
698.95,5.99,751,COD,12,0,synthetic
698.6,43.04,1195,Wallet,22,1,synthetic
442.41,66.23,1243,COD,3,0,synthetic
271.3,2.49,324,COD,9,0,real_openml_creditcard_42397
80.73,6.28,198,Wallet,15,0,real_openml_creditcard_42397
581.85,96.09,1727,Prepaid,8,0,synthetic
489.15,100.85,1700,COD,5,0,synthetic
210.37,9.39,352,Prepaid,13,0,real_openml_creditcard_42397
15.94,10.55,191,COD,17,0,real_openml_creditcard_42397
123.0,38.08,618,COD,8,0,synthetic
119.7,2.19,184,COD,20,0,real_openml_creditcard_42397
74.29,72.71,989,Prepaid,11,0,synthetic
428.97,63.42,1197,COD,21,0,synthetic
382.94,55.14,1056,Wallet,8,0,synthetic
101.63,3.88,188,Wallet,18,0,real_openml_creditcard_42397
215.86,95.06,1385,COD,12,0,real_openml_creditcard_42397
130.25,2.48,197,Wallet,5,0,real_openml_creditcard_42397
157.36,10.53,318,Prepaid,19,0,real_openml_creditcard_42397
101.88,17.52,352,COD,20,0,synthetic
96.65,9.5,251,Prepaid,4,0,real_openml_creditcard_42397
28.78,10.92,207,Prepaid,19,0,real_openml_creditcard_42397
135.44,67.61,983,Prepaid,22,0,synthetic
135.66,2.16,198,COD,18,0,real_openml_creditcard_42397
695.24,13.74,841,COD,22,0,synthetic
462.41,13.3,626,Wallet,9,0,synthetic
625.21,92.82,1727,Wallet,3,0,synthetic
82.44,9.57,239,Wallet,18,0,real_openml_creditcard_42397
68.85,13.24,271,Wallet,18,0,synthetic
176.37,2.11,234,COD,16,0,real_openml_creditcard_42397
206.8,0.74,245,Prepaid,22,0,real_openml_creditcard_42397
184.62,103.31,1456,Wallet,15,0,synthetic
49.38,8.63,198,Prepaid,15,0,real_openml_creditcard_42397
102.04,64.18,912,COD,22,0,real_openml_creditcard_42397
18.86,12.92,222,Wallet,7,0,real_openml_creditcard_42397
676.22,1.1,672,Prepaid,5,0,synthetic
470.21,61.03,1206,Wallet,14,0,synthetic
32.04,19.01,307,Wallet,3,0,real_openml_creditcard_42397
65.83,7.65,201,COD,6,0,real_openml_creditcard_42397
47.43,11.86,235,COD,11,0,real_openml_creditcard_42397
208.6,17.53,448,Wallet,13,0,synthetic
18.67,13.43,228,Prepaid,2,0,real_openml_creditcard_42397
484.8,70.59,1333,Prepaid,16,0,synthetic
512.28,83.06,1508,COD,22,0,synthetic
782.19,39.67,1230,Prepaid,1,0,synthetic
83.32,6.58,204,Prepaid,14,0,real_openml_creditcard_42397
575.29,89.09,1637,COD,7,0,synthetic
500.12,118.16,1918,COD,2,1,synthetic
26.93,9.15,184,COD,12,0,real_openml_creditcard_42397
150.5,54.7,842,COD,1,1,synthetic
777.47,80.68,1718,COD,15,0,synthetic
774.03,55.74,1415,Wallet,17,0,synthetic
334.01,52.0,975,Prepaid,22,0,synthetic
197.55,3.42,269,Prepaid,14,0,synthetic
277.78,56.39,977,Prepaid,8,0,synthetic
532.96,76.25,1445,Prepaid,3,0,synthetic
423.36,76.76,1352,Wallet,23,0,synthetic
126.49,12.97,320,Prepaid,21,0,synthetic
89.28,9.55,245,Prepaid,8,0,real_openml_creditcard_42397
178.46,106.23,1485,Wallet,21,0,synthetic
17.61,23.89,353,Wallet,14,0,synthetic
269.45,9.62,408,Wallet,10,0,real_openml_creditcard_42397
85.55,73.92,1014,Wallet,0,0,synthetic
400.81,17.04,615,Prepaid,22,0,synthetic
540.59,51.36,1153,Wallet,21,0,synthetic
13.41,14.16,232,Wallet,18,0,synthetic
17.33,9.7,182,COD,7,0,real_openml_creditcard_42397
755.33,12.83,884,Prepaid,2,0,synthetic
299.7,45.8,869,Wallet,22,0,synthetic
419.11,10.3,551,COD,16,1,synthetic
577.08,97.92,1744,Prepaid,0,0,synthetic
123.9,39.46,635,COD,20,0,real_openml_creditcard_42397
176.07,1.63,228,COD,19,0,real_openml_creditcard_42397
58.26,10.71,231,Prepaid,14,0,real_openml_creditcard_42397
52.5,30.84,467,COD,9,0,synthetic
88.05,4.31,181,COD,17,0,real_openml_creditcard_42397
26.73,14.35,246,Wallet,14,0,synthetic
202.0,0.85,242,Wallet,16,0,real_openml_creditcard_42397
147.9,112.72,1536,Prepaid,12,0,synthetic
396.39,91.75,1508,COD,23,0,synthetic
138.59,0.77,184,Wallet,8,0,real_openml_creditcard_42397
1545.12,35.2,1863,Wallet,16,0,real_openml_creditcard_42397
399.98,24.99,710,Wallet,5,0,synthetic
676.05,21.03,911,COD,9,0,synthetic
289.66,50.17,913,Wallet,13,0,synthetic
426.58,92.24,1541,Prepaid,12,0,synthetic
626.98,35.43,1039,COD,17,0,synthetic
670.11,44.22,1184,Wallet,6,0,synthetic
378.71,87.6,1442,Prepaid,0,0,synthetic
654.64,97.2,1806,Prepaid,16,0,synthetic
262.89,102.21,1513,Prepaid,19,0,synthetic
693.23,105.14,1936,Wallet,0,0,synthetic
182.66,103.77,1460,COD,0,0,synthetic
77.54,5.35,184,COD,17,0,real_openml_creditcard_42397
193.17,110.84,1554,Wallet,1,0,synthetic
502.82,119.25,1934,COD,7,0,synthetic
384.71,1.15,410,Wallet,16,0,real_openml_creditcard_42397
42.55,8.14,186,Prepaid,22,0,real_openml_creditcard_42397
512.29,53.49,1153,Wallet,18,0,synthetic
182.78,3.62,258,COD,7,0,real_openml_creditcard_42397
195.0,19.09,455,Prepaid,1,0,synthetic
530.21,11.56,666,COD,3,0,synthetic
84.2,11.02,258,COD,12,0,real_openml_creditcard_42397
156.04,30.49,556,Prepaid,3,0,synthetic
66.86,59.84,828,Wallet,19,0,synthetic
103.67,49.31,735,COD,23,0,real_openml_creditcard_42397
333.01,115.31,1733,Wallet,12,0,synthetic
400.63,113.13,1768,Wallet,4,0,synthetic
147.18,5.79,252,Wallet,20,0,real_openml_creditcard_42397
407.49,8.94,524,Wallet,6,0,real_openml_creditcard_42397
329.52,25.7,655,COD,8,0,real_openml_creditcard_42397
775.88,118.16,2166,COD,3,0,synthetic
368.85,105.63,1650,COD,5,0,synthetic
43.87,18.13,307,Wallet,21,0,real_openml_creditcard_42397
165.03,1.04,211,COD,17,0,real_openml_creditcard_42397
194.23,60.11,946,COD,8,0,synthetic
579.19,29.86,930,COD,9,0,synthetic
740.51,25.81,1026,Prepaid,16,0,synthetic
69.06,5.82,182,COD,12,0,real_openml_creditcard_42397
158.62,61.64,932,Wallet,10,0,synthetic
418.54,67.87,1241,Prepaid,0,0,synthetic
411.58,44.39,953,Wallet,9,0,synthetic
773.41,75.08,1647,Prepaid,20,0,real_openml_creditcard_42397
11.98,10.52,187,Wallet,20,0,real_openml_creditcard_42397
733.32,72.22,1577,Wallet,18,0,synthetic
668.55,76.77,1573,COD,2,0,synthetic
76.48,9.04,227,Wallet,14,0,synthetic
637.66,28.3,963,Prepaid,8,0,synthetic
519.55,2.21,544,COD,6,0,synthetic
669.48,17.93,868,COD,0,0,synthetic
602.61,68.36,1413,Prepaid,15,0,synthetic
45.36,7.68,183,COD,21,0,real_openml_creditcard_42397
115.98,105.55,1421,COD,21,0,synthetic
91.14,25.0,432,Prepaid,8,0,real_openml_creditcard_42397
98.67,4.93,198,COD,20,0,real_openml_creditcard_42397
219.12,53.81,893,Wallet,7,0,synthetic
388.14,79.78,1357,Wallet,12,0,synthetic
118.97,1.99,181,COD,7,0,real_openml_creditcard_42397
649.93,6.38,712,Prepaid,23,1,synthetic
22.35,11.16,204,Prepaid,1,0,real_openml_creditcard_42397
373.97,10.77,516,Prepaid,9,0,synthetic
282.64,20.3,548,COD,21,0,real_openml_creditcard_42397
191.15,93.6,1345,COD,15,0,synthetic
113.6,28.63,496,COD,19,0,synthetic
112.71,120.71,1600,Prepaid,18,0,real_openml_creditcard_42397
485.7,22.91,762,Wallet,17,0,real_openml_creditcard_42397
686.72,102.33,1896,COD,14,0,synthetic
570.74,106.66,1844,Prepaid,22,0,synthetic
292.17,105.64,1581,Wallet,8,0,synthetic
140.49,2.46,206,COD,21,0,real_openml_creditcard_42397
176.28,110.72,1537,Wallet,16,0,synthetic
167.03,1.47,218,Wallet,9,0,real_openml_creditcard_42397
48.14,9.89,212,Prepaid,10,0,real_openml_creditcard_42397
371.05,21.04,636,COD,22,0,synthetic
728.81,92.4,1815,COD,15,0,synthetic
142.48,86.16,1212,COD,10,0,synthetic
448.41,1.04,466,Wallet,11,0,real_openml_creditcard_42397
52.13,38.68,561,Wallet,9,0,synthetic
167.75,36.93,644,Wallet,7,0,synthetic
176.61,18.84,435,Wallet,5,0,real_openml_creditcard_42397
189.33,52.11,846,Prepaid,6,0,synthetic
36.64,8.5,185,Prepaid,17,0,real_openml_creditcard_42397
522.94,107.88,1815,Prepaid,8,0,synthetic
425.94,113.23,1792,COD,7,0,synthetic
754.47,34.31,1141,Wallet,0,0,synthetic
93.41,5.33,198,COD,17,0,real_openml_creditcard_42397
144.55,0.74,189,Wallet,21,0,real_openml_creditcard_42397
572.88,24.31,857,Wallet,16,0,synthetic
2.54,18.31,272,Prepaid,21,0,real_openml_creditcard_42397
476.23,0.95,490,Prepaid,18,0,real_openml_creditcard_42397
88.25,0.98,141,COD,5,0,synthetic
580.42,20.22,815,Prepaid,20,0,real_openml_creditcard_42397
96.19,20.79,386,COD,14,0,real_openml_creditcard_42397
689.6,67.81,1484,COD,19,1,synthetic
162.19,124.84,1694,Wallet,17,0,real_openml_creditcard_42397
636.62,11.83,765,Wallet,3,0,synthetic
96.03,118.08,1553,Prepaid,9,0,synthetic
211.91,100.25,1444,COD,12,0,synthetic
125.6,1.5,181,COD,6,0,real_openml_creditcard_42397
113.68,116.7,1553,Wallet,4,0,synthetic
28.65,13.02,232,Prepaid,18,0,real_openml_creditcard_42397
531.1,13.87,694,Wallet,17,0,synthetic
363.46,109.36,1689,Prepaid,22,0,synthetic
107.19,24.21,437,Wallet,22,0,real_openml_creditcard_42397
214.77,13.89,410,Prepaid,12,0,real_openml_creditcard_42397
203.52,95.68,1381,COD,6,0,synthetic
125.53,4.17,213,COD,18,0,real_openml_creditcard_42397
525.08,20.0,763,COD,20,0,synthetic
147.45,2.02,207,COD,20,0,real_openml_creditcard_42397
58.45,24.37,395,Prepaid,22,0,real_openml_creditcard_42397
178.34,54.42,864,Prepaid,13,0,synthetic
211.9,119.86,1679,Wallet,13,0,synthetic
664.66,60.19,1370,Wallet,22,0,synthetic
374.29,77.04,1311,Prepaid,4,0,synthetic
309.93,1.59,348,Wallet,12,0,real_openml_creditcard_42397
127.77,2.75,198,Prepaid,13,0,real_openml_creditcard_42397
315.45,2.01,358,Prepaid,4,0,synthetic
662.5,109.72,1963,Wallet,4,0,synthetic
700.64,64.23,1451,Wallet,23,0,synthetic
535.08,88.83,1598,Prepaid,8,0,synthetic
480.09,32.46,872,Wallet,3,0,synthetic
522.17,15.44,705,Prepaid,11,0,synthetic
535.77,2.73,565,Wallet,10,0,real_openml_creditcard_42397
561.89,5.16,618,Wallet,22,0,synthetic
134.88,6.75,252,COD,8,0,synthetic
31.92,8.61,182,Prepaid,22,0,real_openml_creditcard_42397
173.53,21.65,466,Wallet,12,0,real_openml_creditcard_42397
722.84,46.8,1262,Prepaid,19,0,synthetic
60.16,28.07,441,Prepaid,11,0,real_openml_creditcard_42397
80.39,4.97,182,Prepaid,18,0,real_openml_creditcard_42397
84.0,96.97,1289,Prepaid,6,0,synthetic
692.28,38.5,1135,Prepaid,12,0,synthetic
649.16,25.82,944,Wallet,7,0,synthetic
132.27,3.91,216,Wallet,14,0,real_openml_creditcard_42397
198.14,77.2,1155,Wallet,0,0,synthetic
300.79,88.95,1388,COD,4,0,synthetic
1.09,18.0,267,Prepaid,17,0,real_openml_creditcard_42397
6.57,10.67,184,Wallet,14,0,real_openml_creditcard_42397
715.48,59.3,1406,Prepaid,21,0,synthetic
441.64,47.53,1018,COD,7,0,synthetic
127.02,1.39,181,COD,18,0,real_openml_creditcard_42397
465.32,7.93,564,COD,18,0,synthetic
117.03,5.72,224,Wallet,20,0,real_openml_creditcard_42397
106.76,2.83,180,COD,2,0,real_openml_creditcard_42397
622.24,23.23,889,COD,5,0,synthetic
471.54,68.11,1292,Prepaid,18,0,synthetic
442.08,29.03,796,Wallet,7,0,synthetic
211.7,28.59,584,Prepaid,8,0,synthetic
341.91,3.27,397,Wallet,19,0,real_openml_creditcard_42397
62.63,7.72,199,Wallet,11,0,real_openml_creditcard_42397
49.07,93.77,1219,COD,1,0,synthetic
259.49,84.02,1292,Wallet,17,0,synthetic
22.35,9.57,185,Wallet,23,0,real_openml_creditcard_42397
778.58,5.36,815,Prepaid,15,0,real_openml_creditcard_42397
585.68,52.51,1207,COD,17,0,synthetic
150.89,1.52,204,Prepaid,9,0,real_openml_creditcard_42397
348.59,77.64,1295,COD,19,0,synthetic
26.73,14.91,253,COD,21,0,real_openml_creditcard_42397
795.26,70.92,1617,COD,6,0,synthetic
357.45,71.34,1228,Prepaid,1,0,synthetic
247.78,2.22,300,COD,1,0,synthetic
588.86,43.12,1097,Prepaid,4,0,synthetic
71.63,26.97,438,COD,21,0,synthetic
592.32,56.88,1266,Wallet,17,0,synthetic
33.74,29.77,438,Prepaid,19,0,synthetic
395.14,102.06,1630,Prepaid,8,0,synthetic
86.25,65.83,918,COD,8,0,synthetic
192.53,16.06,416,COD,13,0,synthetic
336.86,2.49,383,Prepaid,15,0,real_openml_creditcard_42397
725.36,1.4,720,Wallet,2,0,synthetic
80.26,8.98,230,Wallet,16,0,real_openml_creditcard_42397
157.9,1.32,208,Wallet,9,0,real_openml_creditcard_42397
137.15,12.71,326,COD,0,0,real_openml_creditcard_42397
27.78,9.67,191,Wallet,15,0,real_openml_creditcard_42397
136.76,0.74,182,Prepaid,22,0,real_openml_creditcard_42397
100.73,9.36,253,COD,17,0,real_openml_creditcard_42397
59.12,9.48,217,COD,15,0,real_openml_creditcard_42397
758.41,119.09,2162,Wallet,2,1,synthetic
135.28,2.35,200,Prepaid,6,0,real_openml_creditcard_42397
1537.38,9.78,1551,Prepaid,11,0,real_openml_creditcard_42397
18.55,11.28,202,COD,18,0,real_openml_creditcard_42397
574.68,1.52,585,Prepaid,5,0,synthetic
117.68,3.51,198,Wallet,10,0,real_openml_creditcard_42397
202.29,4.49,286,Wallet,2,0,real_openml_creditcard_42397
321.81,32.17,726,Wallet,23,0,synthetic
529.72,54.49,1181,Wallet,23,0,synthetic
49.32,7.3,182,COD,11,0,real_openml_creditcard_42397
389.69,36.73,841,COD,15,0,synthetic
242.73,35.66,696,COD,10,0,synthetic
758.27,74.48,1626,COD,22,0,synthetic
724.75,84.94,1722,COD,9,0,synthetic
533.21,73.42,1411,Prepaid,23,0,synthetic
443.54,52.21,1076,Prepaid,14,0,synthetic
62.27,44.49,640,Wallet,16,1,synthetic
418.88,1.58,446,COD,19,0,synthetic
68.77,15.59,299,Wallet,18,0,real_openml_creditcard_42397
129.05,2.65,198,COD,18,0,real_openml_creditcard_42397
329.57,96.7,1507,COD,17,0,synthetic
84.59,108.52,1428,Wallet,16,0,synthetic
50.99,13.58,259,COD,23,0,synthetic
146.67,1.42,199,Prepaid,13,0,real_openml_creditcard_42397
23.27,18.75,296,Wallet,18,0,real_openml_creditcard_42397
185.71,17.32,425,COD,17,0,real_openml_creditcard_42397
216.81,8.16,343,Wallet,21,0,real_openml_creditcard_42397
108.62,58.2,846,Prepaid,3,0,synthetic
458.96,27.27,790,Prepaid,23,0,synthetic
23.36,42.07,576,Prepaid,10,0,synthetic
646.75,101.21,1847,Wallet,21,0,synthetic
258.08,5.64,350,Wallet,21,0,real_openml_creditcard_42397
389.17,68.08,1217,Wallet,6,0,synthetic
569.84,25.52,869,Prepaid,4,0,synthetic
941.37,10.98,1029,Wallet,13,0,real_openml_creditcard_42397
31.81,9.95,198,COD,14,0,real_openml_creditcard_42397
492.74,81.33,1469,Prepaid,12,0,synthetic
487.46,51.02,1101,COD,11,0,synthetic
19.37,33.21,466,Wallet,14,0,real_openml_creditcard_42397
162.44,0.82,206,COD,10,0,real_openml_creditcard_42397
666.17,96.44,1807,Wallet,6,0,synthetic
342.01,49.16,948,Wallet,15,0,synthetic
637.19,16.39,820,Wallet,2,0,synthetic
102.38,84.81,1160,Prepaid,18,1,synthetic
690.9,25.82,982,Prepaid,15,0,synthetic
138.66,0.6,182,Wallet,11,0,real_openml_creditcard_42397
597.84,32.47,978,Prepaid,23,0,synthetic
223.55,1.57,270,Prepaid,18,0,real_openml_creditcard_42397
46.22,19.45,325,Prepaid,15,0,real_openml_creditcard_42397
385.26,118.32,1817,COD,11,0,synthetic
60.98,7.76,198,Prepaid,1,0,real_openml_creditcard_42397
70.27,6.06,186,COD,2,0,real_openml_creditcard_42397
167.91,4.16,251,COD,15,0,real_openml_creditcard_42397
257.92,16.96,486,Prepaid,16,0,synthetic
393.5,111.39,1741,Prepaid,0,0,synthetic
570.49,53.96,1211,Prepaid,16,0,synthetic
126.19,66.41,960,Prepaid,12,0,synthetic
358.81,0.92,384,Wallet,11,0,real_openml_creditcard_42397
31.39,10.15,200,Wallet,6,0,real_openml_creditcard_42397
440.02,12.02,590,Wallet,21,0,synthetic
126.35,1.52,182,Wallet,18,0,real_openml_creditcard_42397
63.44,13.74,272,Wallet,11,0,real_openml_creditcard_42397
388.48,80.0,1360,Prepaid,12,0,synthetic
302.6,9.56,437,Prepaid,5,0,real_openml_creditcard_42397
131.44,3.97,216,Prepaid,17,0,real_openml_creditcard_42397
195.5,40.31,710,Wallet,5,0,synthetic
200.63,11.02,363,COD,22,0,synthetic
757.56,83.68,1736,Prepaid,11,0,synthetic
14.45,24.83,361,Prepaid,12,0,real_openml_creditcard_42397
327.48,59.0,1053,Prepaid,15,0,synthetic
157.15,9.43,305,Wallet,1,0,synthetic
137.31,74.24,1064,Wallet,4,0,synthetic
575.73,54.69,1224,COD,7,0,synthetic
92.58,7.31,221,COD,20,0,real_openml_creditcard_42397
130.0,1.42,184,Wallet,9,0,real_openml_creditcard_42397
439.5,110.44,1771,Wallet,9,0,synthetic
25.48,10.01,193,Prepaid,3,0,real_openml_creditcard_42397
158.53,2.36,221,Prepaid,16,0,real_openml_creditcard_42397
88.04,6.23,204,Prepaid,3,0,real_openml_creditcard_42397
717.01,46.91,1258,Prepaid,23,0,synthetic
5.4,10.6,182,Wallet,15,0,real_openml_creditcard_42397
614.54,8.26,702,COD,20,0,synthetic
297.86,23.07,595,COD,4,0,synthetic
510.51,20.54,756,Prepaid,4,0,synthetic
594.58,114.11,1954,Prepaid,2,1,synthetic
608.42,111.34,1934,COD,10,0,synthetic
144.29,26.72,500,COD,11,0,synthetic
532.1,52.71,1161,COD,23,0,synthetic
167.44,84.22,1211,Wallet,8,0,synthetic
290.3,94.55,1446,Wallet,19,0,synthetic
107.61,4.26,198,COD,10,0,real_openml_creditcard_42397
5.62,14.91,234,COD,9,0,real_openml_creditcard_42397
81.31,12.73,276,Prepaid,13,0,real_openml_creditcard_42397
505.6,53.14,1143,Prepaid,19,0,synthetic
40.44,19.12,316,Prepaid,23,0,synthetic
707.58,98.03,1863,Prepaid,4,0,synthetic
559.35,87.98,1609,Wallet,22,0,synthetic
42.77,20.79,338,COD,10,0,real_openml_creditcard_42397
58.88,6.5,181,Wallet,12,0,real_openml_creditcard_42397
150.51,16.96,389,Prepaid,9,0,real_openml_creditcard_42397
594.16,24.51,879,Wallet,7,0,synthetic
9.86,10.51,185,Prepaid,23,0,real_openml_creditcard_42397
444.52,18.67,674,Prepaid,11,0,synthetic
127.1,2.47,194,Prepaid,10,0,real_openml_creditcard_42397
317.92,94.19,1466,COD,12,0,synthetic
779.24,6.06,824,Prepaid,19,0,synthetic
426.88,15.05,615,COD,12,0,synthetic
229.15,37.39,705,Prepaid,6,0,synthetic
456.58,53.52,1103,COD,6,0,synthetic
95.75,3.99,184,COD,15,0,real_openml_creditcard_42397
93.36,4.0,182,COD,7,0,real_openml_creditcard_42397
348.5,62.21,1110,COD,1,0,synthetic
147.34,95.45,1328,Wallet,11,0,synthetic
410.4,5.66,487,Prepaid,8,0,synthetic
37.0,9.56,198,Prepaid,17,0,real_openml_creditcard_42397
27.29,9.54,189,Prepaid,4,0,real_openml_creditcard_42397
547.91,18.27,762,Prepaid,7,0,synthetic
740.75,74.91,1616,Prepaid,10,0,synthetic
246.72,72.02,1136,COD,13,0,synthetic
103.92,79.16,1093,Prepaid,18,0,synthetic
326.17,70.52,1190,Prepaid,14,0,synthetic
220.82,93.88,1375,COD,16,0,synthetic
57.68,115.46,1487,Wallet,14,0,synthetic
392.26,54.91,1062,COD,22,0,synthetic
215.12,12.2,390,Wallet,20,0,real_openml_creditcard_42397
47.3,113.94,1460,Prepaid,18,0,synthetic
82.73,4.96,184,Prepaid,10,0,real_openml_creditcard_42397
564.63,18.88,785,Wallet,5,0,synthetic
133.56,5.32,234,Wallet,14,0,real_openml_creditcard_42397
192.13,76.74,1144,COD,1,0,synthetic
89.17,4.31,182,COD,15,0,real_openml_creditcard_42397
14.08,71.94,926,Wallet,5,0,synthetic
303.91,60.42,1049,Prepaid,15,0,synthetic
236.03,92.77,1376,COD,5,0,synthetic
132.32,1.49,187,COD,18,0,real_openml_creditcard_42397
620.15,39.0,1076,Prepaid,17,0,synthetic
333.78,42.26,858,Wallet,22,0,synthetic
156.02,5.96,262,Prepaid,19,0,real_openml_creditcard_42397
186.72,56.71,899,Prepaid,2,0,synthetic
5.09,112.24,1402,Wallet,21,0,synthetic
87.66,8.76,234,Prepaid,21,0,real_openml_creditcard_42397
100.81,60.79,870,Wallet,12,0,synthetic
300.53,70.85,1171,COD,8,0,synthetic
797.04,40.71,1256,COD,7,0,synthetic
784.77,101.87,1979,Prepaid,10,0,synthetic
744.81,45.54,1267,Prepaid,7,0,synthetic
12.01,30.17,423,Prepaid,8,0,synthetic
185.32,28.46,558,Prepaid,16,0,synthetic
347.52,83.8,1368,COD,12,1,synthetic
235.73,6.15,336,COD,11,0,synthetic
307.4,89.91,1406,Wallet,14,0,synthetic
456.51,109.61,1776,COD,23,0,synthetic
158.6,19.78,430,Wallet,18,0,synthetic
50.34,119.27,1527,COD,13,0,synthetic
252.17,3.42,318,COD,8,0,real_openml_creditcard_42397
647.11,30.39,997,Wallet,23,0,synthetic
33.13,8.52,182,Wallet,22,0,real_openml_creditcard_42397
67.59,57.46,800,Prepaid,1,0,synthetic
247.98,7.45,363,COD,23,0,synthetic
445.97,5.44,517,COD,8,1,synthetic
9.04,10.74,187,Wallet,22,0,real_openml_creditcard_42397
279.75,50.79,911,COD,7,0,synthetic
262.58,40.14,768,COD,9,0,synthetic
675.77,105.68,1926,Wallet,4,0,synthetic
436.03,46.58,1001,Wallet,0,0,synthetic
398.6,4.56,463,Wallet,15,0,synthetic
92.46,6.57,212,Wallet,20,0,real_openml_creditcard_42397
631.81,65.16,1401,COD,1,0,synthetic
89.69,19.19,361,Prepaid,17,0,real_openml_creditcard_42397
5.19,10.69,183,COD,22,0,real_openml_creditcard_42397
756.09,65.19,1513,COD,16,0,synthetic
338.19,85.69,1383,Wallet,5,0,synthetic
681.21,85.92,1694,Prepaid,13,0,synthetic
441.7,60.56,1174,Prepaid,23,0,synthetic
116.75,2.24,182,COD,8,0,real_openml_creditcard_42397
617.26,46.26,1161,COD,21,0,synthetic
654.24,68.04,1455,COD,16,0,synthetic
170.17,12.1,348,Prepaid,19,0,synthetic
36.67,82.54,1073,COD,1,0,synthetic
29.79,10.85,207,Wallet,18,0,real_openml_creditcard_42397
419.22,108.91,1734,Wallet,1,0,synthetic
331.38,17.91,563,COD,18,0,synthetic
398.17,88.55,1471,Prepaid,18,0,synthetic
391.28,5.58,469,Wallet,22,0,synthetic
584.71,24.75,873,Wallet,20,0,synthetic
98.49,5.7,207,COD,20,0,real_openml_creditcard_42397
379.9,12.59,543,COD,20,0,real_openml_creditcard_42397
761.73,52.85,1370,Wallet,15,0,synthetic
605.73,110.62,1923,Prepaid,2,0,synthetic
505.7,98.37,1686,Wallet,4,0,synthetic
707.71,114.24,2058,Prepaid,5,0,synthetic
34.21,8.6,184,Wallet,21,0,real_openml_creditcard_42397
335.52,14.19,522,Prepaid,15,0,synthetic
550.52,12.16,691,Wallet,4,0,synthetic
735.3,107.16,1998,Wallet,10,0,synthetic
154.13,114.83,1567,Prepaid,19,0,synthetic
473.6,12.59,627,Prepaid,15,0,synthetic
711.61,80.3,1654,Wallet,16,0,synthetic
768.76,28.19,1080,Wallet,17,0,synthetic
319.44,50.86,948,Wallet,2,0,synthetic
396.19,15.31,590,COD,22,0,synthetic
191.42,27.64,554,Prepaid,10,0,real_openml_creditcard_42397
68.68,57.59,803,COD,4,0,synthetic
237.29,6.04,336,Prepaid,20,0,real_openml_creditcard_42397
347.93,24.04,652,Prepaid,12,1,synthetic
174.26,5.35,271,Prepaid,15,0,real_openml_creditcard_42397
251.67,110.23,1599,Wallet,6,0,synthetic
90.21,12.48,281,COD,10,0,real_openml_creditcard_42397
24.59,9.24,183,Prepaid,8,0,real_openml_creditcard_42397
181.88,1.28,229,COD,12,0,real_openml_creditcard_42397
507.02,17.41,715,Wallet,0,0,synthetic
51.72,8.12,194,Prepaid,0,0,real_openml_creditcard_42397
661.92,1.86,668,Wallet,12,0,real_openml_creditcard_42397
106.9,57.59,837,Wallet,20,0,synthetic
38.69,12.27,232,Prepaid,14,0,real_openml_creditcard_42397
314.26,60.07,1054,Wallet,21,0,synthetic
402.37,104.96,1672,Prepaid,20,0,synthetic
77.56,81.33,1096,Wallet,11,0,synthetic
361.28,100.34,1579,Wallet,9,0,synthetic
129.49,29.36,519,Prepaid,5,0,synthetic
536.91,115.75,1922,COD,20,0,synthetic
109.38,81.54,1127,Prepaid,23,0,synthetic
92.09,4.09,182,COD,10,0,real_openml_creditcard_42397
159.09,9.93,312,Wallet,7,0,synthetic
722.78,107.16,1986,COD,2,1,synthetic
107.23,27.54,477,Wallet,10,0,real_openml_creditcard_42397
788.85,72.01,1624,Prepaid,23,0,synthetic
738.17,26.67,1034,Prepaid,13,0,synthetic
82.29,7.66,216,Wallet,14,0,real_openml_creditcard_42397
31.19,8.66,182,COD,7,0,real_openml_creditcard_42397
110.11,3.74,194,Wallet,19,0,real_openml_creditcard_42397
2709.94,15.59,2676,Wallet,21,0,real_openml_creditcard_42397
585.44,25.28,880,COD,23,0,synthetic
120.07,68.41,979,Prepaid,6,0,synthetic
76.66,5.42,184,COD,8,0,real_openml_creditcard_42397
451.04,104.08,1705,Wallet,8,0,synthetic
26.65,25.42,379,COD,9,0,real_openml_creditcard_42397
441.39,55.5,1113,COD,19,0,synthetic
778.58,85.2,1773,Prepaid,11,0,synthetic
27.43,27.69,407,Prepaid,13,0,real_openml_creditcard_42397
400.4,13.4,571,Prepaid,16,0,synthetic
378.56,83.46,1392,COD,3,0,synthetic
560.04,2.09,579,Wallet,15,0,synthetic
138.83,4.92,234,Wallet,14,0,real_openml_creditcard_42397
100.55,3.79,186,COD,23,0,real_openml_creditcard_42397
317.83,9.5,450,Prepaid,20,0,real_openml_creditcard_42397
130.33,11.68,307,Prepaid,7,0,synthetic
64.64,36.87,551,Prepaid,21,0,synthetic
113.24,3.59,195,COD,16,0,real_openml_creditcard_42397
135.29,9.1,281,Prepaid,10,0,real_openml_creditcard_42397
203.8,14.46,407,Wallet,19,0,synthetic
147.15,3.96,230,Wallet,15,0,real_openml_creditcard_42397
114.95,4.05,202,COD,21,0,real_openml_creditcard_42397
601.43,111.57,1930,Wallet,18,0,synthetic
127.51,18.1,382,Wallet,20,0,real_openml_creditcard_42397
24.86,19.05,301,Wallet,14,0,real_openml_creditcard_42397
90.41,6.05,204,COD,13,0,real_openml_creditcard_42397
451.97,42.68,969,Wallet,1,0,synthetic
568.22,1.54,580,COD,19,0,synthetic
434.78,22.07,706,Prepaid,2,0,synthetic
95.01,4.87,194,COD,22,0,real_openml_creditcard_42397
150.22,63.93,952,Wallet,0,0,synthetic
110.2,67.57,960,Wallet,15,0,synthetic
40.36,50.08,687,Wallet,1,0,synthetic
143.99,17.46,389,COD,21,0,synthetic
106.22,4.78,203,COD,21,0,real_openml_creditcard_42397
32.56,8.89,186,COD,15,0,real_openml_creditcard_42397
243.47,64.66,1045,Wallet,6,0,synthetic
663.54,69.13,1477,COD,21,0,synthetic
306.19,112.33,1674,Prepaid,19,0,synthetic
130.46,14.63,343,Wallet,8,0,real_openml_creditcard_42397
407.34,85.17,1439,Prepaid,6,0,synthetic
128.51,1.28,181,COD,11,0,real_openml_creditcard_42397
94.91,5.55,202,Prepaid,12,0,real_openml_creditcard_42397
712.16,46.45,1248,Prepaid,2,0,synthetic
492.57,26.57,812,Prepaid,12,0,synthetic
366.72,60.89,1111,Wallet,11,0,synthetic
735.75,33.3,1112,Wallet,9,0,synthetic
530.39,87.49,1577,Wallet,11,0,synthetic
755.9,53.71,1375,Wallet,2,0,synthetic
432.71,14.63,615,Wallet,12,0,real_openml_creditcard_42397
214.08,115.41,1628,COD,19,0,synthetic
541.63,90.76,1627,COD,4,0,synthetic
118.42,6.04,229,COD,11,0,real_openml_creditcard_42397
310.36,18.47,551,Prepaid,16,0,real_openml_creditcard_42397
679.35,20.7,910,Wallet,23,0,synthetic
783.75,26.94,1079,Prepaid,12,0,synthetic
50.32,82.64,1087,Prepaid,6,0,real_openml_creditcard_42397
57.2,11.04,234,Prepaid,8,0,real_openml_creditcard_42397
130.0,1.75,188,Wallet,20,0,real_openml_creditcard_42397
58.57,13.27,262,Wallet,19,0,real_openml_creditcard_42397
44.26,9.01,198,COD,5,0,real_openml_creditcard_42397
242.71,1.71,289,COD,8,0,real_openml_creditcard_42397
727.33,111.89,2047,Prepaid,7,0,synthetic
721.62,67.2,1506,COD,6,0,synthetic
647.64,106.37,1909,Wallet,21,0,synthetic
274.67,81.32,1273,Prepaid,14,0,synthetic
583.09,31.66,955,Prepaid,23,0,synthetic
5.23,59.66,771,Prepaid,2,0,synthetic
95.7,95.28,1279,Wallet,10,0,synthetic
676.1,90.31,1742,Prepaid,5,0,synthetic
103.24,11.06,276,COD,2,0,synthetic
501.94,60.93,1233,Prepaid,5,0,synthetic
100.59,3.96,188,COD,10,0,real_openml_creditcard_42397
6.24,11.12,189,Prepaid,21,0,real_openml_creditcard_42397
154.25,20.43,434,COD,16,0,real_openml_creditcard_42397
314.6,110.91,1664,Prepaid,22,1,synthetic
116.08,2.96,190,Prepaid,19,0,real_openml_creditcard_42397
281.24,29.44,656,COD,20,0,synthetic
323.72,26.94,665,COD,10,0,synthetic
108.85,3.67,192,Prepaid,14,0,real_openml_creditcard_42397
665.52,31.14,1023,Wallet,18,0,synthetic
31.91,53.87,725,Wallet,18,0,synthetic
60.21,7.98,200,Prepaid,6,0,real_openml_creditcard_42397
759.93,89.95,1813,Wallet,9,0,synthetic
176.43,119.37,1641,Prepaid,8,0,synthetic
178.68,28.15,549,Prepaid,10,1,synthetic
532.59,23.98,817,Prepaid,13,0,synthetic
200.41,111.35,1567,Prepaid,5,0,synthetic
669.99,81.08,1626,Prepaid,20,0,synthetic
48.7,37.21,540,Prepaid,0,0,synthetic
122.15,3.92,207,Prepaid,1,0,real_openml_creditcard_42397
294.87,108.75,1620,Wallet,23,1,synthetic
758.67,27.0,1057,Wallet,4,0,synthetic
233.09,17.52,470,Prepaid,0,0,real_openml_creditcard_42397
38.34,16.29,280,Prepaid,20,0,real_openml_creditcard_42397
138.55,11.69,315,Wallet,8,0,real_openml_creditcard_42397
35.63,98.58,1265,Prepaid,20,0,synthetic
614.35,106.84,1885,Prepaid,21,0,synthetic
153.11,94.52,1322,Wallet,3,0,synthetic
161.19,47.21,762,Wallet,3,0,synthetic
465.09,47.7,1041,COD,13,0,synthetic
220.61,10.04,369,COD,15,0,real_openml_creditcard_42397
121.37,31.21,534,Wallet,22,0,synthetic
459.44,55.02,1124,Wallet,3,0,synthetic
252.34,69.98,1117,Wallet,13,0,synthetic
231.8,27.14,584,Prepaid,9,0,synthetic
110.22,6.07,222,Wallet,14,0,real_openml_creditcard_42397
762.4,69.26,1567,Prepaid,2,0,synthetic
423.4,68.29,1251,Wallet,15,0,synthetic
127.42,4.19,215,Wallet,7,0,real_openml_creditcard_42397
328.32,16.19,540,Wallet,19,0,synthetic
365.14,0.53,385,Wallet,7,0,real_openml_creditcard_42397
579.02,104.39,1824,Prepaid,14,0,synthetic
144.81,2.31,208,Prepaid,11,0,real_openml_creditcard_42397
157.18,3.13,229,Prepaid,22,0,real_openml_creditcard_42397
246.2,58.37,972,Wallet,14,0,synthetic
596.35,16.24,782,Wallet,8,0,synthetic
161.62,118.63,1619,Prepaid,21,0,synthetic
36.39,22.27,350,Wallet,21,0,real_openml_creditcard_42397
526.4,1.69,544,COD,8,0,real_openml_creditcard_42397
31.54,17.55,289,COD,0,0,real_openml_creditcard_42397
519.37,116.16,1911,COD,14,0,synthetic
729.63,107.01,1991,COD,4,0,synthetic
97.77,13.58,301,Wallet,18,0,real_openml_creditcard_42397
116.97,14.2,326,Prepaid,1,0,synthetic
40.09,11.58,225,Prepaid,19,0,real_openml_creditcard_42397
153.67,3.98,236,COD,14,0,real_openml_creditcard_42397
416.15,99.96,1624,COD,13,0,synthetic
190.98,19.18,452,Wallet,0,0,real_openml_creditcard_42397
763.47,53.99,1385,COD,16,0,synthetic
36.12,114.0,1451,Prepaid,13,0,synthetic
377.23,22.12,655,Prepaid,9,0,real_openml_creditcard_42397
78.86,7.84,215,COD,14,0,real_openml_creditcard_42397
26.6,73.92,961,Prepaid,7,0,synthetic
649.02,111.32,1970,COD,2,0,synthetic
353.83,80.51,1335,Wallet,19,0,synthetic
49.36,54.87,753,COD,7,0,synthetic
37.4,13.25,243,Wallet,16,0,synthetic
639.01,111.19,1959,COD,15,0,synthetic
669.16,2.67,684,Prepaid,1,0,synthetic
28.28,11.46,213,Wallet,22,0,real_openml_creditcard_42397
177.04,59.93,928,Prepaid,13,0,synthetic
72.02,9.18,225,Prepaid,21,0,real_openml_creditcard_42397
696.6,3.43,718,Wallet,8,0,synthetic
43.8,11.13,223,COD,15,0,real_openml_creditcard_42397
6.36,83.99,1064,COD,15,0,synthetic
67.67,5.92,182,COD,22,0,real_openml_creditcard_42397
364.26,33.94,785,COD,18,0,synthetic
529.94,9.5,641,Prepaid,9,0,real_openml_creditcard_42397
9.33,10.3,182,Prepaid,22,0,real_openml_creditcard_42397
64.09,73.85,994,Prepaid,9,0,synthetic
431.87,108.05,1735,Prepaid,6,0,synthetic
36.06,8.3,182,COD,19,0,real_openml_creditcard_42397
178.93,42.66,723,Wallet,0,0,synthetic
491.27,18.88,719,Wallet,10,0,synthetic
555.53,12.25,697,Wallet,9,0,real_openml_creditcard_42397
164.23,1.35,214,Prepaid,21,0,real_openml_creditcard_42397
733.87,26.75,1031,Wallet,6,0,synthetic
4.13,20.95,305,Wallet,18,0,synthetic
12.47,10.06,182,COD,23,0,real_openml_creditcard_42397
348.98,16.51,562,Prepaid,14,0,synthetic
708.83,27.42,1017,COD,3,0,synthetic
364.72,115.57,1765,COD,1,0,synthetic
316.43,64.43,1108,COD,17,0,synthetic
50.63,11.54,234,COD,14,0,real_openml_creditcard_42397
125.99,60.17,885,COD,17,0,synthetic
309.15,69.65,1164,Prepaid,11,0,synthetic
10.97,84.81,1078,Prepaid,16,0,synthetic
136.66,2.08,198,COD,12,0,real_openml_creditcard_42397
384.7,94.28,1528,Wallet,0,0,synthetic
6.67,27.96,391,Wallet,18,0,synthetic
650.94,27.48,966,Prepaid,3,0,synthetic
404.51,78.71,1359,COD,16,0,synthetic
332.09,90.93,1440,Prepaid,10,0,synthetic
117.82,12.58,307,Wallet,1,0,real_openml_creditcard_42397
523.4,116.56,1920,Prepaid,16,0,synthetic
280.65,0.77,312,Wallet,0,0,synthetic
50.66,8.53,198,Prepaid,12,0,real_openml_creditcard_42397
130.1,57.8,861,Wallet,12,0,synthetic
157.7,90.73,1281,Prepaid,19,0,synthetic
630.48,4.75,674,Wallet,19,0,synthetic
255.2,3.11,317,Wallet,18,0,real_openml_creditcard_42397
673.85,34.99,1076,Prepaid,6,0,synthetic
80.23,25.23,425,Prepaid,2,0,synthetic
13.84,15.71,251,Wallet,2,0,synthetic
437.08,1.22,458,Prepaid,15,0,real_openml_creditcard_42397
142.59,25.81,488,COD,9,0,real_openml_creditcard_42397
103.22,84.8,1161,Prepaid,19,0,synthetic
29.32,29.72,433,Prepaid,12,0,synthetic
230.38,40.27,741,COD,11,0,synthetic
108.0,8.82,253,Prepaid,22,0,synthetic
753.23,82.94,1723,Prepaid,8,0,synthetic
4.6,17.24,261,Wallet,10,0,real_openml_creditcard_42397
225.53,37.73,706,COD,5,0,synthetic
150.58,2.12,211,Prepaid,19,0,real_openml_creditcard_42397
40.8,110.6,1414,Wallet,17,0,synthetic
230.97,20.01,498,COD,17,0,real_openml_creditcard_42397
54.41,78.0,1035,Prepaid,22,0,real_openml_creditcard_42397
228.01,9.07,364,Wallet,16,0,real_openml_creditcard_42397
185.63,27.16,543,Prepaid,17,0,real_openml_creditcard_42397
136.71,103.63,1417,COD,9,0,synthetic
216.49,2.76,278,Prepaid,15,0,real_openml_creditcard_42397
475.75,113.54,1841,COD,13,0,synthetic
205.37,90.42,1320,COD,8,0,synthetic
682.05,90.64,1751,Wallet,2,0,synthetic
64.06,6.2,182,COD,10,0,real_openml_creditcard_42397
726.28,107.11,1989,Prepaid,3,0,synthetic
145.48,36.76,622,Prepaid,21,0,real_openml_creditcard_42397
298.74,73.76,1204,Prepaid,19,0,synthetic
196.37,33.34,627,Prepaid,18,0,synthetic
77.5,6.6,199,Prepaid,15,0,real_openml_creditcard_42397
95.58,13.16,294,Wallet,21,0,real_openml_creditcard_42397
674.69,23.9,944,COD,0,0,synthetic
94.36,56.67,815,Wallet,10,0,real_openml_creditcard_42397
632.55,99.15,1809,COD,1,0,synthetic
12.83,11.2,196,Prepaid,10,0,real_openml_creditcard_42397
537.53,8.55,636,COD,5,0,synthetic
294.92,25.22,618,COD,13,0,synthetic
122.67,1.88,183,COD,15,0,real_openml_creditcard_42397
749.16,80.74,1693,COD,6,0,synthetic
428.38,45.11,977,Prepaid,14,0,synthetic
783.5,22.14,1021,COD,13,0,synthetic
686.88,33.65,1072,Wallet,12,0,synthetic
77.98,13.73,285,Wallet,10,0,real_openml_creditcard_42397
55.86,8.14,198,Prepaid,15,0,real_openml_creditcard_42397
359.64,21.71,634,COD,20,0,synthetic
303.02,91.21,1417,Prepaid,2,0,synthetic
4.04,2.99,89,Prepaid,16,0,synthetic
224.71,14.06,421,COD,14,0,real_openml_creditcard_42397
341.01,29.38,710,COD,8,0,synthetic
145.71,1.32,197,COD,19,0,real_openml_creditcard_42397
171.4,2.48,234,COD,21,0,real_openml_creditcard_42397
26.19,14.12,243,Wallet,20,0,real_openml_creditcard_42397
484.79,90.22,1569,COD,8,0,synthetic
644.43,54.45,1283,Wallet,10,0,synthetic
508.27,101.25,1722,Wallet,19,0,synthetic
148.93,21.43,441,Prepaid,1,0,synthetic
377.06,57.74,1082,COD,7,0,synthetic
791.4,119.03,2191,Prepaid,6,0,synthetic
71.09,11.58,253,Prepaid,22,0,real_openml_creditcard_42397
259.34,85.35,1308,Prepaid,0,0,synthetic
356.39,105.44,1636,Prepaid,21,0,real_openml_creditcard_42397
708.8,40.89,1179,Wallet,19,0,synthetic
393.46,9.57,519,Prepaid,17,0,real_openml_creditcard_42397
620.18,43.82,1134,Prepaid,9,0,synthetic
125.53,26.65,483,Prepaid,15,0,synthetic
624.92,88.2,1671,Wallet,4,0,synthetic
541.28,54.99,1197,Wallet,22,0,synthetic
130.14,109.66,1483,Prepaid,10,0,synthetic
676.2,73.2,1537,Wallet,11,0,real_openml_creditcard_42397
4.37,37.79,507,Wallet,16,0,synthetic
174.4,115.44,1592,COD,4,0,synthetic
86.03,5.13,189,Wallet,14,0,real_openml_creditcard_42397
508.78,16.96,711,Wallet,20,0,synthetic
133.53,2.9,205,Wallet,11,0,real_openml_creditcard_42397
130.68,1.95,191,COD,12,0,real_openml_creditcard_42397
666.25,25.49,956,COD,6,0,synthetic
620.56,99.51,1803,COD,3,1,synthetic
94.2,34.86,553,Prepaid,7,0,synthetic
60.59,7.21,191,COD,9,0,real_openml_creditcard_42397
38.47,8.95,192,Wallet,21,0,real_openml_creditcard_42397
3.16,36.2,487,Prepaid,4,0,synthetic
795.28,105.26,2029,Wallet,11,0,synthetic
134.46,3.0,207,Prepaid,22,0,real_openml_creditcard_42397
269.34,48.47,874,COD,11,0,synthetic
504.59,51.63,1124,Wallet,12,1,synthetic
723.74,16.71,902,Prepaid,5,0,synthetic
663.03,22.92,922,Wallet,21,0,synthetic
2.15,113.17,1410,COD,22,0,synthetic
112.73,4.05,200,Prepaid,9,0,real_openml_creditcard_42397
573.82,57.53,1257,COD,6,0,synthetic
37.67,9.09,193,COD,15,0,real_openml_creditcard_42397
112.83,7.04,236,COD,12,0,real_openml_creditcard_42397
126.45,93.51,1286,Wallet,16,0,synthetic
587.87,70.03,1419,Prepaid,2,1,synthetic
794.11,114.19,2135,Wallet,14,0,synthetic
522.29,38.29,980,Wallet,5,0,synthetic
293.34,92.16,1420,COD,18,0,synthetic
149.85,13.9,352,Prepaid,20,0,synthetic
746.73,93.26,1841,COD,0,0,synthetic
221.8,119.16,1679,Wallet,17,0,synthetic
510.64,4.31,561,COD,23,0,synthetic
31.43,119.91,1517,COD,22,0,synthetic
540.2,25.94,848,Prepaid,2,0,synthetic
646.32,93.61,1755,Wallet,9,0,synthetic
483.31,10.42,610,Prepaid,9,0,real_openml_creditcard_42397
38.67,78.28,1024,Prepaid,23,0,synthetic
244.21,4.43,323,Wallet,21,0,real_openml_creditcard_42397
16.28,51.96,688,COD,4,1,synthetic
25.43,16.93,276,Prepaid,14,0,real_openml_creditcard_42397
455.27,40.5,946,Wallet,20,0,synthetic
240.36,28.45,608,Prepaid,8,0,synthetic
304.9,4.78,382,Wallet,0,0,synthetic
126.77,33.58,567,Prepaid,9,0,synthetic
321.43,12.73,492,Prepaid,18,0,real_openml_creditcard_42397
204.39,8.67,338,COD,17,0,real_openml_creditcard_42397
204.73,7.15,320,COD,19,0,real_openml_creditcard_42397
289.36,85.9,1341,COD,5,0,synthetic
98.36,5.29,202,Wallet,7,0,real_openml_creditcard_42397
95.31,93.55,1258,COD,4,0,synthetic
1197.89,32.16,1514,COD,15,0,real_openml_creditcard_42397
792.03,55.93,1434,Wallet,1,0,synthetic
152.66,11.8,329,COD,16,0,real_openml_creditcard_42397
536.63,54.22,1184,COD,17,0,synthetic
424.89,14.5,606,COD,15,0,synthetic
174.17,3.85,253,Wallet,20,0,real_openml_creditcard_42397
69.17,24.65,408,Wallet,18,0,real_openml_creditcard_42397
344.46,10.11,481,COD,17,0,synthetic
271.26,59.58,1009,COD,16,0,synthetic
711.59,30.32,1054,COD,4,0,synthetic
220.81,91.46,1346,Wallet,12,0,synthetic
126.74,22.02,428,COD,6,0,synthetic
110.66,2.78,183,COD,22,0,real_openml_creditcard_42397
387.77,77.46,1329,Wallet,2,0,synthetic
34.04,15.11,262,Prepaid,15,0,real_openml_creditcard_42397
668.61,45.87,1202,Prepaid,15,0,synthetic
286.32,5.94,379,Prepaid,21,0,real_openml_creditcard_42397
138.51,12.53,325,COD,10,0,real_openml_creditcard_42397
535.53,20.29,775,Prepaid,3,0,synthetic
420.61,55.94,1100,Wallet,18,0,synthetic
76.86,14.4,292,Wallet,14,0,real_openml_creditcard_42397
782.02,59.41,1467,COD,12,0,synthetic
64.84,81.78,1090,Prepaid,10,0,synthetic
124.73,11.98,306,COD,12,0,real_openml_creditcard_42397
76.75,6.24,194,Wallet,8,0,real_openml_creditcard_42397
743.68,106.19,1994,Prepaid,17,0,synthetic
497.49,51.85,1120,Prepaid,10,0,synthetic
137.64,24.01,462,Wallet,11,0,real_openml_creditcard_42397
41.08,11.42,224,Prepaid,11,0,real_openml_creditcard_42397
504.04,112.31,1851,Wallet,6,0,synthetic
587.57,15.47,764,Prepaid,6,0,synthetic
221.23,11.76,390,COD,3,0,synthetic
279.19,106.66,1581,COD,7,0,synthetic
611.63,59.2,1311,Prepaid,8,0,synthetic
612.8,84.75,1619,Wallet,11,0,synthetic
347.46,28.61,706,Prepaid,21,0,real_openml_creditcard_42397
176.89,117.09,1614,Wallet,15,0,synthetic
176.4,103.44,1450,Wallet,4,0,synthetic
693.59,29.25,1025,COD,16,0,synthetic
101.74,6.54,220,Prepaid,21,0,real_openml_creditcard_42397
285.44,22.12,572,Wallet,8,1,synthetic
558.18,6.93,636,Wallet,0,0,synthetic
127.88,2.91,200,Wallet,20,0,real_openml_creditcard_42397
636.51,44.32,1155,COD,6,0,synthetic
725.64,12.6,854,COD,19,0,synthetic
525.3,90.94,1614,Prepaid,5,0,synthetic
242.7,45.55,815,Prepaid,23,0,real_openml_creditcard_42397
246.73,4.83,330,Wallet,18,0,real_openml_creditcard_42397
770.49,88.95,1811,COD,22,0,synthetic
461.81,26.7,786,COD,18,0,synthetic
359.64,33.61,777,Prepaid,10,0,synthetic
775.71,35.39,1173,COD,17,0,synthetic
229.87,18.18,475,Prepaid,6,0,real_openml_creditcard_42397
12.29,11.74,202,Prepaid,21,0,real_openml_creditcard_42397
170.41,20.97,455,COD,23,0,real_openml_creditcard_42397
665.99,74.02,1538,Wallet,13,0,synthetic
39.22,6.89,168,Prepaid,15,0,synthetic
737.76,42.13,1220,Wallet,8,0,synthetic
596.06,23.38,867,Prepaid,16,0,synthetic
423.14,114.6,1806,Wallet,1,1,synthetic
305.45,47.3,893,COD,22,0,synthetic
12.13,12.26,208,Wallet,16,0,real_openml_creditcard_42397
126.53,101.82,1386,Wallet,15,0,synthetic
193.36,4.66,280,Wallet,13,0,real_openml_creditcard_42397
494.39,42.1,1000,Prepaid,5,0,synthetic
98.48,74.47,1032,COD,11,0,synthetic
229.66,89.74,1334,Prepaid,7,0,synthetic
112.01,2.43,180,Prepaid,21,0,real_openml_creditcard_42397
478.76,52.64,1113,Wallet,22,0,synthetic
678.13,39.78,1138,COD,13,0,synthetic
606.71,42.87,1110,Wallet,1,0,synthetic
470.95,119.96,1913,Wallet,11,0,synthetic
39.43,111.77,1427,Prepaid,12,0,synthetic
46.98,8.81,198,Wallet,1,0,real_openml_creditcard_42397
124.36,3.76,207,Wallet,22,0,real_openml_creditcard_42397
420.41,105.1,1690,Wallet,16,0,synthetic
271.78,82.91,1289,Wallet,11,0,synthetic
746.38,8.21,820,Wallet,20,0,synthetic
306.33,27.72,658,COD,3,0,synthetic
721.07,13.01,855,Prepaid,15,0,synthetic
127.51,1.44,182,COD,17,0,real_openml_creditcard_42397
396.21,13.01,563,Prepaid,14,0,synthetic
135.26,2.19,198,Wallet,20,0,real_openml_creditcard_42397
189.32,2.55,251,Prepaid,9,0,real_openml_creditcard_42397
207.43,6.03,309,COD,13,0,real_openml_creditcard_42397
81.9,79.78,1081,COD,17,0,synthetic
422.22,109.11,1739,Wallet,19,0,synthetic
258.33,0.79,292,Wallet,13,0,real_openml_creditcard_42397
161.03,1.67,215,COD,0,0,real_openml_creditcard_42397
490.34,8.88,598,Prepaid,18,0,synthetic
402.53,25.4,717,COD,11,0,synthetic
161.36,73.38,1076,COD,4,0,synthetic
150.19,0.74,194,Prepaid,9,0,real_openml_creditcard_42397
246.91,10.32,396,COD,20,0,real_openml_creditcard_42397
725.48,110.09,2024,Prepaid,3,0,synthetic
657.03,79.78,1599,Wallet,23,0,synthetic
75.8,9.65,234,Prepaid,12,0,real_openml_creditcard_42397
193.5,90.34,1308,COD,4,0,synthetic
56.82,72.18,967,COD,16,0,synthetic
1562.57,163.14,3414,Prepaid,19,0,real_openml_creditcard_42397
75.17,66.74,919,COD,0,0,synthetic
702.8,101.73,1903,Wallet,0,0,synthetic
92.42,8.24,232,Prepaid,11,0,real_openml_creditcard_42397
18.66,15.98,259,Wallet,0,0,synthetic
18.19,12.47,216,Wallet,23,0,real_openml_creditcard_42397
58.24,7.55,193,Prepaid,11,0,real_openml_creditcard_42397
15.22,11.19,198,COD,8,0,real_openml_creditcard_42397
270.15,102.87,1528,Wallet,8,0,synthetic
209.93,2.01,263,Wallet,13,0,real_openml_creditcard_42397
451.93,115.55,1843,Prepaid,13,0,synthetic
333.54,81.27,1325,Prepaid,13,0,synthetic
727.96,35.42,1130,Wallet,3,0,synthetic
13.4,13.16,220,Wallet,7,0,real_openml_creditcard_42397
91.36,4.65,188,Wallet,16,0,real_openml_creditcard_42397
18.95,10.25,190,Prepaid,10,0,real_openml_creditcard_42397
275.93,1.14,312,Prepaid,9,0,real_openml_creditcard_42397
323.66,3.63,385,Wallet,10,0,synthetic
53.09,7.19,184,Prepaid,17,0,real_openml_creditcard_42397
159.83,33.35,594,Wallet,13,0,real_openml_creditcard_42397
153.3,41.81,690,Prepaid,22,0,synthetic
102.52,3.14,180,Wallet,1,0,real_openml_creditcard_42397
28.84,78.44,1017,Wallet,17,0,synthetic
743.14,57.98,1415,Wallet,0,0,synthetic
76.23,6.2,193,Wallet,19,0,real_openml_creditcard_42397
38.86,3.46,127,Prepaid,0,0,synthetic
342.58,38.48,820,Wallet,6,0,synthetic
167.05,1.97,224,COD,10,0,real_openml_creditcard_42397
654.99,111.55,1978,COD,15,1,synthetic
52.84,8.04,194,Prepaid,12,0,real_openml_creditcard_42397
135.44,1.01,184,COD,0,0,real_openml_creditcard_42397
33.38,18.83,306,Wallet,23,0,real_openml_creditcard_42397
197.47,5.02,288,Wallet,12,0,real_openml_creditcard_42397
326.84,3.59,387,Wallet,15,0,synthetic
72.01,7.27,202,Wallet,23,0,real_openml_creditcard_42397
644.21,49.62,1225,COD,14,0,synthetic
670.7,37.99,1109,Prepaid,22,0,synthetic
6.68,90.1,1137,Prepaid,17,0,synthetic
161.51,6.59,274,Wallet,9,0,synthetic
103.18,42.21,649,Wallet,14,0,synthetic
108.8,2.84,182,Prepaid,21,0,real_openml_creditcard_42397
122.9,16.7,361,Prepaid,6,0,real_openml_creditcard_42397
586.25,49.97,1177,COD,6,0,synthetic
589.69,50.59,1188,COD,9,0,synthetic
37.58,14.43,257,Wallet,8,0,real_openml_creditcard_42397
42.11,8.51,190,Prepaid,18,0,real_openml_creditcard_42397
615.84,14.11,774,Prepaid,5,0,synthetic
259.9,4.76,341,Prepaid,19,0,real_openml_creditcard_42397
756.88,30.78,1101,Prepaid,17,0,synthetic
585.36,96.08,1730,COD,3,0,synthetic
552.17,71.97,1411,Wallet,13,0,synthetic
137.92,34.65,590,COD,3,0,synthetic
65.29,9.6,224,COD,5,0,real_openml_creditcard_42397
192.17,2.92,258,Prepaid,0,0,real_openml_creditcard_42397
75.73,33.98,526,Wallet,0,0,synthetic
277.58,9.94,419,Wallet,23,0,synthetic
493.72,27.27,822,Wallet,0,0,synthetic
750.08,34.24,1136,Wallet,14,0,synthetic
125.63,41.14,657,Wallet,12,0,synthetic
769.21,93.55,1865,Prepaid,10,0,synthetic
13.92,11.96,206,Wallet,16,0,real_openml_creditcard_42397
99.31,43.15,657,Wallet,22,0,synthetic
67.64,5.93,182,Prepaid,19,0,real_openml_creditcard_42397
779.34,6.78,833,COD,3,0,synthetic
174.08,10.69,335,Wallet,10,0,real_openml_creditcard_42397
457.44,4.03,510,COD,9,0,real_openml_creditcard_42397
119.2,4.56,212,Prepaid,14,0,real_openml_creditcard_42397
252.62,105.85,1548,COD,8,0,synthetic
51.72,64.54,871,Wallet,1,0,synthetic
28.39,94.85,1214,Wallet,18,0,synthetic
93.48,3.82,180,COD,17,0,real_openml_creditcard_42397
257.67,33.22,681,COD,14,0,synthetic
183.17,106.91,1498,Wallet,17,0,synthetic
512.97,26.57,831,COD,18,0,synthetic
139.09,3.99,223,Prepaid,12,0,real_openml_creditcard_42397
328.27,3.33,385,Wallet,11,0,synthetic
84.38,31.92,509,COD,12,0,real_openml_creditcard_42397
92.11,4.76,190,Prepaid,13,0,real_openml_creditcard_42397
68.81,5.84,182,Wallet,14,0,real_openml_creditcard_42397
16.78,15.32,249,Prepaid,9,0,real_openml_creditcard_42397
66.75,114.07,1479,COD,18,0,synthetic
1537.8,45.42,1979,Wallet,21,0,real_openml_creditcard_42397
603.19,30.25,956,COD,14,0,synthetic
777.63,32.96,1145,Wallet,18,0,synthetic
12.89,13.53,224,Wallet,21,0,real_openml_creditcard_42397
35.63,11.74,223,COD,9,0,real_openml_creditcard_42397
653.18,109.35,1950,Wallet,5,0,synthetic
536.4,52.96,1168,Wallet,21,0,synthetic
474.04,24.64,772,Wallet,21,0,synthetic
627.21,35.23,1037,Wallet,0,0,synthetic
453.18,80.45,1423,Prepaid,2,0,synthetic
129.18,73.85,1052,Wallet,15,0,synthetic
82.18,79.73,1081,Wallet,8,0,synthetic
138.43,7.38,263,Prepaid,23,0,synthetic
114.88,63.12,911,Prepaid,7,0,synthetic
532.45,23.91,816,COD,11,0,synthetic
36.43,8.27,182,Prepaid,18,0,real_openml_creditcard_42397
706.77,43.3,1206,Prepaid,11,0,synthetic
478.71,8.1,578,COD,23,0,synthetic
105.64,3.74,190,Prepaid,23,0,real_openml_creditcard_42397
762.39,2.89,771,Prepaid,19,0,synthetic
409.5,97.49,1588,COD,21,0,synthetic
214.33,38.97,711,Prepaid,20,0,synthetic
197.31,98.64,1411,Wallet,6,0,synthetic
13.24,46.76,623,Prepaid,18,0,real_openml_creditcard_42397
11.38,34.03,469,COD,1,0,synthetic
122.7,83.71,1165,Prepaid,11,0,synthetic
34.44,8.42,182,Wallet,7,0,real_openml_creditcard_42397
313.53,106.15,1606,Prepaid,4,0,synthetic
574.77,53.8,1213,Wallet,15,0,synthetic
338.21,44.38,887,Prepaid,21,0,synthetic
132.18,1.17,183,Prepaid,22,0,real_openml_creditcard_42397
237.97,62.95,1020,COD,11,0,synthetic
389.21,96.12,1554,Wallet,15,1,synthetic
209.16,14.04,407,Prepaid,9,0,synthetic
121.09,1.92,182,Prepaid,17,0,real_openml_creditcard_42397
67.05,20.64,358,COD,15,0,real_openml_creditcard_42397
383.33,1.05,408,Prepaid,18,0,synthetic
572.72,13.51,728,Prepaid,10,0,synthetic
102.56,7.31,230,Wallet,11,0,real_openml_creditcard_42397
595.74,91.33,1682,Wallet,6,0,synthetic
320.0,104.61,1593,Prepaid,8,0,synthetic
271.43,62.18,1040,Prepaid,5,0,synthetic
104.62,3.32,184,Prepaid,1,0,real_openml_creditcard_42397
299.4,33.71,724,Wallet,15,0,real_openml_creditcard_42397
450.69,37.62,907,Wallet,11,0,synthetic
671.99,59.62,1370,COD,3,0,synthetic
347.21,139.46,2036,Prepaid,15,0,real_openml_creditcard_42397
784.98,4.13,806,Wallet,7,0,synthetic
744.88,25.3,1024,Wallet,1,0,synthetic
393.96,63.67,1169,Prepaid,15,0,synthetic
431.39,80.03,1399,Prepaid,18,0,synthetic
427.85,8.97,543,Wallet,11,1,synthetic
144.42,18.7,404,Wallet,21,1,synthetic
443.87,69.62,1285,COD,18,0,synthetic
452.95,88.71,1522,Prepaid,6,0,synthetic
130.32,69.24,998,COD,23,0,synthetic
110.61,89.09,1219,Wallet,3,0,synthetic
532.51,82.38,1518,COD,18,0,synthetic
215.11,16.94,447,Wallet,19,0,synthetic
1.64,13.13,209,Prepaid,13,0,real_openml_creditcard_42397
16.14,9.96,184,COD,19,0,real_openml_creditcard_42397
124.59,1.66,182,COD,0,0,real_openml_creditcard_42397
18.89,15.17,249,Prepaid,8,0,real_openml_creditcard_42397
133.33,57.6,861,Prepaid,13,0,synthetic
69.44,15.29,296,Wallet,19,0,real_openml_creditcard_42397
55.43,26.77,421,COD,8,0,synthetic
162.97,63.49,959,Wallet,19,0,synthetic
84.66,22.65,398,COD,21,0,real_openml_creditcard_42397
90.33,4.39,184,Wallet,20,0,real_openml_creditcard_42397
72.49,13.38,276,Wallet,6,0,synthetic
323.73,6.14,415,Prepaid,0,0,real_openml_creditcard_42397
179.62,1.11,225,COD,14,0,real_openml_creditcard_42397
57.41,39.61,577,COD,14,0,real_openml_creditcard_42397
648.36,86.5,1672,Wallet,12,0,synthetic
436.84,14.49,617,Prepaid,9,0,real_openml_creditcard_42397
124.5,11.33,298,Prepaid,23,0,real_openml_creditcard_42397
488.37,34.96,909,Prepaid,19,0,synthetic
777.74,13.75,915,Prepaid,6,0,synthetic
262.16,9.55,400,COD,13,0,synthetic
144.13,12.44,329,Wallet,14,0,real_openml_creditcard_42397
494.0,9.25,606,COD,16,0,synthetic
167.14,71.73,1061,COD,2,1,synthetic
743.71,115.21,2102,COD,15,0,synthetic
78.58,51.67,741,Prepaid,16,0,synthetic
564.66,14.64,734,Prepaid,20,0,synthetic
525.13,29.24,874,Wallet,13,1,synthetic
549.68,5.87,615,COD,20,1,synthetic
376.3,24.06,677,Wallet,19,0,synthetic
290.12,25.82,621,Wallet,18,0,synthetic
4.14,101.73,1274,COD,3,0,synthetic
503.0,92.39,1611,COD,9,0,synthetic
135.69,2.91,207,COD,0,0,real_openml_creditcard_42397
198.19,47.33,796,Wallet,6,0,synthetic
338.57,67.46,1164,Prepaid,8,0,synthetic
89.28,36.48,568,COD,7,0,synthetic
579.14,23.4,852,Prepaid,16,0,real_openml_creditcard_42397
698.7,79.85,1637,Prepaid,8,0,synthetic
129.06,11.57,305,Wallet,23,0,real_openml_creditcard_42397
83.25,5.76,194,COD,10,0,real_openml_creditcard_42397
649.3,44.51,1168,Wallet,10,0,synthetic
114.99,9.79,271,Wallet,7,0,real_openml_creditcard_42397
770.96,109.42,2057,Wallet,12,0,synthetic
92.79,97.61,1305,Prepaid,5,0,synthetic
95.24,5.02,196,Wallet,21,0,real_openml_creditcard_42397
242.6,84.82,1286,Prepaid,15,0,synthetic
125.37,39.56,638,Prepaid,4,0,synthetic
718.75,75.84,1607,Wallet,13,0,synthetic
358.32,69.48,1206,Wallet,20,0,synthetic
690.59,102.99,1907,Prepaid,15,0,synthetic
141.21,19.91,416,COD,4,0,real_openml_creditcard_42397
69.49,16.12,306,Prepaid,7,0,real_openml_creditcard_42397
409.55,28.28,758,COD,11,0,real_openml_creditcard_42397
42.16,14.0,256,Prepaid,13,0,real_openml_creditcard_42397
460.71,94.47,1598,COD,0,0,synthetic
161.18,54.1,844,Wallet,3,0,synthetic
506.22,77.31,1433,COD,11,0,synthetic
91.01,4.67,188,COD,15,0,real_openml_creditcard_42397
349.46,16.97,568,Wallet,9,0,synthetic
197.04,28.91,574,Prepaid,1,0,synthetic
443.42,112.26,1796,Prepaid,16,0,synthetic
702.23,55.65,1350,COD,5,0,synthetic
86.36,8.11,225,Wallet,11,0,real_openml_creditcard_42397
331.13,29.78,705,Prepaid,18,0,synthetic
246.75,50.62,880,Wallet,19,0,synthetic
422.87,66.95,1234,COD,8,0,synthetic
73.79,110.32,1440,COD,17,0,synthetic
38.58,15.27,268,COD,12,0,real_openml_creditcard_42397
685.74,34.33,1079,Prepaid,14,0,synthetic
250.05,7.16,361,Prepaid,12,0,real_openml_creditcard_42397
15.47,13.34,224,Wallet,20,0,real_openml_creditcard_42397
45.23,17.19,297,COD,14,0,real_openml_creditcard_42397
620.99,68.32,1429,Prepaid,15,0,synthetic
586.58,61.57,1317,Wallet,15,0,synthetic
121.14,95.04,1299,Wallet,10,0,synthetic
188.61,41.53,718,Wallet,4,0,synthetic
267.66,34.04,699,Wallet,20,0,synthetic
115.37,39.15,624,Prepaid,17,0,synthetic
178.25,57.14,896,Prepaid,3,0,synthetic
151.26,3.99,234,COD,15,0,real_openml_creditcard_42397
272.45,9.01,403,Prepaid,9,0,synthetic
442.48,77.25,1375,Prepaid,0,0,synthetic
485.11,31.09,860,COD,12,0,synthetic
45.26,7.44,180,COD,13,0,real_openml_creditcard_42397
110.28,9.56,264,Wallet,7,0,real_openml_creditcard_42397
170.87,4.1,253,COD,18,0,real_openml_creditcard_42397
68.4,9.54,226,Wallet,13,0,real_openml_creditcard_42397
260.83,91.36,1381,COD,15,0,synthetic
118.37,4.21,207,COD,9,0,real_openml_creditcard_42397
538.28,77.31,1462,COD,3,0,synthetic
589.52,55.44,1246,COD,12,0,synthetic
462.89,114.8,1844,Prepaid,22,0,synthetic
11.45,10.14,182,Wallet,14,0,real_openml_creditcard_42397
708.79,118.66,2112,Wallet,11,1,synthetic
141.34,5.23,240,Wallet,12,0,real_openml_creditcard_42397
125.32,2.18,189,Prepaid,15,0,real_openml_creditcard_42397
634.89,119.68,2058,Wallet,1,0,synthetic
636.94,56.31,1299,COD,23,0,synthetic
96.15,4.96,196,COD,20,0,real_openml_creditcard_42397
588.24,65.11,1361,COD,16,0,synthetic
470.85,108.59,1777,COD,20,0,synthetic
76.98,5.23,182,Wallet,23,0,real_openml_creditcard_42397
44.48,21.66,350,Wallet,10,0,real_openml_creditcard_42397
140.0,5.58,243,Wallet,18,0,real_openml_creditcard_42397
57.52,8.19,200,COD,19,0,real_openml_creditcard_42397
101.6,110.05,1462,Prepaid,3,0,synthetic
113.72,2.47,182,COD,20,0,real_openml_creditcard_42397
758.76,43.71,1257,COD,21,0,synthetic
479.48,27.57,812,COD,1,0,synthetic
14.8,11.06,196,Prepaid,4,0,real_openml_creditcard_42397
601.06,76.56,1510,COD,2,0,synthetic
94.37,34.45,548,Wallet,17,0,synthetic
478.38,8.04,577,Prepaid,0,0,real_openml_creditcard_42397
285.75,76.55,1226,Prepaid,5,0,synthetic
320.68,11.47,476,Prepaid,3,0,synthetic
648.89,63.05,1391,Prepaid,16,0,synthetic
17.92,11.49,204,COD,21,0,real_openml_creditcard_42397
577.07,46.11,1123,Wallet,15,0,synthetic
127.28,1.37,181,Prepaid,16,0,real_openml_creditcard_42397
405.95,41.32,911,Prepaid,21,0,synthetic
170.76,70.66,1052,Prepaid,11,0,synthetic
119.73,4.94,217,Prepaid,22,0,real_openml_creditcard_42397
312.72,12.8,485,Wallet,13,0,real_openml_creditcard_42397
20.97,12.51,219,Wallet,10,0,real_openml_creditcard_42397
80.43,19.3,354,Prepaid,2,0,synthetic
33.62,10.9,211,Prepaid,10,0,real_openml_creditcard_42397
207.29,45.08,777,Prepaid,17,0,synthetic
74.7,100.3,1321,Wallet,23,0,synthetic
48.97,9.74,211,Prepaid,20,0,real_openml_creditcard_42397
585.38,5.09,638,COD,21,0,synthetic
91.06,103.54,1374,Prepaid,23,0,synthetic
44.35,55.77,759,Wallet,18,0,synthetic
3.5,117.98,1469,COD,20,0,synthetic
469.98,42.3,981,Wallet,22,0,synthetic
325.86,114.42,1716,Wallet,7,0,synthetic
134.14,2.27,198,Wallet,12,0,real_openml_creditcard_42397
143.3,29.09,528,COD,11,0,real_openml_creditcard_42397
153.52,73.19,1066,COD,19,0,synthetic
763.19,80.35,1701,COD,11,0,synthetic
56.78,6.74,182,COD,20,0,real_openml_creditcard_42397
431.61,8.71,543,Wallet,16,0,real_openml_creditcard_42397
29.41,12.04,221,COD,22,0,real_openml_creditcard_42397
198.13,102.54,1459,COD,7,0,synthetic
115.02,2.37,182,COD,21,0,real_openml_creditcard_42397
339.15,25.83,665,COD,21,0,synthetic
25.23,9.69,189,COD,12,0,real_openml_creditcard_42397
100.29,3.48,182,Wallet,12,0,real_openml_creditcard_42397
69.6,5.78,182,Prepaid,6,0,real_openml_creditcard_42397
26.17,100.82,1283,COD,10,0,synthetic
258.86,9.25,394,COD,18,0,synthetic
172.67,9.63,321,Prepaid,11,0,real_openml_creditcard_42397
476.8,27.21,806,COD,22,0,synthetic
67.04,13.81,276,Prepaid,0,0,real_openml_creditcard_42397
679.7,1.07,675,Wallet,6,0,synthetic
3.65,81.21,1028,COD,9,0,synthetic
658.62,64.44,1416,Wallet,19,0,synthetic
672.45,70.87,1506,Wallet,9,0,synthetic
2294.56,59.99,2835,COD,13,0,real_openml_creditcard_42397
461.62,18.97,693,Wallet,5,0,synthetic
77.23,6.87,202,Prepaid,18,0,real_openml_creditcard_42397
620.75,95.32,1752,Prepaid,11,0,synthetic
2251.24,28.74,2421,COD,19,0,real_openml_creditcard_42397
436.67,118.93,1870,Wallet,21,0,synthetic
480.45,101.87,1705,COD,7,0,synthetic
483.14,118.17,1903,Prepaid,1,0,synthetic
105.68,3.16,183,COD,10,0,real_openml_creditcard_42397
286.75,56.61,987,Wallet,11,0,synthetic
16.76,99.99,1265,COD,19,0,real_openml_creditcard_42397
699.04,24.59,974,Wallet,12,0,synthetic
63.53,6.24,182,Wallet,16,0,real_openml_creditcard_42397
127.21,58.38,865,Wallet,0,0,real_openml_creditcard_42397
166.95,0.65,208,COD,13,0,real_openml_creditcard_42397
120.29,5.19,221,Wallet,17,0,synthetic
307.29,92.81,1440,Wallet,19,0,synthetic
542.59,61.93,1281,COD,5,0,synthetic
291.99,101.92,1536,COD,20,0,synthetic
99.73,4.69,196,Wallet,22,0,real_openml_creditcard_42397
203.85,115.99,1625,Wallet,14,0,synthetic
39.81,55.56,753,Wallet,20,0,synthetic
50.33,11.48,233,COD,14,0,real_openml_creditcard_42397
144.95,30.21,543,Prepaid,18,0,real_openml_creditcard_42397
21.69,24.21,360,Wallet,21,0,real_openml_creditcard_42397
321.18,19.9,578,COD,6,0,synthetic
280.79,86.4,1339,COD,11,0,synthetic
45.41,47.3,659,Wallet,21,0,synthetic
72.79,11.12,249,COD,7,0,real_openml_creditcard_42397
402.02,92.13,1517,Wallet,9,0,synthetic
14.77,12.48,213,Prepaid,14,0,real_openml_creditcard_42397
580.14,68.22,1391,Prepaid,4,0,synthetic
66.5,6.43,187,Wallet,22,0,real_openml_creditcard_42397
270.08,84.6,1308,Wallet,14,0,synthetic
714.71,17.47,903,COD,0,0,synthetic
581.28,4.74,630,Wallet,8,0,synthetic
345.36,113.18,1719,COD,3,0,synthetic
291.21,117.32,1720,Wallet,14,0,synthetic
528.7,63.59,1289,Prepaid,5,0,synthetic
340.19,15.16,538,COD,8,0,synthetic
769.02,59.18,1452,COD,18,0,synthetic
11.01,13.01,216,COD,12,0,real_openml_creditcard_42397
570.74,113.33,1924,COD,14,0,synthetic
462.03,34.36,878,Wallet,20,0,synthetic
158.91,71.87,1055,COD,21,0,synthetic
52.86,9.45,211,Wallet,21,0,real_openml_creditcard_42397
176.91,85.57,1236,Prepaid,7,0,synthetic
68.05,13.31,271,Wallet,15,0,real_openml_creditcard_42397
214.89,78.87,1190,Wallet,6,0,synthetic
415.5,61.99,1168,Wallet,4,0,synthetic
501.61,56.5,1179,Wallet,0,0,synthetic
118.77,89.12,1226,COD,20,0,synthetic
262.18,35.45,711,Wallet,8,1,synthetic
72.13,5.59,182,COD,20,0,real_openml_creditcard_42397
4769.94,169.67,6379,Prepaid,9,0,real_openml_creditcard_42397
684.23,73.07,1543,COD,14,0,synthetic
159.31,8.31,293,Wallet,11,0,synthetic
698.37,70.07,1519,Prepaid,9,0,synthetic
93.24,15.67,322,Prepaid,15,0,real_openml_creditcard_42397
309.19,12.06,473,Wallet,14,0,real_openml_creditcard_42397
160.15,0.91,205,COD,23,0,real_openml_creditcard_42397
268.95,7.0,376,COD,16,0,real_openml_creditcard_42397
339.8,7.85,450,Wallet,12,0,real_openml_creditcard_42397
161.26,35.87,626,Wallet,21,0,synthetic
715.69,106.51,1972,Prepaid,14,0,synthetic
100.4,53.45,782,COD,14,0,synthetic
757.81,36.53,1170,COD,7,0,synthetic
15.78,10.57,191,COD,21,0,real_openml_creditcard_42397
702.46,7.01,766,COD,8,0,synthetic
225.47,116.07,1646,Wallet,2,0,synthetic
399.19,7.98,505,COD,19,0,real_openml_creditcard_42397
730.16,108.73,2012,Prepaid,15,0,synthetic
156.73,4.49,245,COD,21,0,real_openml_creditcard_42397
297.09,28.28,657,Prepaid,15,0,synthetic
386.87,55.04,1059,Prepaid,20,0,synthetic
205.57,15.08,416,Wallet,7,0,real_openml_creditcard_42397
129.04,2.32,194,COD,23,0,real_openml_creditcard_42397
523.73,117.5,1931,Wallet,14,0,synthetic
243.35,85.1,1290,Prepaid,23,0,synthetic
87.16,5.46,194,Wallet,18,0,real_openml_creditcard_42397
406.25,56.61,1095,COD,23,0,synthetic
139.6,81.43,1153,Wallet,23,0,synthetic
28.52,49.53,670,COD,11,0,real_openml_creditcard_42397
14.32,11.93,206,Wallet,11,0,real_openml_creditcard_42397
651.82,21.11,890,Wallet,10,0,real_openml_creditcard_42397
109.09,3.35,188,COD,8,1,synthetic
123.1,7.02,245,Prepaid,12,0,real_openml_creditcard_42397
225.73,14.61,429,Wallet,19,0,synthetic
17.68,10.84,196,COD,19,0,real_openml_creditcard_42397
38.21,9.13,194,Prepaid,0,0,real_openml_creditcard_42397
267.16,4.38,343,Prepaid,20,0,real_openml_creditcard_42397
564.08,31.56,936,COD,21,0,synthetic
35.99,17.97,298,Wallet,11,0,real_openml_creditcard_42397
758.72,83.58,1736,Prepaid,22,0,synthetic
767.19,55.87,1411,Wallet,3,0,synthetic
1526.3,26.94,1747,COD,17,0,real_openml_creditcard_42397
1.52,68.38,872,COD,0,0,synthetic
197.75,111.93,1571,Prepaid,6,1,synthetic
47.33,11.7,233,Prepaid,18,0,real_openml_creditcard_42397
139.89,44.55,711,Prepaid,1,0,synthetic
699.7,88.71,1744,Prepaid,21,0,synthetic
578.82,58.59,1274,Wallet,10,0,real_openml_creditcard_42397
732.93,102.11,1935,Wallet,9,0,synthetic
89.84,9.93,250,COD,21,0,synthetic
22.66,67.04,875,Prepaid,20,0,synthetic
635.64,33.42,1023,Wallet,21,0,synthetic
22.97,10.61,198,COD,23,0,real_openml_creditcard_42397
60.53,9.96,224,Prepaid,15,0,real_openml_creditcard_42397
249.45,42.3,782,COD,5,0,synthetic
71.04,7.34,202,COD,7,0,real_openml_creditcard_42397
169.75,5.69,271,COD,20,0,real_openml_creditcard_42397
278.29,25.13,602,Wallet,13,0,real_openml_creditcard_42397
569.22,105.18,1824,Wallet,7,0,synthetic
312.65,11.13,465,Wallet,10,0,real_openml_creditcard_42397
115.93,27.23,481,Prepaid,17,0,synthetic
527.54,108.19,1823,COD,14,0,synthetic
642.54,63.81,1394,COD,17,0,synthetic
171.98,3.27,244,Prepaid,20,0,real_openml_creditcard_42397
133.23,1.92,193,Prepaid,15,0,real_openml_creditcard_42397
127.32,49.17,755,Prepaid,7,0,synthetic
105.7,18.57,368,COD,16,0,real_openml_creditcard_42397
699.9,42.17,1186,COD,15,0,synthetic
181.69,48.9,800,Prepaid,2,0,synthetic
12.7,10.13,183,Wallet,16,0,real_openml_creditcard_42397
60.3,16.98,308,Prepaid,13,0,real_openml_creditcard_42397
449.6,118.79,1880,COD,6,0,synthetic
678.92,10.93,792,COD,9,0,synthetic
95.51,4.42,189,Prepaid,0,0,real_openml_creditcard_42397
555.49,100.57,1757,Wallet,22,0,synthetic
396.42,8.94,514,Prepaid,10,0,real_openml_creditcard_42397
508.76,110.51,1834,Wallet,14,0,synthetic
373.68,100.22,1589,COD,1,0,synthetic
379.49,61.46,1129,Prepaid,6,0,synthetic
52.26,11.41,234,Prepaid,13,0,real_openml_creditcard_42397
626.43,25.15,916,COD,18,0,synthetic
483.31,64.52,1259,COD,12,0,synthetic
737.07,114.76,2091,COD,20,0,synthetic
799.28,72.06,1634,Wallet,8,0,synthetic
137.3,111.05,1506,Prepaid,23,0,synthetic
163.82,109.63,1513,Wallet,9,0,synthetic
211.82,53.85,887,COD,1,0,synthetic
1.98,11.02,184,COD,23,0,real_openml_creditcard_42397
603.7,3.74,638,COD,23,0,synthetic
564.54,112.64,1910,Wallet,18,1,synthetic
134.81,49.95,771,Wallet,14,0,synthetic
635.0,90.48,1707,Prepaid,22,0,synthetic
651.43,49.33,1228,Wallet,6,0,synthetic
33.92,9.04,189,COD,13,0,real_openml_creditcard_42397
216.4,17.69,457,COD,0,0,synthetic
263.53,50.03,888,Prepaid,0,0,synthetic
132.69,1.72,190,COD,15,0,real_openml_creditcard_42397
565.03,43.83,1084,Wallet,3,0,synthetic
116.56,12.51,305,COD,6,0,real_openml_creditcard_42397
48.02,71.94,957,Wallet,4,0,synthetic
9.6,13.03,215,Wallet,12,0,real_openml_creditcard_42397
55.51,39.16,570,COD,2,0,synthetic
149.99,13.17,343,Prepaid,11,0,real_openml_creditcard_42397
322.25,109.65,1656,Prepaid,20,0,synthetic
48.5,6.64,173,Prepaid,21,0,synthetic
281.82,117.07,1709,COD,20,0,synthetic
83.16,4.93,184,Prepaid,21,0,real_openml_creditcard_42397
34.14,74.25,972,Wallet,12,0,synthetic
248.41,67.93,1089,COD,18,1,synthetic
478.72,108.73,1786,Prepaid,5,0,synthetic
780.52,91.46,1850,Wallet,17,0,synthetic
572.39,3.18,603,COD,15,0,synthetic
111.51,2.89,185,Prepaid,15,0,real_openml_creditcard_42397
430.08,99.3,1629,Wallet,3,0,synthetic
74.63,9.65,233,Wallet,10,0,real_openml_creditcard_42397
754.13,13.33,889,Prepaid,7,0,synthetic
442.06,24.19,738,Prepaid,21,0,synthetic
613.03,22.3,869,Wallet,13,0,synthetic
200.36,54.23,881,Wallet,1,0,synthetic
514.62,49.71,1110,COD,17,0,synthetic
71.71,79.88,1073,COD,5,0,synthetic
57.5,10.94,233,COD,12,0,real_openml_creditcard_42397
66.01,25.47,415,Prepaid,18,0,real_openml_creditcard_42397
550.22,82.51,1535,COD,21,0,synthetic
491.34,119.87,1931,Prepaid,21,0,synthetic
640.66,102.51,1857,COD,6,0,synthetic
108.32,5.13,209,Prepaid,12,0,real_openml_creditcard_42397
78.23,11.05,253,COD,11,0,real_openml_creditcard_42397
39.06,81.07,1058,Wallet,19,0,synthetic
377.96,38.93,857,COD,17,0,synthetic
164.02,40.39,682,Wallet,10,0,synthetic
19.75,9.6,183,Prepaid,15,0,real_openml_creditcard_42397
92.29,8.58,236,Wallet,16,0,real_openml_creditcard_42397
93.44,6.08,207,COD,18,0,real_openml_creditcard_42397
39.49,8.96,193,Wallet,1,0,real_openml_creditcard_42397
87.31,5.54,195,Prepaid,15,0,real_openml_creditcard_42397
647.04,13.94,800,Wallet,10,0,synthetic
52.68,88.31,1157,Prepaid,6,0,synthetic
301.89,27.71,654,COD,10,0,synthetic
495.83,31.55,875,Wallet,17,0,synthetic
36.48,9.26,194,Wallet,23,0,real_openml_creditcard_42397
177.18,115.31,1593,Wallet,11,0,synthetic
177.71,114.89,1589,Prepaid,7,0,synthetic
223.45,5.24,314,Prepaid,10,0,real_openml_creditcard_42397
306.44,75.86,1236,Prepaid,23,0,synthetic
250.29,5.56,342,COD,19,0,real_openml_creditcard_42397
12.38,12.82,215,Prepaid,9,0,real_openml_creditcard_42397
552.6,47.35,1116,COD,19,0,synthetic
109.0,74.73,1045,Prepaid,0,0,synthetic
54.7,6.81,181,COD,21,0,real_openml_creditcard_42397
597.52,68.59,1411,Prepaid,4,0,synthetic
137.61,33.25,573,Wallet,23,0,synthetic
562.15,85.14,1578,Wallet,12,0,synthetic
334.76,86.31,1387,COD,17,0,synthetic
293.62,34.65,730,Wallet,19,0,real_openml_creditcard_42397
48.61,7.44,183,Prepaid,19,0,real_openml_creditcard_42397
35.26,11.19,216,COD,14,0,real_openml_creditcard_42397
296.67,104.18,1567,Prepaid,12,0,synthetic
248.93,0.75,283,Prepaid,21,0,real_openml_creditcard_42397
35.52,8.34,182,Wallet,23,0,real_openml_creditcard_42397
216.53,116.94,1648,COD,16,0,synthetic
88.55,5.78,199,Prepaid,21,0,real_openml_creditcard_42397
315.84,2.58,365,COD,20,0,synthetic
748.34,96.16,1877,COD,8,0,synthetic
503.29,30.19,865,Wallet,16,0,synthetic
261.56,14.88,464,Prepaid,14,0,real_openml_creditcard_42397
791.85,90.97,1854,COD,19,0,synthetic
1165.61,66.75,1900,COD,14,0,real_openml_creditcard_42397
713.8,107.59,1984,COD,19,0,synthetic
210.42,32.24,626,COD,23,0,synthetic
91.65,16.63,332,Wallet,11,0,real_openml_creditcard_42397
4.6,83.72,1059,Wallet,20,0,synthetic
559.83,31.02,926,COD,20,0,synthetic
52.55,32.48,487,COD,14,0,real_openml_creditcard_42397
144.93,0.55,187,Prepaid,14,0,real_openml_creditcard_42397
234.02,29.41,614,Wallet,17,0,synthetic
20.1,11.16,202,Wallet,11,0,real_openml_creditcard_42397
625.93,53.47,1255,Prepaid,14,0,real_openml_creditcard_42397
766.48,43.6,1263,Prepaid,0,0,synthetic
71.62,9.55,229,Prepaid,17,0,real_openml_creditcard_42397
128.45,16.14,359,COD,14,0,synthetic
93.3,13.42,295,COD,15,0,real_openml_creditcard_42397
141.73,1.7,198,Prepaid,10,0,real_openml_creditcard_42397
455.69,25.84,770,COD,13,0,synthetic
299.43,40.71,808,Wallet,20,0,synthetic
549.33,94.18,1675,COD,12,0,synthetic
362.34,26.56,695,COD,12,0,synthetic
44.79,101.3,1306,COD,7,0,synthetic
6.34,12.94,211,Wallet,20,0,real_openml_creditcard_42397
343.3,1.67,379,Prepaid,11,0,real_openml_creditcard_42397
161.38,37.72,648,COD,2,0,synthetic
246.11,15.17,454,Wallet,21,0,synthetic
144.45,1.5,198,Wallet,23,0,real_openml_creditcard_42397
40.52,72.39,955,Prepaid,8,0,synthetic
109.87,8.18,247,COD,12,0,real_openml_creditcard_42397
49.56,7.28,182,Wallet,19,0,real_openml_creditcard_42397
84.27,10.1,247,Wallet,16,0,real_openml_creditcard_42397
355.12,73.14,1247,COD,10,0,synthetic
73.59,5.56,183,Prepaid,7,0,real_openml_creditcard_42397
181.67,67.54,1024,Wallet,23,0,synthetic
96.72,42.54,648,Prepaid,4,0,synthetic
478.59,50.09,1082,Wallet,10,0,synthetic
55.35,6.77,181,Wallet,18,0,real_openml_creditcard_42397
519.32,72.89,1392,COD,18,0,synthetic
106.04,12.46,295,Prepaid,16,0,real_openml_creditcard_42397
195.76,2.23,253,Prepaid,1,0,real_openml_creditcard_42397
67.54,16.02,303,Prepaid,9,0,real_openml_creditcard_42397
352.01,12.13,512,Prepaid,13,1,synthetic
32.78,9.87,198,Wallet,18,0,real_openml_creditcard_42397
487.75,115.22,1872,Wallet,18,0,synthetic
344.48,118.81,1786,COD,4,0,synthetic
151.94,106.91,1470,Prepaid,6,0,synthetic
94.38,8.09,232,Prepaid,15,0,real_openml_creditcard_42397
605.03,32.16,980,COD,6,0,synthetic
606.41,76.67,1516,COD,10,0,synthetic
176.46,9.52,323,Prepaid,14,0,real_openml_creditcard_42397
466.58,33.45,871,COD,12,0,synthetic
650.64,39.77,1113,Prepaid,10,0,synthetic
61.67,11.79,247,Wallet,17,0,real_openml_creditcard_42397
6.73,16.59,255,COD,22,0,synthetic
15.46,10.42,189,Prepaid,21,0,real_openml_creditcard_42397
544.73,102.57,1771,COD,3,0,synthetic
114.39,70.3,997,Prepaid,1,0,synthetic
686.82,43.68,1192,COD,12,0,synthetic
459.25,47.28,1031,Wallet,22,0,synthetic
166.97,1.31,216,Prepaid,11,0,real_openml_creditcard_42397
543.01,88.89,1605,Prepaid,12,0,synthetic
316.57,32.86,729,Prepaid,12,0,synthetic
28.07,82.12,1061,Wallet,18,0,synthetic
84.11,5.68,194,COD,7,0,synthetic
521.71,84.14,1529,COD,17,0,synthetic
157.24,0.54,198,Prepaid,21,0,real_openml_creditcard_42397
166.56,4.17,250,Prepaid,22,0,real_openml_creditcard_42397
97.62,9.26,249,Prepaid,12,0,real_openml_creditcard_42397
31.13,86.08,1111,Prepaid,22,0,synthetic
799.99,11.53,908,Wallet,22,0,synthetic
16.7,10.25,188,Prepaid,18,0,real_openml_creditcard_42397
106.49,6.6,225,Wallet,22,0,real_openml_creditcard_42397
257.92,89.98,1362,Wallet,17,0,synthetic
273.77,1.47,314,Wallet,14,0,real_openml_creditcard_42397
2.01,10.93,183,Wallet,16,0,real_openml_creditcard_42397
666.94,97.04,1815,Prepaid,16,0,synthetic
285.57,4.67,363,Prepaid,19,0,real_openml_creditcard_42397
740.87,2.42,746,COD,9,0,synthetic
681.03,101.69,1883,Wallet,19,0,synthetic
58.06,8.23,201,COD,18,0,real_openml_creditcard_42397
255.29,68.73,1104,COD,22,0,synthetic
580.36,36.88,1015,COD,15,0,synthetic
582.39,71.28,1430,Prepaid,15,0,synthetic
59.62,112.09,1449,COD,23,0,synthetic
654.75,88.2,1698,Prepaid,3,0,synthetic
142.97,0.78,188,Prepaid,7,0,real_openml_creditcard_42397
527.98,101.9,1748,Wallet,13,0,synthetic
624.23,75.53,1518,Prepaid,8,0,synthetic
134.76,0.98,183,Prepaid,10,0,real_openml_creditcard_42397
332.88,1.7,370,COD,11,0,real_openml_creditcard_42397
231.7,24.75,556,Wallet,16,0,synthetic
27.34,9.2,185,Prepaid,21,0,real_openml_creditcard_42397
795.9,81.0,1738,Prepaid,6,0,synthetic
16.29,82.69,1057,Prepaid,7,0,synthetic
465.41,58.27,1168,COD,0,0,synthetic
411.22,54.05,1069,COD,14,0,synthetic
529.65,73.22,1405,Prepaid,8,0,synthetic
691.06,66.63,1471,Wallet,23,0,synthetic
4.9,109.73,1371,Wallet,15,0,synthetic
436.23,87.81,1496,COD,16,0,synthetic
293.97,55.41,979,Wallet,20,0,synthetic
12.94,12.28,209,Prepaid,3,0,real_openml_creditcard_42397
121.21,4.49,213,Prepaid,22,0,real_openml_creditcard_42397
13.63,67.13,868,Wallet,15,0,synthetic
469.03,38.38,933,Wallet,20,0,synthetic
110.42,3.05,186,Wallet,23,0,real_openml_creditcard_42397
630.35,106.84,1899,COD,5,0,synthetic
424.84,42.64,944,COD,8,0,synthetic
562.94,40.62,1044,COD,13,1,synthetic
53.69,24.64,394,COD,21,0,real_openml_creditcard_42397
90.82,53.89,778,COD,6,1,synthetic
106.35,6.44,223,Prepaid,10,0,real_openml_creditcard_42397
147.43,1.28,198,Prepaid,9,0,real_openml_creditcard_42397
52.25,7.0,181,Wallet,7,0,real_openml_creditcard_42397
601.59,26.19,906,COD,1,0,synthetic
112.74,71.86,1014,Prepaid,14,0,synthetic
506.52,85.74,1535,COD,23,0,synthetic
499.71,102.24,1727,Prepaid,1,0,synthetic
352.82,22.12,633,COD,17,0,real_openml_creditcard_42397
60.09,76.82,1026,Wallet,5,0,synthetic
67.15,7.13,196,Prepaid,15,0,real_openml_creditcard_42397
215.08,10.54,370,Wallet,17,0,real_openml_creditcard_42397
106.45,16.27,341,Wallet,14,0,real_openml_creditcard_42397
160.83,1.1,208,Prepaid,12,0,real_openml_creditcard_42397
531.18,10.02,648,Wallet,3,0,synthetic
222.27,53.25,889,COD,5,0,synthetic
151.64,7.04,271,Prepaid,23,0,real_openml_creditcard_42397
17.18,68.79,891,COD,17,0,real_openml_creditcard_42397
247.08,97.49,1442,COD,4,0,synthetic
10.28,17.45,269,COD,2,0,synthetic
144.03,0.95,191,Prepaid,20,0,real_openml_creditcard_42397
116.99,5.06,216,Wallet,21,0,real_openml_creditcard_42397
24.65,59.59,787,Wallet,7,0,synthetic
208.01,10.98,369,Prepaid,18,0,real_openml_creditcard_42397
273.25,20.83,546,Prepaid,23,0,synthetic
632.9,98.71,1804,COD,3,0,synthetic
619.59,12.64,759,Prepaid,4,0,synthetic
375.81,92.16,1494,COD,12,0,synthetic
192.58,4.72,280,COD,0,0,real_openml_creditcard_42397
220.26,13.98,416,Wallet,21,0,real_openml_creditcard_42397
452.96,100.68,1666,COD,20,0,synthetic
109.85,2.93,184,COD,14,0,real_openml_creditcard_42397
120.13,91.59,1257,Prepaid,4,0,synthetic
84.59,63.41,887,Wallet,16,0,real_openml_creditcard_42397
663.31,60.07,1368,COD,15,0,synthetic
174.3,22.24,474,Prepaid,12,0,synthetic
309.95,21.82,591,Prepaid,8,0,synthetic
133.39,2.0,194,Prepaid,23,0,real_openml_creditcard_42397
452.3,17.08,662,COD,23,0,synthetic
32.11,8.76,184,Prepaid,20,0,real_openml_creditcard_42397
112.0,91.5,1249,COD,13,0,synthetic
530.82,17.19,734,Prepaid,1,0,synthetic
147.38,87.42,1232,Prepaid,7,0,synthetic
603.14,55.78,1262,Prepaid,17,0,synthetic
79.38,5.63,189,Wallet,9,0,real_openml_creditcard_42397
120.68,1.95,182,Wallet,23,0,real_openml_creditcard_42397
541.24,74.1,1426,Prepaid,17,0,synthetic
297.37,106.69,1598,Prepaid,18,0,synthetic
58.94,43.01,619,Wallet,10,0,synthetic
344.43,72.22,1227,Prepaid,20,0,synthetic
497.26,83.55,1500,COD,12,0,synthetic
156.42,23.1,468,COD,8,0,synthetic
87.1,4.47,182,Wallet,7,0,real_openml_creditcard_42397
552.92,84.16,1558,COD,7,0,synthetic
380.75,113.03,1749,COD,9,0,real_openml_creditcard_42397
25.07,108.45,1374,Wallet,11,0,synthetic
537.67,98.98,1722,Wallet,10,0,synthetic
765.56,31.49,1117,COD,8,0,synthetic
161.54,10.3,319,Wallet,15,0,real_openml_creditcard_42397
297.82,81.25,1293,Wallet,0,0,synthetic
152.82,33.79,593,Prepaid,9,0,real_openml_creditcard_42397
504.37,108.88,1811,Prepaid,15,0,synthetic
93.3,74.84,1032,Wallet,19,0,real_openml_creditcard_42397
726.18,54.11,1353,Wallet,10,0,synthetic
118.19,69.78,994,Prepaid,11,0,synthetic
16.85,14.32,237,Wallet,18,0,real_openml_creditcard_42397
100.45,5.55,207,COD,21,0,real_openml_creditcard_42397
147.95,2.74,216,COD,9,0,real_openml_creditcard_42397
141.82,7.03,262,Prepaid,10,0,real_openml_creditcard_42397
276.75,20.39,544,COD,18,0,synthetic
88.12,4.89,188,Wallet,6,0,real_openml_creditcard_42397
396.41,110.45,1732,Wallet,15,0,synthetic
448.87,54.4,1107,COD,22,0,synthetic
573.62,34.76,983,Wallet,12,0,synthetic
501.18,79.32,1453,Wallet,2,0,synthetic
124.75,4.45,216,Wallet,7,0,synthetic
742.13,91.38,1814,Wallet,10,0,synthetic
795.74,55.27,1429,COD,14,0,synthetic
165.79,1.4,216,Wallet,20,0,real_openml_creditcard_42397
17.16,29.23,416,COD,19,0,synthetic
76.68,5.25,182,Wallet,8,0,real_openml_creditcard_42397
317.1,12.58,486,Prepaid,8,0,synthetic
580.03,36.55,1011,Prepaid,10,0,synthetic
191.2,82.98,1218,COD,8,0,synthetic
559.76,73.63,1437,COD,5,0,synthetic
66.22,42.03,614,Prepaid,9,0,real_openml_creditcard_42397
173.04,59.11,915,COD,17,0,synthetic
6.23,10.53,182,Prepaid,22,0,real_openml_creditcard_42397
133.81,0.96,182,Wallet,11,0,real_openml_creditcard_42397
16.97,105.67,1333,COD,13,0,synthetic
152.43,64.12,957,Wallet,5,0,synthetic
741.94,97.05,1882,Prepaid,17,1,synthetic
704.29,60.69,1412,COD,9,0,synthetic
139.84,1.1,189,COD,5,0,real_openml_creditcard_42397
90.51,113.95,1499,Prepaid,1,0,synthetic
84.86,6.14,200,Prepaid,1,0,real_openml_creditcard_42397
501.79,100.78,1711,Wallet,15,0,synthetic
1.11,12.5,201,COD,9,0,real_openml_creditcard_42397
454.32,92.95,1574,Prepaid,21,0,synthetic
164.46,4.5,252,Wallet,22,0,real_openml_creditcard_42397
154.73,111.24,1524,Wallet,16,0,synthetic
8.44,10.62,185,Prepaid,23,0,real_openml_creditcard_42397
658.62,97.56,1814,COD,19,0,synthetic
128.15,3.97,213,Wallet,8,0,real_openml_creditcard_42397
97.51,48.87,724,COD,18,0,synthetic
548.77,2.34,572,COD,15,0,real_openml_creditcard_42397
633.58,67.49,1430,Prepaid,18,0,synthetic
743.95,79.61,1675,Wallet,8,0,synthetic
369.99,27.72,716,Wallet,10,0,synthetic
71.2,7.08,199,COD,19,0,real_openml_creditcard_42397
189.81,7.68,313,Wallet,11,0,real_openml_creditcard_42397
462.47,31.54,845,Wallet,23,1,synthetic
580.13,72.13,1438,Wallet,23,0,synthetic
191.22,18.41,443,Prepaid,16,0,real_openml_creditcard_42397
49.45,33.44,496,Wallet,13,0,synthetic
798.94,87.95,1824,Prepaid,12,0,synthetic
390.81,30.82,772,Wallet,0,0,synthetic
156.64,69.65,1027,Prepaid,13,0,synthetic
63.44,75.67,1015,Wallet,8,0,synthetic
99.64,83.49,1142,Prepaid,18,0,synthetic
697.66,88.01,1734,COD,18,0,synthetic
704.35,24.5,978,COD,22,0,synthetic
176.71,2.08,234,Prepaid,1,0,real_openml_creditcard_42397
774.56,86.07,1780,Wallet,11,0,synthetic
485.55,44.43,1020,Prepaid,11,0,synthetic
117.34,46.28,711,COD,12,0,synthetic
681.23,117.29,2071,Wallet,5,0,synthetic
210.92,118.33,1660,COD,7,0,synthetic
655.25,106.3,1915,Wallet,5,0,synthetic
79.79,23.85,408,COD,6,0,real_openml_creditcard_42397
11.63,12.63,212,Wallet,12,0,real_openml_creditcard_42397
253.47,6.16,352,Prepaid,17,0,real_openml_creditcard_42397
597.09,37.62,1039,COD,19,0,synthetic
667.76,112.86,2005,Prepaid,5,0,synthetic
41.32,7.9,182,COD,8,0,real_openml_creditcard_42397
220.75,8.26,348,COD,0,0,synthetic
503.78,80.23,1466,Wallet,21,0,synthetic
59.64,6.53,182,Wallet,8,0,real_openml_creditcard_42397
96.25,98.95,1324,Prepaid,13,0,synthetic
380.92,54.4,1046,COD,18,0,synthetic
129.2,7.23,253,COD,14,0,real_openml_creditcard_42397
151.97,7.85,281,Wallet,10,0,real_openml_creditcard_42397
239.74,110.44,1591,Prepaid,5,0,synthetic
68.6,20.77,361,Wallet,14,0,real_openml_creditcard_42397
134.52,8.24,270,COD,14,0,real_openml_creditcard_42397
36.04,22.46,352,Prepaid,14,0,real_openml_creditcard_42397
116.71,3.91,202,COD,16,0,real_openml_creditcard_42397
79.08,7.49,211,Wallet,15,0,real_openml_creditcard_42397
155.55,3.08,227,Wallet,15,0,real_openml_creditcard_42397
66.84,60.21,833,Wallet,14,0,synthetic
432.1,19.92,678,Wallet,16,0,synthetic
117.28,7.2,242,Wallet,8,0,real_openml_creditcard_42397
143.93,9.04,288,COD,7,0,real_openml_creditcard_42397
176.68,6.25,284,COD,19,0,real_openml_creditcard_42397
707.97,71.05,1540,COD,16,0,synthetic
153.22,119.03,1616,COD,1,0,synthetic
35.42,13.39,243,Prepaid,5,0,synthetic
35.49,17.42,291,Wallet,1,0,real_openml_creditcard_42397
180.99,72.57,1084,COD,1,0,synthetic
417.08,73.87,1312,Prepaid,5,0,synthetic
436.31,72.05,1307,Wallet,13,0,synthetic
231.45,38.81,724,Wallet,12,0,real_openml_creditcard_42397
31.88,48.2,657,COD,3,0,synthetic
121.37,3.56,202,Wallet,9,0,real_openml_creditcard_42397
157.72,1.25,207,COD,15,0,real_openml_creditcard_42397
84.23,4.68,182,Wallet,12,0,real_openml_creditcard_42397
176.74,11.91,352,Wallet,14,0,real_openml_creditcard_42397
230.4,39.56,732,Prepaid,2,0,synthetic
454.67,95.82,1609,Prepaid,15,0,synthetic
179.8,81.74,1193,Wallet,1,0,synthetic
139.75,2.27,203,Wallet,21,0,real_openml_creditcard_42397
135.36,0.76,181,Prepaid,23,0,real_openml_creditcard_42397
11.51,11.47,198,Prepaid,17,0,real_openml_creditcard_42397
145.56,3.67,225,Wallet,10,0,real_openml_creditcard_42397
10.02,18.18,277,COD,8,0,synthetic
391.89,9.5,517,Wallet,16,0,synthetic
231.59,11.63,398,COD,16,0,real_openml_creditcard_42397
290.85,60.7,1040,COD,5,0,synthetic
593.72,62.95,1340,Wallet,15,0,synthetic
63.05,13.69,271,Wallet,16,0,real_openml_creditcard_42397
519.43,88.15,1575,Prepaid,12,0,synthetic
691.52,109.12,1982,Wallet,13,0,synthetic
252.85,42.84,792,COD,0,0,synthetic
77.02,88.46,1181,Prepaid,20,0,synthetic
530.65,26.48,845,COD,15,0,synthetic
756.19,79.69,1687,Wallet,12,0,synthetic
12.33,11.74,202,COD,20,0,real_openml_creditcard_42397
317.42,10.91,467,Wallet,13,0,synthetic
512.9,23.12,789,Prepaid,18,0,synthetic
480.24,98.18,1660,Prepaid,14,0,synthetic
114.13,3.02,189,Wallet,17,0,real_openml_creditcard_42397
687.77,58.88,1376,Wallet,10,0,synthetic
103.79,25.72,452,Prepaid,13,0,real_openml_creditcard_42397
634.97,4.18,672,Prepaid,16,0,synthetic
49.7,7.86,189,Prepaid,13,0,real_openml_creditcard_42397
613.17,50.06,1203,COD,20,0,synthetic
20.54,83.72,1073,COD,22,0,synthetic
454.16,10.2,581,Prepaid,18,0,synthetic
569.64,49.11,1152,COD,12,0,synthetic
311.62,116.32,1726,Wallet,11,0,synthetic
432.78,61.78,1181,COD,23,0,synthetic
657.95,26.62,962,COD,2,1,synthetic
657.13,97.44,1811,Prepaid,5,0,synthetic
17.26,15.46,251,COD,3,0,real_openml_creditcard_42397
172.88,54.49,859,Wallet,7,0,synthetic
665.04,71.28,1504,Wallet,13,0,synthetic
123.22,25.7,469,Wallet,15,0,synthetic
490.63,22.15,757,COD,1,0,synthetic
201.04,2.27,258,Wallet,9,0,synthetic
677.52,48.75,1245,Prepaid,6,0,synthetic
202.44,2.57,263,Prepaid,21,0,real_openml_creditcard_42397
77.62,68.0,936,Prepaid,5,0,synthetic
662.97,116.43,2044,Prepaid,10,0,synthetic
144.98,93.87,1307,Prepaid,6,0,synthetic
147.69,1.17,197,Wallet,22,0,real_openml_creditcard_42397
536.14,16.39,729,Prepaid,19,0,synthetic
44.61,29.4,443,Prepaid,13,0,real_openml_creditcard_42397
244.38,95.78,1419,Wallet,19,0,synthetic
459.62,14.47,637,COD,10,0,synthetic
666.43,55.68,1318,Prepaid,3,0,synthetic
340.61,1.2,371,Prepaid,14,0,real_openml_creditcard_42397
49.08,7.65,186,COD,23,0,real_openml_creditcard_42397
288.93,25.67,618,Prepaid,6,0,synthetic
122.91,3.2,199,Prepaid,2,0,real_openml_creditcard_42397
57.65,19.18,332,Wallet,20,0,real_openml_creditcard_42397
722.99,91.35,1797,Wallet,3,0,synthetic
597.63,50.51,1194,COD,12,0,synthetic
103.74,45.91,694,Prepaid,2,0,synthetic
48.97,64.68,870,COD,8,0,synthetic
487.48,17.61,700,Wallet,19,0,real_openml_creditcard_42397
92.79,25.58,440,Wallet,18,0,synthetic
177.72,74.5,1104,Prepaid,15,0,synthetic
79.31,113.5,1483,Wallet,14,0,synthetic
1.0,12.74,204,Prepaid,8,0,real_openml_creditcard_42397
666.31,104.74,1907,Wallet,15,0,synthetic
278.1,103.71,1545,Prepaid,19,0,synthetic
90.46,68.55,954,Prepaid,13,0,synthetic
681.64,29.3,1015,Prepaid,7,0,synthetic
62.29,42.46,616,COD,17,0,synthetic
341.14,58.7,1061,COD,2,0,synthetic
113.32,2.5,182,COD,0,0,real_openml_creditcard_42397
371.03,28.8,730,Prepaid,20,0,synthetic
603.05,105.78,1862,COD,8,0,synthetic
216.33,34.68,661,Prepaid,18,0,synthetic
295.19,1.96,339,Prepaid,20,0,synthetic
394.51,5.52,471,COD,9,0,synthetic
126.31,1.36,180,COD,2,0,real_openml_creditcard_42397
40.46,13.72,251,Prepaid,12,0,real_openml_creditcard_42397
787.26,82.72,1751,COD,23,0,synthetic
101.33,38.21,600,COD,22,0,synthetic
556.14,33.22,949,Prepaid,22,0,synthetic
145.54,2.42,210,Prepaid,12,0,real_openml_creditcard_42397
705.87,49.98,1285,Prepaid,0,0,synthetic
45.08,54.31,742,COD,9,1,synthetic
350.95,76.86,1288,COD,18,0,synthetic
45.81,9.15,201,COD,11,0,real_openml_creditcard_42397
433.05,12.52,590,Wallet,10,0,real_openml_creditcard_42397
95.1,25.75,445,Wallet,23,0,synthetic
36.97,11.06,216,COD,0,0,real_openml_creditcard_42397
181.01,87.02,1257,Wallet,12,0,synthetic
560.96,115.92,1946,Wallet,23,0,synthetic
55.25,9.27,211,Wallet,12,0,real_openml_creditcard_42397
551.68,4.87,605,Prepaid,11,0,real_openml_creditcard_42397
87.19,4.46,182,COD,10,0,real_openml_creditcard_42397
160.91,111.33,1531,Wallet,3,0,synthetic
401.74,20.07,652,Wallet,20,0,synthetic
176.25,1.11,222,COD,20,0,real_openml_creditcard_42397
92.78,6.87,216,Wallet,18,0,real_openml_creditcard_42397
752.86,30.98,1099,COD,16,0,synthetic
101.31,3.4,182,COD,18,0,real_openml_creditcard_42397
134.3,0.93,182,Wallet,1,0,real_openml_creditcard_42397
51.32,7.57,187,COD,20,0,real_openml_creditcard_42397
650.22,89.0,1703,COD,23,0,synthetic
582.36,19.57,809,Prepaid,18,0,real_openml_creditcard_42397
162.72,83.53,1199,Wallet,12,0,synthetic
119.48,6.29,233,COD,3,0,real_openml_creditcard_42397
11.4,10.07,181,COD,18,0,synthetic
441.96,97.45,1617,COD,18,1,synthetic
613.0,43.41,1123,COD,11,0,synthetic
27.65,15.68,263,COD,19,0,real_openml_creditcard_42397
399.82,67.03,1214,Prepaid,20,0,synthetic
407.23,16.05,609,Prepaid,17,0,synthetic
362.9,85.07,1398,Wallet,11,0,synthetic
173.8,5.38,271,COD,19,0,real_openml_creditcard_42397
542.42,78.15,1476,Wallet,9,0,real_openml_creditcard_42397
266.57,40.08,771,Prepaid,18,0,synthetic
60.3,6.48,182,COD,19,0,real_openml_creditcard_42397
390.48,116.09,1795,COD,21,0,synthetic
73.81,105.15,1378,COD,20,0,synthetic
63.98,12.55,258,Prepaid,22,0,synthetic
169.23,8.56,305,COD,23,0,real_openml_creditcard_42397
11.89,11.69,201,Wallet,10,0,real_openml_creditcard_42397
49.59,113.8,1460,Wallet,5,0,synthetic
126.78,7.41,253,COD,7,0,real_openml_creditcard_42397
320.12,6.62,417,COD,14,0,synthetic
1047.86,12.74,1146,COD,19,0,real_openml_creditcard_42397
529.03,106.77,1807,COD,14,0,synthetic
132.15,3.26,208,Prepaid,15,0,real_openml_creditcard_42397
106.1,3.21,184,COD,11,0,real_openml_creditcard_42397
87.55,14.85,307,Prepaid,8,0,real_openml_creditcard_42397
97.58,52.43,767,Wallet,21,0,real_openml_creditcard_42397
67.35,6.87,193,Wallet,12,0,real_openml_creditcard_42397
186.92,10.4,343,Prepaid,8,0,real_openml_creditcard_42397
356.76,40.46,857,COD,4,0,synthetic
444.65,71.78,1311,Wallet,5,0,synthetic
98.73,3.85,185,COD,15,0,real_openml_creditcard_42397
520.32,101.32,1734,Prepaid,17,0,synthetic
340.38,44.47,890,Wallet,13,0,synthetic
409.06,65.03,1198,Wallet,5,0,synthetic
54.7,13.31,259,COD,22,0,real_openml_creditcard_42397
177.12,4.63,265,Wallet,14,0,real_openml_creditcard_42397
508.16,84.03,1516,COD,22,0,synthetic
97.57,5.35,202,COD,1,0,real_openml_creditcard_42397
423.12,79.12,1380,Prepaid,13,1,synthetic
25.78,11.65,213,COD,20,0,real_openml_creditcard_42397
164.07,106.99,1482,Prepaid,17,0,synthetic
798.16,74.35,1661,Prepaid,7,0,synthetic
121.97,24.53,454,COD,19,0,synthetic
40.27,8.9,193,Wallet,6,0,real_openml_creditcard_42397
56.4,6.55,179,Prepaid,11,0,synthetic
598.15,117.53,1999,Prepaid,20,1,synthetic
544.03,9.72,656,COD,18,0,synthetic
131.55,3.38,209,Wallet,4,0,real_openml_creditcard_42397
144.73,99.35,1372,COD,1,0,synthetic
194.55,11.45,363,Wallet,13,0,synthetic
320.42,100.82,1548,Wallet,16,0,synthetic
343.58,33.58,762,Prepaid,15,0,synthetic
752.43,31.1,1100,Wallet,7,0,synthetic
140.57,40.6,664,COD,3,0,synthetic
275.29,12.52,448,Wallet,13,0,real_openml_creditcard_42397
456.59,81.9,1444,Prepaid,12,0,synthetic
111.38,8.81,256,COD,13,0,real_openml_creditcard_42397
687.69,63.77,1434,Wallet,19,0,synthetic
138.55,95.97,1326,Prepaid,0,0,synthetic
663.84,22.6,919,Wallet,11,0,synthetic
2.78,22.79,326,Prepaid,12,0,real_openml_creditcard_42397
433.46,69.1,1269,COD,22,0,synthetic
670.11,74.21,1544,COD,3,0,synthetic
71.74,8.45,216,COD,12,0,real_openml_creditcard_42397
588.45,26.87,902,Prepaid,21,0,synthetic
619.69,14.33,780,Prepaid,2,0,synthetic
504.28,73.58,1387,COD,6,0,synthetic
8.27,15.3,241,Prepaid,21,0,real_openml_creditcard_42397
137.67,0.67,182,Wallet,9,0,real_openml_creditcard_42397
389.3,11.22,535,Prepaid,16,0,real_openml_creditcard_42397
796.34,116.49,2165,COD,15,0,synthetic
129.7,1.61,186,COD,3,0,real_openml_creditcard_42397
15.38,11.18,198,COD,11,0,real_openml_creditcard_42397
166.27,78.05,1136,Prepaid,14,0,synthetic
194.98,86.06,1258,COD,8,0,synthetic
670.9,100.4,1859,COD,10,0,synthetic
116.62,6.17,229,COD,1,0,real_openml_creditcard_42397
487.09,44.6,1024,Prepaid,8,0,synthetic
143.51,14.99,359,Prepaid,15,0,real_openml_creditcard_42397
148.74,2.76,217,Wallet,21,0,real_openml_creditcard_42397
760.12,101.17,1948,Wallet,21,0,synthetic
84.55,8.83,232,COD,23,0,real_openml_creditcard_42397
591.74,90.71,1671,COD,22,0,synthetic
300.62,64.24,1091,COD,20,0,synthetic
267.34,9.53,405,Wallet,13,0,real_openml_creditcard_42397
34.64,12.15,227,Prepaid,23,0,real_openml_creditcard_42397
615.58,75.21,1507,COD,11,0,synthetic
67.16,5.96,182,Prepaid,7,0,real_openml_creditcard_42397
155.24,34.52,604,COD,12,0,real_openml_creditcard_42397
284.75,0.81,316,COD,14,0,real_openml_creditcard_42397
60.18,70.93,955,Prepaid,7,0,synthetic
118.54,3.11,194,Wallet,23,0,real_openml_creditcard_42397
535.5,21.17,786,COD,22,0,real_openml_creditcard_42397
268.54,2.69,324,Prepaid,9,0,real_openml_creditcard_42397
619.21,18.08,824,Wallet,18,0,synthetic
746.0,99.12,1911,COD,7,0,synthetic
167.48,2.02,225,Wallet,21,0,real_openml_creditcard_42397
696.52,26.83,999,Wallet,9,0,synthetic
610.79,29.81,957,COD,17,0,synthetic
150.38,10.22,308,COD,15,0,real_openml_creditcard_42397
279.01,20.95,552,Wallet,12,1,synthetic
242.07,58.69,972,COD,11,0,synthetic
403.88,32.5,803,Prepaid,22,0,synthetic
152.7,0.55,194,COD,8,0,real_openml_creditcard_42397
724.57,99.93,1901,COD,1,1,synthetic
181.98,27.92,549,COD,16,0,synthetic
32.89,14.95,259,COD,21,0,real_openml_creditcard_42397
76.78,16.41,316,Prepaid,12,0,real_openml_creditcard_42397
54.29,8.26,198,Wallet,9,0,real_openml_creditcard_42397
124.21,4.52,216,Prepaid,5,0,real_openml_creditcard_42397
247.19,15.13,454,COD,21,1,synthetic
276.83,57.4,988,Prepaid,3,0,real_openml_creditcard_42397
1.28,10.82,181,COD,7,0,real_openml_creditcard_42397
696.02,6.23,751,Prepaid,7,0,synthetic
218.96,2.41,276,COD,9,0,real_openml_creditcard_42397
647.12,81.2,1607,Wallet,15,0,synthetic
771.65,61.38,1481,COD,18,0,synthetic
49.05,7.24,181,COD,21,0,real_openml_creditcard_42397
117.9,6.07,229,COD,23,0,real_openml_creditcard_42397
309.35,86.47,1366,Wallet,16,0,real_openml_creditcard_42397
426.6,100.08,1635,Prepaid,3,0,synthetic
478.12,66.39,1277,Prepaid,9,0,synthetic
533.06,115.74,1919,COD,15,0,synthetic
468.01,35.27,894,COD,8,0,synthetic
378.21,97.36,1559,Prepaid,4,0,synthetic
145.32,0.85,191,COD,19,0,real_openml_creditcard_42397
62.78,22.03,371,COD,6,0,synthetic
22.26,11.0,202,COD,19,0,real_openml_creditcard_42397
516.29,116.6,1914,Prepaid,10,0,synthetic
213.77,0.8,252,COD,10,0,real_openml_creditcard_42397
30.74,8.69,182,Prepaid,12,0,real_openml_creditcard_42397
50.5,8.21,194,Prepaid,11,0,real_openml_creditcard_42397
416.98,96.54,1584,Wallet,19,0,synthetic
629.64,7.35,705,Wallet,1,0,synthetic
64.28,46.91,671,Wallet,15,0,synthetic
147.13,0.88,193,Prepaid,10,0,real_openml_creditcard_42397
190.53,3.79,267,COD,9,0,real_openml_creditcard_42397
575.09,13.7,732,Wallet,14,0,synthetic
112.85,4.04,200,Wallet,12,0,real_openml_creditcard_42397
282.5,95.97,1456,Wallet,9,0,synthetic
629.98,31.04,990,Prepaid,15,0,synthetic
469.05,54.81,1130,Wallet,22,0,synthetic
193.12,1.02,236,Wallet,18,0,real_openml_creditcard_42397
115.19,2.36,182,COD,19,0,real_openml_creditcard_42397
386.13,44.86,936,Prepaid,7,0,synthetic
387.91,79.83,1357,Wallet,13,0,synthetic
539.63,59.03,1244,Prepaid,1,0,synthetic
8.51,118.69,1482,Prepaid,3,0,synthetic
534.62,56.86,1213,Prepaid,12,0,synthetic
698.52,81.65,1658,COD,7,0,synthetic
754.97,103.72,1974,COD,21,0,synthetic
235.03,56.16,935,COD,16,0,synthetic
502.93,74.87,1401,COD,11,0,synthetic
603.09,90.01,1673,Wallet,21,0,synthetic
167.34,74.19,1091,Wallet,17,0,synthetic
181.87,1.61,233,COD,8,0,real_openml_creditcard_42397
139.25,119.52,1610,COD,1,0,synthetic
376.85,56.19,1063,Wallet,10,0,synthetic
7.62,10.43,182,Prepaid,15,0,real_openml_creditcard_42397
451.0,111.69,1796,Wallet,1,0,synthetic
291.84,110.45,1638,COD,13,0,synthetic
325.44,83.85,1349,Prepaid,12,0,synthetic
84.53,5.33,190,Wallet,9,0,real_openml_creditcard_42397
98.98,4.08,188,Wallet,23,0,real_openml_creditcard_42397
357.15,113.42,1732,Prepaid,15,0,synthetic
216.17,108.23,1543,COD,8,0,synthetic
412.36,6.32,497,Prepaid,1,0,real_openml_creditcard_42397
344.33,2.68,392,Wallet,8,0,real_openml_creditcard_42397
1228.95,36.75,1597,COD,15,0,real_openml_creditcard_42397
531.56,16.11,722,COD,15,0,synthetic
116.07,5.96,226,Wallet,0,0,real_openml_creditcard_42397
296.91,6.01,389,Wallet,7,0,synthetic
700.58,63.64,1444,Prepaid,16,0,synthetic
249.92,11.59,414,Wallet,10,0,real_openml_creditcard_42397
63.8,6.38,184,Prepaid,6,0,real_openml_creditcard_42397
388.78,87.57,1451,Wallet,8,0,synthetic
478.72,80.88,1451,Wallet,20,0,synthetic
313.32,100.54,1539,Prepaid,8,0,synthetic
436.92,12.35,591,COD,22,0,synthetic
481.37,10.03,604,COD,14,0,synthetic
109.76,4.02,197,COD,15,0,real_openml_creditcard_42397
22.72,10.46,196,COD,9,0,real_openml_creditcard_42397
466.37,42.88,984,Prepaid,23,0,synthetic
639.57,46.57,1185,COD,9,0,synthetic
443.97,112.28,1797,Prepaid,11,0,synthetic
101.78,8.37,242,Prepaid,14,0,real_openml_creditcard_42397
136.36,9.44,286,COD,10,0,real_openml_creditcard_42397
91.84,68.37,953,COD,8,0,synthetic
530.85,1.82,550,Prepaid,17,0,synthetic
371.49,75.66,1292,Wallet,20,0,synthetic
145.63,88.88,1248,Wallet,7,0,synthetic
21.69,10.29,193,COD,17,0,real_openml_creditcard_42397
9.87,18.01,275,COD,10,0,real_openml_creditcard_42397
578.58,73.66,1455,COD,1,0,synthetic
154.34,16.51,387,Wallet,12,0,real_openml_creditcard_42397
114.18,5.69,221,Wallet,21,0,real_openml_creditcard_42397
364.48,3.25,417,Prepaid,14,0,real_openml_creditcard_42397
537.76,82.0,1518,Wallet,20,0,synthetic
165.01,33.95,606,Wallet,1,0,synthetic
646.33,11.28,767,COD,22,0,synthetic
284.07,69.57,1141,Prepaid,7,1,synthetic
145.28,47.6,752,Wallet,11,0,synthetic
139.67,3.69,220,Wallet,16,0,real_openml_creditcard_42397
330.65,31.68,728,COD,22,0,synthetic
572.12,80.53,1531,Wallet,16,0,synthetic
350.66,117.04,1770,COD,10,0,synthetic
691.54,116.37,2069,Prepaid,9,0,synthetic
81.39,16.06,316,Prepaid,9,0,real_openml_creditcard_42397
624.63,62.78,1365,COD,7,0,synthetic
48.7,12.43,243,Prepaid,10,0,real_openml_creditcard_42397
94.82,4.06,184,Prepaid,13,0,real_openml_creditcard_42397
62.48,6.81,188,Prepaid,20,0,real_openml_creditcard_42397
51.02,11.17,230,Prepaid,10,0,real_openml_creditcard_42397
397.83,84.36,1420,Wallet,1,0,synthetic
76.84,17.4,328,Wallet,21,0,real_openml_creditcard_42397
29.74,9.44,190,COD,10,0,real_openml_creditcard_42397
6.09,11.54,194,COD,21,0,real_openml_creditcard_42397
291.65,12.04,457,COD,10,0,real_openml_creditcard_42397
13.07,29.44,415,COD,7,0,real_openml_creditcard_42397
213.87,81.57,1221,Prepaid,3,0,synthetic
217.18,50.73,854,Prepaid,23,0,synthetic
692.39,51.91,1296,Prepaid,11,0,synthetic
169.86,3.09,240,Wallet,11,0,real_openml_creditcard_42397
343.33,95.66,1507,Wallet,18,0,synthetic
98.49,84.82,1157,Prepaid,8,0,synthetic
273.61,6.57,375,Wallet,19,0,synthetic
111.52,14.5,324,COD,7,0,synthetic
217.07,36.85,688,COD,23,0,synthetic
77.21,13.38,280,COD,14,0,real_openml_creditcard_42397
718.93,40.45,1182,Prepaid,8,0,synthetic
404.62,28.56,757,COD,22,0,synthetic
72.79,11.46,253,Prepaid,12,0,real_openml_creditcard_42397
495.79,66.68,1296,Prepaid,19,0,synthetic
111.19,2.66,182,Prepaid,21,0,real_openml_creditcard_42397
672.08,72.57,1526,Prepaid,15,0,synthetic
452.45,84.63,1473,Prepaid,6,0,synthetic
159.78,112.0,1538,Wallet,0,0,synthetic
437.91,35.68,872,Wallet,4,0,synthetic
490.08,5.57,558,COD,15,0,synthetic
500.45,119.88,1939,COD,23,0,synthetic
528.3,91.16,1619,Wallet,14,0,synthetic
92.79,41.37,630,Wallet,8,0,real_openml_creditcard_42397
64.38,6.17,182,Wallet,19,0,real_openml_creditcard_42397
60.04,7.75,197,Wallet,2,0,real_openml_creditcard_42397
145.45,23.76,466,COD,12,0,real_openml_creditcard_42397
220.91,0.6,256,Prepaid,9,0,real_openml_creditcard_42397
9.82,31.19,433,Prepaid,19,0,synthetic
87.99,8.73,234,Wallet,23,0,real_openml_creditcard_42397
538.86,55.79,1204,Prepaid,17,0,synthetic
743.52,79.3,1671,Prepaid,22,0,synthetic
104.69,8.65,248,Prepaid,1,0,real_openml_creditcard_42397
405.05,88.43,1476,Prepaid,19,0,synthetic
794.15,73.87,1651,Prepaid,8,0,synthetic
215.23,79.48,1197,Wallet,14,0,synthetic
547.98,40.31,1027,COD,2,0,synthetic
115.48,6.42,231,COD,23,0,real_openml_creditcard_42397
459.61,19.17,694,Prepaid,22,0,synthetic
755.43,25.76,1039,Prepaid,7,0,synthetic
115.11,3.28,193,Wallet,14,0,real_openml_creditcard_42397
685.78,73.0,1543,COD,17,0,synthetic
19.93,10.34,192,COD,13,0,real_openml_creditcard_42397
780.33,49.22,1343,Wallet,15,0,synthetic
432.36,31.5,817,Wallet,18,0,synthetic
595.95,11.89,729,Prepaid,18,0,real_openml_creditcard_42397
249.41,3.04,311,Wallet,22,0,real_openml_creditcard_42397
654.67,32.48,1029,Wallet,2,0,synthetic
29.26,108.75,1381,Wallet,5,0,synthetic
78.99,17.41,330,Wallet,17,0,real_openml_creditcard_42397
74.09,5.44,182,Prepaid,21,0,real_openml_creditcard_42397
174.69,14.9,386,COD,3,0,real_openml_creditcard_42397
750.02,49.95,1324,COD,12,0,synthetic
133.81,0.96,182,Prepaid,14,0,real_openml_creditcard_42397
184.49,4.08,265,COD,20,0,real_openml_creditcard_42397
582.7,101.02,1787,Wallet,15,0,synthetic
256.6,1.61,300,Prepaid,9,1,synthetic
229.86,41.33,753,Wallet,11,0,synthetic
390.81,111.52,1740,Prepaid,3,0,synthetic
567.81,75.64,1469,Wallet,11,0,synthetic
116.02,3.97,202,COD,10,0,real_openml_creditcard_42397
626.34,69.65,1450,Wallet,16,0,synthetic
733.66,22.61,982,Prepaid,4,0,synthetic
280.95,5.19,365,COD,6,0,synthetic
734.05,14.32,882,COD,0,0,synthetic
655.24,85.02,1660,Wallet,5,0,synthetic
348.13,7.06,448,Prepaid,12,0,real_openml_creditcard_42397
779.82,28.1,1089,COD,13,0,synthetic
522.94,60.69,1249,Prepaid,0,0,synthetic
81.47,10.47,249,COD,22,0,real_openml_creditcard_42397
320.33,25.84,648,Prepaid,14,0,synthetic
102.69,66.25,937,Wallet,19,0,synthetic
202.05,13.52,394,Prepaid,2,0,synthetic
105.32,3.52,187,Prepaid,20,0,real_openml_creditcard_42397
373.52,79.45,1340,Prepaid,7,0,synthetic
139.55,6.78,257,COD,10,0,real_openml_creditcard_42397
120.9,48.89,745,Wallet,23,0,synthetic
559.14,117.73,1966,Prepaid,9,0,synthetic
776.59,36.87,1191,Prepaid,21,0,synthetic
338.79,28.79,700,Wallet,7,0,synthetic
117.09,98.01,1331,Prepaid,0,0,synthetic
189.7,3.11,258,COD,14,0,real_openml_creditcard_42397
65.47,9.76,226,Wallet,18,0,real_openml_creditcard_42397
42.73,23.63,372,Wallet,8,0,real_openml_creditcard_42397
97.83,3.66,182,Wallet,17,0,real_openml_creditcard_42397
323.26,113.14,1699,Wallet,19,0,synthetic
483.92,21.45,743,COD,17,0,synthetic
715.74,59.82,1412,COD,22,0,synthetic
764.23,18.48,960,COD,5,0,synthetic
7.08,23.05,333,Wallet,15,0,synthetic
603.48,106.13,1867,COD,8,0,synthetic
54.71,7.06,184,COD,17,0,real_openml_creditcard_42397
144.68,2.9,215,COD,8,0,synthetic
425.91,98.4,1614,COD,20,0,synthetic
700.7,71.71,1541,Prepaid,13,0,synthetic
104.74,7.06,229,Prepaid,13,0,real_openml_creditcard_42397
347.02,39.31,834,Prepaid,21,1,synthetic
289.82,56.79,992,Wallet,2,0,synthetic
338.22,70.0,1194,Prepaid,7,0,synthetic
370.41,92.63,1495,Prepaid,23,0,synthetic
798.41,26.33,1085,Wallet,20,0,synthetic
16.35,29.44,418,Prepaid,18,0,real_openml_creditcard_42397
668.85,9.48,766,Wallet,11,0,synthetic
103.12,6.1,216,Prepaid,15,0,real_openml_creditcard_42397
129.31,10.22,289,COD,22,0,real_openml_creditcard_42397
349.34,70.6,1212,Wallet,14,0,synthetic
77.25,6.37,196,Prepaid,18,0,real_openml_creditcard_42397
326.97,56.94,1028,Wallet,23,0,synthetic
106.59,32.94,541,Wallet,2,0,synthetic
71.98,13.02,271,Prepaid,15,0,real_openml_creditcard_42397
642.75,113.48,1990,Wallet,14,0,synthetic
192.62,91.63,1323,COD,2,0,synthetic
141.75,0.62,185,Prepaid,8,0,real_openml_creditcard_42397
601.68,113.65,1955,COD,6,0,synthetic
590.52,14.13,751,COD,9,0,real_openml_creditcard_42397
123.71,93.31,1281,COD,4,0,synthetic
459.06,7.5,553,Prepaid,14,0,synthetic
691.63,31.52,1051,Prepaid,8,0,synthetic
549.27,74.04,1433,Prepaid,6,0,synthetic
502.53,45.82,1052,Wallet,5,0,synthetic
115.13,2.45,183,Prepaid,17,0,real_openml_creditcard_42397
681.24,6.28,738,COD,20,0,synthetic
283.55,9.47,419,Wallet,6,0,synthetic
21.9,19.44,303,Wallet,19,0,real_openml_creditcard_42397
148.2,12.05,328,COD,6,0,real_openml_creditcard_42397
161.13,87.02,1239,Prepaid,0,0,synthetic
271.02,40.31,778,COD,23,0,synthetic
451.05,28.3,796,Prepaid,18,0,synthetic
217.75,78.0,1182,COD,23,0,synthetic
9.4,110.91,1389,Wallet,23,0,synthetic
139.05,4.99,235,Prepaid,22,0,real_openml_creditcard_42397
152.72,106.41,1464,COD,0,0,synthetic
89.07,5.74,199,Prepaid,13,0,real_openml_creditcard_42397
109.98,19.93,388,Prepaid,1,0,synthetic
130.07,2.91,202,Wallet,7,0,real_openml_creditcard_42397
154.22,100.06,1390,Prepaid,10,0,synthetic
97.22,6.13,211,Wallet,20,0,real_openml_creditcard_42397
255.6,4.55,335,Prepaid,8,0,synthetic
778.08,55.73,1419,Wallet,2,0,synthetic
267.48,82.95,1286,Prepaid,13,0,synthetic
675.26,1.65,678,Prepaid,19,0,synthetic
354.89,38.57,832,Prepaid,14,0,synthetic
387.65,103.47,1641,Prepaid,0,0,synthetic
29.27,19.22,307,Wallet,0,0,real_openml_creditcard_42397
400.77,39.61,886,Prepaid,7,0,synthetic
735.67,39.32,1184,Prepaid,5,0,synthetic
8.37,10.29,181,Prepaid,19,0,real_openml_creditcard_42397
532.7,81.28,1505,COD,17,0,synthetic
74.68,5.4,182,COD,23,0,real_openml_creditcard_42397
64.81,14.56,283,Wallet,9,0,real_openml_creditcard_42397
63.09,44.52,641,Wallet,18,0,real_openml_creditcard_42397
68.11,5.44,177,Wallet,4,0,synthetic
189.5,96.78,1382,Wallet,2,0,synthetic
42.85,8.7,193,Wallet,4,0,real_openml_creditcard_42397
792.04,92.35,1871,Prepaid,22,0,synthetic
332.41,62.15,1095,Wallet,13,0,real_openml_creditcard_42397
341.79,11.95,501,Prepaid,5,0,synthetic
546.58,3.69,586,Prepaid,15,0,synthetic
593.29,15.58,771,COD,13,0,synthetic
592.25,88.66,1647,COD,19,0,synthetic
81.31,9.23,234,Prepaid,18,0,real_openml_creditcard_42397
37.85,8.16,182,COD,13,0,real_openml_creditcard_42397
111.14,4.0,198,Prepaid,19,0,real_openml_creditcard_42397
207.03,94.76,1373,Wallet,14,0,synthetic
968.45,16.78,1123,Wallet,16,0,real_openml_creditcard_42397
368.8,8.95,489,COD,0,0,synthetic
756.05,7.99,826,COD,12,0,synthetic
141.84,4.7,234,Prepaid,15,0,real_openml_creditcard_42397
22.21,59.8,788,COD,5,0,synthetic
50.82,115.65,1484,Prepaid,18,0,synthetic
170.24,2.57,234,COD,8,0,real_openml_creditcard_42397
35.77,16.65,282,Wallet,17,0,real_openml_creditcard_42397
22.11,5.23,133,Wallet,14,0,synthetic
216.14,2.12,270,Prepaid,9,0,real_openml_creditcard_42397
203.87,74.45,1127,Wallet,1,0,synthetic
115.59,2.58,185,Wallet,12,0,real_openml_creditcard_42397
582.42,111.6,1913,Prepaid,7,0,synthetic
336.16,33.04,749,Wallet,10,0,real_openml_creditcard_42397
143.15,73.77,1064,COD,8,0,synthetic
218.4,5.98,318,COD,20,0,synthetic
290.93,39.08,781,COD,11,0,synthetic
27.98,74.35,967,Prepaid,15,0,synthetic
345.46,24.89,660,Wallet,7,0,synthetic
705.59,54.51,1339,COD,20,0,synthetic
414.1,89.14,1492,Wallet,15,0,synthetic
750.1,75.99,1637,COD,18,0,synthetic
154.36,23.17,467,COD,22,0,synthetic
427.69,54.32,1087,Wallet,22,0,synthetic
1755.66,25.33,1934,Prepaid,12,0,real_openml_creditcard_42397
588.49,35.69,1008,COD,12,1,synthetic
84.04,14.51,300,Wallet,19,0,synthetic
257.82,45.84,832,Wallet,15,0,synthetic
733.09,91.66,1810,Wallet,11,0,synthetic
214.76,66.54,1042,COD,0,0,synthetic
400.41,49.68,1007,Wallet,0,0,synthetic
339.76,58.31,1055,COD,12,0,synthetic
61.78,11.82,247,Wallet,6,0,synthetic
18.17,22.39,335,Wallet,17,0,real_openml_creditcard_42397
40.71,19.28,318,COD,13,0,real_openml_creditcard_42397
385.7,60.63,1125,COD,2,0,synthetic
214.67,68.49,1065,COD,12,0,synthetic
30.37,113.35,1438,Wallet,10,0,synthetic
65.27,6.85,191,COD,19,0,real_openml_creditcard_42397
285.83,84.96,1327,Prepaid,12,0,synthetic
114.06,9.81,270,Prepaid,21,0,synthetic
471.97,111.68,1815,Wallet,2,0,synthetic
408.61,87.02,1462,Wallet,16,0,synthetic
211.98,74.18,1131,Prepaid,10,0,synthetic
73.83,89.49,1190,Wallet,11,0,synthetic
178.91,0.75,220,Wallet,14,0,real_openml_creditcard_42397
51.13,7.33,184,Wallet,7,0,real_openml_creditcard_42397
227.38,19.95,494,Wallet,1,0,synthetic
26.83,10.57,201,COD,6,0,real_openml_creditcard_42397
43.21,116.26,1484,Prepaid,8,0,real_openml_creditcard_42397
610.29,80.45,1565,Prepaid,21,0,synthetic
59.52,21.45,361,Prepaid,8,0,real_openml_creditcard_42397
563.5,2.42,586,Prepaid,8,0,synthetic
29.14,8.98,184,Prepaid,17,0,real_openml_creditcard_42397
142.65,72.85,1053,Prepaid,13,0,synthetic
673.39,66.71,1457,COD,2,0,synthetic
482.92,83.95,1492,COD,1,0,synthetic
332.51,101.96,1573,Prepaid,18,0,synthetic
424.06,42.78,945,Prepaid,16,0,real_openml_creditcard_42397
604.09,15.34,778,COD,21,0,synthetic
718.02,43.66,1220,COD,15,0,synthetic
86.2,86.68,1168,Wallet,10,0,synthetic
114.32,35.59,580,Wallet,23,0,real_openml_creditcard_42397
586.98,50.38,1183,Wallet,19,0,synthetic
105.39,3.1,182,Prepaid,20,0,real_openml_creditcard_42397
401.95,149.27,2203,Wallet,21,0,real_openml_creditcard_42397
460.91,70.9,1316,COD,12,0,synthetic
135.62,0.83,182,COD,17,0,real_openml_creditcard_42397
442.31,49.44,1041,Prepaid,9,0,synthetic
215.97,6.72,325,Wallet,5,0,real_openml_creditcard_42397
122.47,1.81,182,COD,23,0,real_openml_creditcard_42397
215.1,42.04,748,COD,15,0,synthetic
13.81,20.63,310,COD,20,0,real_openml_creditcard_42397
82.34,30.32,488,Prepaid,1,0,synthetic
27.19,10.63,202,COD,3,0,real_openml_creditcard_42397
371.06,23.62,667,Wallet,11,0,synthetic
243.86,116.29,1665,Prepaid,5,1,synthetic
715.44,9.56,809,Prepaid,22,0,synthetic
13.21,70.68,910,Prepaid,16,0,synthetic
157.69,57.16,878,COD,8,0,synthetic
138.54,5.28,238,COD,19,0,real_openml_creditcard_42397
705.52,52.89,1320,COD,5,0,synthetic
198.38,110.92,1560,COD,10,0,synthetic
594.02,86.83,1627,Wallet,11,0,synthetic
678.21,4.63,716,Prepaid,0,0,real_openml_creditcard_42397
358.78,114.85,1751,Prepaid,17,0,synthetic
783.18,14.93,934,Wallet,17,0,synthetic
620.24,101.04,1821,COD,1,1,synthetic
691.28,118.78,2098,COD,23,0,synthetic
39.1,8.23,184,Prepaid,15,0,real_openml_creditcard_42397
607.49,48.62,1180,COD,14,0,synthetic
764.83,16.12,932,Wallet,9,0,synthetic
300.85,116.41,1718,COD,10,0,synthetic
291.63,29.03,661,Wallet,5,0,synthetic
243.44,2.33,297,Wallet,16,0,real_openml_creditcard_42397
240.27,51.94,889,Prepaid,15,0,synthetic
552.21,21.98,811,Wallet,7,0,synthetic
264.2,43.47,809,Prepaid,15,0,synthetic
525.95,38.0,979,Prepaid,20,0,synthetic
104.49,3.25,183,COD,6,0,real_openml_creditcard_42397
519.1,18.92,744,COD,14,0,synthetic
2360.37,14.56,2349,Prepaid,11,0,real_openml_creditcard_42397
76.62,65.97,911,Prepaid,13,0,synthetic
131.74,1.12,182,Prepaid,14,0,real_openml_creditcard_42397
98.17,4.64,194,Wallet,14,0,real_openml_creditcard_42397
55.22,18.11,317,Wallet,10,0,real_openml_creditcard_42397
424.0,9.67,548,COD,18,0,synthetic
256.04,9.71,397,Prepaid,14,0,real_openml_creditcard_42397
128.49,1.36,182,Prepaid,17,0,real_openml_creditcard_42397
267.55,101.92,1514,Prepaid,11,0,synthetic
798.56,14.25,940,Wallet,14,0,synthetic
113.0,3.19,190,Prepaid,19,0,real_openml_creditcard_42397
30.06,13.33,237,Prepaid,7,0,real_openml_creditcard_42397
451.34,11.26,591,Prepaid,17,0,synthetic
27.88,9.16,185,Wallet,15,0,real_openml_creditcard_42397
156.68,77.95,1126,Prepaid,8,0,synthetic
57.16,7.96,197,COD,18,0,real_openml_creditcard_42397
341.37,28.67,701,COD,5,0,synthetic
63.63,65.63,895,COD,17,0,synthetic
110.04,110.27,1472,COD,1,1,synthetic
210.01,1.58,258,Wallet,20,0,real_openml_creditcard_42397
594.69,16.6,784,Prepaid,11,0,synthetic
182.11,79.9,1173,Prepaid,13,0,synthetic
36.92,9.4,196,COD,12,0,real_openml_creditcard_42397
354.2,89.33,1441,Wallet,18,0,synthetic
115.28,2.27,181,Wallet,15,0,real_openml_creditcard_42397
797.6,80.75,1737,Prepaid,10,0,synthetic
173.11,22.02,470,Prepaid,0,0,real_openml_creditcard_42397
199.84,64.05,998,Prepaid,18,0,synthetic
63.45,102.05,1332,Prepaid,1,0,synthetic
391.11,16.29,597,Wallet,16,0,synthetic
86.02,8.8,233,COD,22,0,real_openml_creditcard_42397
319.04,8.16,435,COD,6,0,real_openml_creditcard_42397
775.22,26.91,1071,Wallet,16,0,synthetic
615.01,54.68,1260,Wallet,20,0,synthetic
173.79,39.12,676,COD,19,0,synthetic
510.67,71.59,1369,Wallet,6,0,synthetic
132.67,1.63,189,Wallet,18,0,real_openml_creditcard_42397
176.17,117.22,1615,Wallet,22,0,synthetic
459.99,83.96,1471,COD,6,0,synthetic
64.74,15.31,292,Prepaid,15,0,real_openml_creditcard_42397
544.55,38.13,998,COD,11,0,synthetic
718.02,49.85,1294,Wallet,1,0,synthetic
151.73,2.66,218,Wallet,4,0,synthetic
103.01,3.86,189,Prepaid,21,0,real_openml_creditcard_42397
406.24,52.72,1048,Prepaid,12,0,synthetic
561.1,18.69,779,COD,15,0,synthetic
229.45,9.05,365,COD,5,0,synthetic
179.7,4.19,262,Wallet,9,0,real_openml_creditcard_42397
379.26,39.06,860,Wallet,21,0,real_openml_creditcard_42397
60.43,13.88,271,Wallet,18,0,real_openml_creditcard_42397
55.09,19.12,329,COD,9,0,real_openml_creditcard_42397
207.1,1.3,252,Wallet,9,0,real_openml_creditcard_42397
204.27,3.6,277,Wallet,9,0,real_openml_creditcard_42397
123.22,6.21,235,Prepaid,6,0,synthetic
113.84,21.96,416,Prepaid,18,0,real_openml_creditcard_42397
53.4,36.22,533,COD,22,0,synthetic
172.25,17.19,411,COD,13,0,synthetic
210.89,27.77,573,Prepaid,17,0,real_openml_creditcard_42397
35.76,60.66,810,COD,9,0,synthetic
243.33,118.82,1695,Prepaid,15,0,synthetic
477.23,17.22,686,Prepaid,11,0,synthetic
689.54,55.57,1337,Wallet,21,0,synthetic
152.67,72.13,1053,Prepaid,20,0,synthetic
158.66,11.02,325,Prepaid,19,0,real_openml_creditcard_42397
717.62,15.49,882,Prepaid,18,0,synthetic
374.15,39.11,856,COD,13,0,synthetic
141.07,21.25,432,Wallet,15,0,synthetic
534.02,92.99,1647,Prepaid,7,0,synthetic
685.34,61.54,1405,COD,0,0,synthetic
581.5,104.26,1824,Wallet,3,1,synthetic
113.58,48.43,733,Wallet,19,0,synthetic
360.58,76.38,1291,COD,0,0,synthetic
42.93,28.03,425,Prepaid,8,0,synthetic
341.22,2.16,383,COD,13,0,real_openml_creditcard_42397
174.48,35.33,631,Wallet,15,0,real_openml_creditcard_42397
88.09,6.64,209,Prepaid,3,0,real_openml_creditcard_42397
244.09,100.27,1473,Prepaid,14,0,synthetic
621.03,63.05,1365,COD,8,0,synthetic
124.7,9.06,271,Prepaid,6,0,real_openml_creditcard_42397
488.91,17.21,697,COD,3,0,synthetic
205.76,30.32,599,Prepaid,8,0,real_openml_creditcard_42397
147.25,114.28,1554,COD,10,0,synthetic
506.41,117.8,1919,Wallet,15,0,synthetic
130.48,6.3,243,COD,14,0,real_openml_creditcard_42397
187.53,2.02,243,Wallet,1,0,real_openml_creditcard_42397
660.17,76.3,1560,COD,10,0,synthetic
271.29,93.92,1421,Wallet,16,0,synthetic
54.33,9.18,209,COD,20,0,real_openml_creditcard_42397
24.03,40.67,560,COD,23,0,synthetic
97.14,5.71,206,COD,10,0,real_openml_creditcard_42397
49.51,10.44,220,Prepaid,8,0,synthetic
180.4,99.06,1401,Wallet,23,0,synthetic
152.38,1.15,201,Prepaid,16,0,real_openml_creditcard_42397
472.4,13.73,640,COD,7,0,synthetic
267.18,40.89,781,Prepaid,22,0,synthetic
158.84,1.92,216,COD,15,0,real_openml_creditcard_42397
2.58,28.25,391,COD,0,0,synthetic
257.83,56.96,966,Prepaid,1,0,synthetic
100.26,25.98,452,Prepaid,19,0,real_openml_creditcard_42397
436.27,32.87,837,Prepaid,1,0,synthetic
1578.08,150.48,3276,Prepaid,10,0,real_openml_creditcard_42397
409.29,114.79,1796,Wallet,18,0,synthetic
509.61,6.94,592,COD,0,0,synthetic
17.07,9.72,182,Wallet,0,0,real_openml_creditcard_42397
541.33,71.31,1393,COD,9,0,synthetic
113.44,10.83,282,Wallet,8,0,real_openml_creditcard_42397
671.25,43.03,1171,Prepaid,15,0,synthetic
244.62,60.1,991,Wallet,0,0,synthetic
544.65,67.74,1353,COD,1,0,synthetic
327.25,90.03,1425,Prepaid,19,0,synthetic
288.95,19.42,543,COD,11,0,synthetic
746.96,57.4,1411,Prepaid,9,0,synthetic
225.93,5.05,314,Prepaid,14,0,real_openml_creditcard_42397
381.91,32.09,779,COD,7,1,synthetic
26.69,9.0,182,COD,0,0,real_openml_creditcard_42397
100.58,3.62,184,Prepaid,13,0,real_openml_creditcard_42397
149.58,36.64,624,Wallet,23,0,synthetic
347.57,109.0,1671,Prepaid,23,0,synthetic
396.87,51.39,1024,Wallet,5,0,synthetic
93.83,5.55,201,COD,12,0,real_openml_creditcard_42397
76.08,13.71,283,COD,8,0,real_openml_creditcard_42397
149.31,1.47,202,COD,14,0,real_openml_creditcard_42397
405.78,18.26,634,Prepaid,10,0,synthetic
199.4,110.2,1552,COD,20,0,synthetic
658.65,35.33,1067,COD,16,0,synthetic
746.65,117.92,2137,COD,12,0,synthetic
224.77,31.31,628,COD,11,0,real_openml_creditcard_42397
140.84,35.93,608,COD,18,0,synthetic
505.46,19.78,742,COD,18,0,synthetic
47.37,7.53,183,Wallet,17,0,real_openml_creditcard_42397
151.88,7.53,277,Wallet,22,0,real_openml_creditcard_42397
545.35,7.76,634,COD,10,0,synthetic
87.16,20.63,376,COD,19,0,real_openml_creditcard_42397
36.12,10.37,207,COD,19,0,real_openml_creditcard_42397
90.42,4.22,182,COD,11,0,real_openml_creditcard_42397
201.97,2.27,259,Wallet,0,0,real_openml_creditcard_42397
50.56,21.51,354,Wallet,6,0,synthetic
1111.83,6.78,1132,COD,19,0,real_openml_creditcard_42397
357.43,91.29,1467,COD,3,1,synthetic
2.55,17.81,266,Wallet,8,0,real_openml_creditcard_42397
296.93,62.83,1071,Wallet,21,0,synthetic
691.54,64.89,1451,Prepaid,8,0,synthetic
127.2,2.79,198,COD,19,0,real_openml_creditcard_42397
67.54,9.52,225,COD,18,0,real_openml_creditcard_42397
209.3,9.05,347,Prepaid,20,0,real_openml_creditcard_42397
281.69,59.55,1018,COD,18,0,synthetic
685.13,75.91,1578,Prepaid,7,0,synthetic
22.22,11.42,207,Wallet,18,0,real_openml_creditcard_42397
306.01,107.51,1615,Wallet,12,0,synthetic
778.3,39.46,1224,Prepaid,15,0,synthetic
86.08,83.92,1135,Prepaid,17,0,synthetic
97.18,3.96,185,Prepaid,23,0,real_openml_creditcard_42397
262.1,50.77,895,Wallet,22,0,synthetic
567.43,2.64,592,COD,13,0,synthetic
503.46,97.18,1669,Prepaid,18,0,synthetic
51.19,51.17,710,Prepaid,20,0,synthetic
327.32,34.29,756,Wallet,18,0,synthetic
138.2,3.97,222,Prepaid,9,0,real_openml_creditcard_42397
7.47,11.61,196,Wallet,20,0,real_openml_creditcard_42397
658.0,97.39,1811,Prepaid,12,0,synthetic
27.62,9.1,184,Wallet,22,0,real_openml_creditcard_42397
178.27,70.8,1060,Wallet,5,0,synthetic
48.43,83.95,1101,Wallet,11,0,synthetic
130.26,3.31,207,Prepaid,17,0,real_openml_creditcard_42397
406.99,101.12,1630,COD,12,0,synthetic
159.35,1.22,208,Prepaid,15,0,real_openml_creditcard_42397
70.53,5.71,182,Wallet,2,0,real_openml_creditcard_42397
528.82,1.15,540,COD,23,0,synthetic
694.33,91.45,1772,Prepaid,11,0,synthetic
593.52,56.77,1265,Prepaid,8,0,synthetic
56.0,40.43,586,Prepaid,3,0,synthetic
49.08,9.4,207,Wallet,17,0,real_openml_creditcard_42397
69.3,13.97,280,Wallet,15,0,real_openml_creditcard_42397
540.87,49.71,1133,COD,16,0,synthetic
418.01,38.11,884,Prepaid,10,0,synthetic
253.62,15.98,470,Wallet,19,0,real_openml_creditcard_42397
19.35,16.97,271,Wallet,16,0,real_openml_creditcard_42397
431.49,56.54,1117,COD,18,0,synthetic
12.06,12.35,209,Prepaid,15,0,real_openml_creditcard_42397
298.93,7.57,410,Wallet,0,0,synthetic
14.88,11.05,196,Wallet,21,0,real_openml_creditcard_42397
435.66,75.62,1350,COD,6,0,synthetic
63.19,21.01,359,COD,18,0,real_openml_creditcard_42397
395.41,31.16,780,Prepaid,20,0,synthetic
546.73,8.26,641,Prepaid,16,0,synthetic
53.98,8.79,204,Wallet,11,0,real_openml_creditcard_42397
171.55,6.05,277,COD,16,0,real_openml_creditcard_42397
33.58,10.57,207,Prepaid,22,0,real_openml_creditcard_42397
174.22,6.43,284,COD,21,0,real_openml_creditcard_42397
13.28,21.17,316,Prepaid,13,0,real_openml_creditcard_42397
558.39,19.78,790,Wallet,18,0,synthetic
468.2,25.59,778,COD,3,0,synthetic
752.66,59.3,1439,COD,20,0,synthetic
661.73,105.0,1906,COD,12,0,synthetic
83.15,48.15,703,COD,18,0,synthetic
114.13,5.69,221,Prepaid,13,0,real_openml_creditcard_42397
39.05,8.07,182,COD,17,0,real_openml_creditcard_42397
442.38,50.84,1058,COD,6,0,synthetic
123.55,5.7,230,Prepaid,0,0,synthetic
24.8,42.14,578,Prepaid,13,0,real_openml_creditcard_42397
213.2,65.03,1022,COD,9,0,synthetic
26.25,58.76,779,COD,4,0,synthetic
199.38,35.55,656,Wallet,20,0,synthetic
17.87,58.99,774,Wallet,11,0,real_openml_creditcard_42397
1.06,12.84,205,Prepaid,2,0,real_openml_creditcard_42397
106.13,3.12,183,Prepaid,7,0,real_openml_creditcard_42397
381.99,13.66,558,Prepaid,3,1,synthetic
153.86,52.04,813,COD,13,0,real_openml_creditcard_42397
62.52,19.98,346,Prepaid,9,0,real_openml_creditcard_42397
69.74,5.77,182,Prepaid,22,0,real_openml_creditcard_42397
101.14,7.91,236,Prepaid,15,0,real_openml_creditcard_42397
27.58,11.51,213,Prepaid,16,0,real_openml_creditcard_42397
24.62,9.24,183,Prepaid,10,0,real_openml_creditcard_42397
437.45,24.92,743,Prepaid,11,0,synthetic
19.08,11.15,201,Prepaid,18,0,real_openml_creditcard_42397
351.82,69.45,1200,Wallet,6,0,synthetic
88.05,4.4,182,Wallet,18,0,real_openml_creditcard_42397
114.2,22.1,418,Prepaid,17,0,real_openml_creditcard_42397
93.38,79.99,1094,Wallet,4,0,synthetic
229.03,19.75,493,Prepaid,15,0,synthetic
115.44,4.84,212,Wallet,6,0,real_openml_creditcard_42397
604.62,61.09,1327,Prepaid,10,0,synthetic
168.62,69.0,1030,Prepaid,12,0,synthetic
154.32,103.38,1429,Prepaid,20,0,synthetic
49.73,7.44,184,Prepaid,8,0,real_openml_creditcard_42397
193.62,75.99,1136,Prepaid,4,1,synthetic
160.7,119.52,1629,COD,0,0,synthetic
511.48,42.51,1020,Wallet,22,0,synthetic
82.0,54.48,778,Prepaid,6,0,synthetic
710.34,51.52,1307,COD,16,0,synthetic
689.59,77.25,1598,Wallet,17,0,synthetic
65.71,5.99,181,Prepaid,18,0,real_openml_creditcard_42397
550.98,91.05,1639,COD,16,0,synthetic
325.01,27.64,674,COD,4,0,synthetic
798.46,2.15,794,COD,11,0,synthetic
178.29,54.54,865,Prepaid,17,0,real_openml_creditcard_42397
16.74,10.49,191,Prepaid,16,0,real_openml_creditcard_42397
3.99,13.53,216,Wallet,18,0,real_openml_creditcard_42397
358.49,109.13,1682,Wallet,8,0,synthetic
493.33,92.97,1610,COD,17,0,synthetic
478.61,26.38,797,Prepaid,11,0,synthetic
102.11,12.76,295,Prepaid,12,0,real_openml_creditcard_42397
79.09,21.2,376,Wallet,20,0,synthetic
604.68,37.59,1045,COD,6,0,synthetic
150.97,0.51,192,Wallet,1,0,real_openml_creditcard_42397
448.76,29.66,810,Wallet,12,0,synthetic
219.61,60.24,970,COD,8,0,synthetic
379.77,100.91,1603,COD,16,1,synthetic
304.85,3.72,369,COD,20,0,real_openml_creditcard_42397
144.01,113.32,1539,Prepaid,8,0,synthetic
668.05,43.67,1175,COD,20,0,synthetic
573.86,67.65,1378,COD,3,0,synthetic
655.05,52.09,1265,Prepaid,2,0,synthetic
107.03,7.64,238,COD,9,0,real_openml_creditcard_42397
506.79,39.65,982,COD,16,0,synthetic
794.82,118.84,2191,Prepaid,2,0,synthetic
118.09,1.98,180,Prepaid,6,0,real_openml_creditcard_42397
394.1,12.74,558,Prepaid,4,0,synthetic
374.7,47.07,952,Wallet,20,0,synthetic
494.26,18.62,718,COD,20,0,synthetic
246.74,60.75,1001,COD,23,1,synthetic
113.32,3.92,199,Prepaid,18,0,real_openml_creditcard_42397
71.55,5.63,182,Prepaid,22,0,real_openml_creditcard_42397
738.86,55.06,1376,COD,4,0,synthetic
1.23,13.74,216,COD,12,0,real_openml_creditcard_42397
106.94,2.98,182,Prepaid,11,0,real_openml_creditcard_42397
611.19,92.51,1710,Prepaid,12,0,synthetic
123.39,8.5,263,Wallet,17,0,real_openml_creditcard_42397
187.04,7.39,307,Wallet,12,0,real_openml_creditcard_42397
615.61,61.82,1346,COD,5,0,synthetic
347.58,42.47,872,Prepaid,11,0,synthetic
489.42,22.24,757,COD,22,0,synthetic
299.07,91.96,1423,COD,5,0,synthetic
68.9,6.17,186,Wallet,2,0,real_openml_creditcard_42397
537.75,88.45,1595,Wallet,18,0,synthetic
165.12,91.81,1300,Prepaid,0,0,synthetic
29.52,14.7,253,Prepaid,19,0,real_openml_creditcard_42397
648.4,49.83,1231,Wallet,18,0,synthetic
86.24,5.2,190,COD,20,0,real_openml_creditcard_42397
133.67,1.14,184,COD,19,0,real_openml_creditcard_42397
407.45,111.27,1752,COD,23,0,synthetic
254.64,9.24,390,COD,17,0,real_openml_creditcard_42397
463.16,103.48,1709,COD,3,1,synthetic
100.36,7.64,232,Wallet,21,0,real_openml_creditcard_42397
612.29,46.2,1155,Wallet,5,0,synthetic
445.46,27.19,777,Wallet,12,0,synthetic
67.1,43.04,627,Prepaid,16,1,synthetic
355.76,89.88,1449,COD,17,0,synthetic
156.96,65.55,978,Prepaid,7,0,synthetic
566.44,96.26,1715,Prepaid,13,0,synthetic
284.26,59.36,1018,Wallet,9,0,synthetic
124.72,1.81,184,Prepaid,10,0,real_openml_creditcard_42397
131.41,1.14,182,Prepaid,8,0,real_openml_creditcard_42397
65.55,11.83,251,COD,12,0,real_openml_creditcard_42397
157.31,1.04,204,Wallet,21,0,real_openml_creditcard_42397
655.8,50.79,1250,Prepaid,11,0,synthetic
395.07,18.06,622,COD,5,0,synthetic
540.0,2.16,562,Wallet,4,0,synthetic
1.5,1.31,67,COD,13,0,synthetic
34.09,14.28,252,Wallet,12,0,real_openml_creditcard_42397
71.34,5.57,181,COD,21,0,real_openml_creditcard_42397
83.97,9.7,242,Wallet,15,0,real_openml_creditcard_42397
138.93,0.75,184,Wallet,18,0,real_openml_creditcard_42397
244.18,112.19,1616,COD,3,0,synthetic
159.59,0.61,201,Wallet,16,0,real_openml_creditcard_42397
188.75,1.84,242,COD,17,0,real_openml_creditcard_42397
18.25,9.8,184,Wallet,6,0,real_openml_creditcard_42397
198.77,44.63,764,Wallet,17,0,synthetic
103.57,17.35,351,Prepaid,6,0,synthetic
27.73,8.92,182,Prepaid,2,0,real_openml_creditcard_42397
724.41,74.79,1599,COD,7,0,synthetic
524.98,36.08,955,COD,13,0,synthetic
132.7,67.39,978,Prepaid,21,0,synthetic
32.68,9.13,189,Wallet,2,0,real_openml_creditcard_42397
170.51,4.22,254,Wallet,17,0,synthetic
718.86,72.82,1571,Prepaid,20,0,synthetic
364.99,113.16,1736,Wallet,8,0,synthetic
6.61,13.17,214,Prepaid,18,0,real_openml_creditcard_42397
672.52,44.34,1187,Prepaid,12,0,synthetic
748.71,108.94,2031,COD,19,0,synthetic
79.33,42.69,634,Prepaid,20,0,synthetic
128.73,1.35,182,Prepaid,23,0,real_openml_creditcard_42397
51.43,116.27,1491,COD,6,0,synthetic
104.26,4.35,196,Wallet,20,0,real_openml_creditcard_42397
184.59,62.76,969,Wallet,18,0,synthetic
455.94,8.08,557,Wallet,22,0,synthetic
292.07,119.06,1742,Prepaid,5,0,synthetic
721.54,89.39,1772,COD,8,0,synthetic
65.54,61.06,842,COD,6,0,synthetic
34.1,8.36,181,Wallet,20,0,real_openml_creditcard_42397
274.47,118.48,1719,Wallet,13,0,synthetic
15.4,9.85,182,COD,21,0,real_openml_creditcard_42397
15.69,9.74,181,Prepaid,9,0,real_openml_creditcard_42397
48.71,8.68,198,COD,21,0,real_openml_creditcard_42397
447.17,10.6,580,Wallet,0,0,synthetic
121.75,4.12,209,Wallet,18,0,real_openml_creditcard_42397
52.87,7.12,183,COD,23,0,real_openml_creditcard_42397
113.71,2.39,181,COD,21,0,real_openml_creditcard_42397
742.29,44.68,1254,COD,11,0,synthetic
93.29,3.84,180,Wallet,21,0,real_openml_creditcard_42397
283.76,33.04,702,COD,0,0,synthetic
365.14,104.18,1629,COD,13,0,synthetic
570.71,22.3,831,Prepaid,1,0,synthetic
1343.14,30.85,1629,Prepaid,18,0,real_openml_creditcard_42397
138.9,100.38,1380,Prepaid,2,0,synthetic
690.22,81.92,1654,Prepaid,18,0,synthetic
52.3,12.99,253,COD,8,0,real_openml_creditcard_42397
1.44,13.06,208,Wallet,12,0,real_openml_creditcard_42397
670.26,11.87,796,Wallet,2,0,synthetic
383.55,27.24,722,Prepaid,22,0,synthetic
415.98,21.88,687,Prepaid,3,0,synthetic
78.36,6.12,194,COD,14,0,real_openml_creditcard_42397
92.03,54.83,791,Prepaid,3,0,synthetic
716.55,85.68,1723,COD,4,0,synthetic
227.46,14.19,425,Prepaid,13,0,synthetic
117.43,8.03,252,Wallet,21,0,real_openml_creditcard_42397
783.22,13.03,911,Prepaid,22,0,synthetic
24.11,10.44,197,Wallet,9,0,real_openml_creditcard_42397
34.05,9.28,192,Wallet,21,0,real_openml_creditcard_42397
507.76,41.48,1005,COD,5,0,synthetic
793.91,51.73,1385,Prepaid,0,0,synthetic
550.0,87.03,1589,COD,15,0,synthetic
214.39,3.17,281,Wallet,21,0,real_openml_creditcard_42397
32.72,9.88,198,Wallet,1,0,real_openml_creditcard_42397
378.17,42.11,896,Prepaid,3,0,synthetic
65.07,6.87,191,Wallet,9,0,real_openml_creditcard_42397
2.26,41.79,553,Prepaid,17,0,synthetic
718.95,25.07,998,COD,11,0,synthetic
17.04,48.19,644,COD,10,0,synthetic
515.52,84.96,1533,Wallet,0,0,synthetic
23.32,10.58,198,Wallet,19,0,real_openml_creditcard_42397
211.3,71.99,1104,Wallet,22,0,synthetic
454.86,87.71,1512,Wallet,11,0,synthetic
307.48,8.94,434,Wallet,11,0,real_openml_creditcard_42397
657.95,77.96,1578,Wallet,17,0,synthetic
151.97,38.74,652,Prepaid,6,0,synthetic
118.09,2.14,182,Prepaid,16,0,real_openml_creditcard_42397
380.01,25.08,693,Prepaid,9,0,real_openml_creditcard_42397
589.99,5.28,644,Wallet,23,0,synthetic
290.41,5.55,378,COD,16,0,real_openml_creditcard_42397
134.1,2.44,200,COD,5,0,real_openml_creditcard_42397
518.1,32.41,905,Prepaid,18,1,synthetic
21.34,13.23,228,Prepaid,18,0,real_openml_creditcard_42397
28.4,8.95,183,COD,6,0,real_openml_creditcard_42397
52.81,8.62,201,Wallet,15,0,real_openml_creditcard_42397
160.26,1.23,209,COD,18,0,real_openml_creditcard_42397
58.39,85.17,1125,Wallet,22,0,synthetic
46.24,8.5,194,Wallet,14,0,synthetic
411.07,18.72,645,COD,19,0,synthetic
486.9,56.07,1161,Prepaid,23,0,synthetic
137.09,0.72,182,Prepaid,20,0,real_openml_creditcard_42397
64.97,74.38,1001,Wallet,15,0,synthetic
72.81,30.35,480,Wallet,8,0,synthetic
117.31,53.2,794,Wallet,22,0,synthetic
55.79,6.82,182,Prepaid,9,0,real_openml_creditcard_42397
39.99,41.02,578,Wallet,6,0,synthetic
4.56,13.32,214,Wallet,13,0,real_openml_creditcard_42397
679.7,83.25,1661,Wallet,3,0,synthetic
341.32,79.79,1315,Prepaid,21,0,synthetic
378.23,109.18,1701,Prepaid,10,0,synthetic
24.41,12.34,220,Prepaid,21,0,real_openml_creditcard_42397
11.9,18.77,286,Prepaid,15,0,real_openml_creditcard_42397
213.15,53.3,881,Wallet,22,0,synthetic
190.41,102.94,1457,COD,11,0,synthetic
546.7,84.91,1561,COD,12,0,synthetic
287.64,19.43,542,COD,17,0,synthetic
51.09,13.83,262,Prepaid,21,0,real_openml_creditcard_42397
223.44,43.46,773,Wallet,18,0,synthetic
771.65,32.12,1130,Prepaid,0,0,synthetic
481.31,73.11,1361,COD,13,0,synthetic
451.22,81.88,1439,Prepaid,9,0,synthetic
91.31,4.9,191,COD,3,0,real_openml_creditcard_42397
83.44,20.41,370,Wallet,16,0,real_openml_creditcard_42397
689.94,76.5,1589,Prepaid,15,0,synthetic
526.7,78.87,1470,Wallet,11,0,synthetic
511.03,68.58,1333,Wallet,3,0,synthetic
467.84,85.41,1496,COD,17,0,synthetic
63.52,6.49,185,Wallet,12,0,real_openml_creditcard_42397
12.94,13.45,223,Wallet,22,0,real_openml_creditcard_42397
449.2,65.24,1237,Prepaid,9,0,synthetic
260.99,86.86,1327,COD,16,0,synthetic
29.39,9.84,195,Prepaid,12,0,synthetic
111.47,4.22,201,Wallet,14,0,real_openml_creditcard_42397
294.92,14.41,488,Wallet,8,0,synthetic
202.81,11.21,367,Prepaid,14,0,real_openml_creditcard_42397
133.23,1.59,189,COD,16,0,real_openml_creditcard_42397
32.13,33.12,476,Wallet,13,0,synthetic
712.32,56.66,1371,Prepaid,19,0,synthetic
90.83,4.19,182,Wallet,22,0,real_openml_creditcard_42397
391.13,69.27,1233,Wallet,14,0,synthetic
232.43,98.55,1442,COD,7,0,synthetic
522.68,114.66,1896,Prepaid,18,0,synthetic
304.89,113.34,1685,Wallet,1,0,synthetic
419.84,105.17,1690,Prepaid,8,0,synthetic
686.11,76.41,1584,Prepaid,15,0,synthetic
90.84,13.69,296,COD,9,0,real_openml_creditcard_42397
542.15,4.04,586,Prepaid,18,0,synthetic
328.63,83.66,1350,Wallet,7,0,synthetic
110.25,2.73,182,Wallet,7,0,real_openml_creditcard_42397
693.89,12.35,823,Prepaid,17,0,synthetic
738.56,48.29,1294,Wallet,8,0,synthetic
40.24,18.86,312,COD,22,0,synthetic
134.31,0.93,182,COD,21,0,real_openml_creditcard_42397
229.93,5.22,320,Prepaid,15,0,synthetic
78.56,5.52,187,Wallet,17,0,real_openml_creditcard_42397
78.46,5.12,182,Wallet,21,0,real_openml_creditcard_42397
185.84,93.32,1337,COD,0,0,synthetic
223.57,83.32,1251,Prepaid,20,0,synthetic
7.83,33.83,463,Prepaid,1,0,synthetic
222.41,4.32,302,Prepaid,14,0,real_openml_creditcard_42397
8.91,10.42,183,Prepaid,3,0,real_openml_creditcard_42397
36.39,8.6,186,Prepaid,18,0,real_openml_creditcard_42397
163.39,13.66,361,COD,8,0,real_openml_creditcard_42397
765.95,91.15,1833,COD,8,0,synthetic
538.75,40.19,1017,Wallet,8,0,synthetic
156.06,26.05,503,Prepaid,10,0,real_openml_creditcard_42397
132.35,109.95,1489,Prepaid,22,0,synthetic
15.42,11.68,204,Prepaid,15,0,real_openml_creditcard_42397
1.54,11.05,184,COD,18,0,real_openml_creditcard_42397
10.78,111.51,1398,Wallet,0,0,synthetic
374.59,48.14,965,Prepaid,13,0,synthetic
384.0,5.12,457,Prepaid,12,0,real_openml_creditcard_42397
564.8,2.97,594,Prepaid,16,0,real_openml_creditcard_42397
547.26,10.46,668,COD,21,0,real_openml_creditcard_42397
484.08,64.07,1254,Prepaid,17,0,synthetic
270.2,93.31,1413,COD,3,0,synthetic
66.11,6.38,186,Wallet,14,0,real_openml_creditcard_42397
670.14,14.54,828,COD,6,0,synthetic
39.56,16.95,289,COD,21,0,real_openml_creditcard_42397
144.99,34.99,600,Wallet,3,0,synthetic
99.33,12.8,293,Wallet,8,0,real_openml_creditcard_42397
114.52,2.58,184,Wallet,10,0,real_openml_creditcard_42397
181.23,109.04,1522,Prepaid,18,0,synthetic
654.39,29.15,989,COD,23,0,synthetic
344.99,46.73,921,COD,3,0,synthetic
607.26,107.2,1883,Prepaid,16,0,synthetic
718.78,84.07,1706,Prepaid,0,0,synthetic
140.34,6.3,252,COD,5,1,synthetic
364.06,81.84,1360,COD,8,0,synthetic
104.04,5.28,207,Prepaid,23,0,real_openml_creditcard_42397
16.91,33.79,471,Prepaid,12,0,synthetic
422.52,25.78,740,Prepaid,23,0,synthetic
105.02,4.29,196,Wallet,20,0,real_openml_creditcard_42397
325.26,7.27,430,Wallet,22,0,real_openml_creditcard_42397
266.1,1.71,310,Wallet,0,0,real_openml_creditcard_42397
299.06,95.99,1471,Wallet,0,0,synthetic
894.68,7.15,941,Prepaid,18,0,real_openml_creditcard_42397
700.04,33.21,1079,COD,16,0,synthetic
50.78,7.77,189,Wallet,15,0,real_openml_creditcard_42397
29.54,10.12,198,COD,7,0,real_openml_creditcard_42397
241.7,37.59,719,Wallet,19,0,synthetic
252.65,8.47,379,Prepaid,8,0,real_openml_creditcard_42397
157.44,8.86,298,COD,20,0,real_openml_creditcard_42397
385.28,66.84,1199,COD,22,1,synthetic
648.8,9.54,748,Prepaid,0,0,synthetic
680.35,13.61,826,COD,0,0,synthetic
261.32,6.55,364,Wallet,14,0,synthetic
177.34,1.62,229,COD,12,0,real_openml_creditcard_42397
757.45,100.3,1935,Prepaid,20,0,synthetic
260.24,9.48,398,Wallet,13,0,real_openml_creditcard_42397
95.99,11.72,277,Prepaid,0,0,real_openml_creditcard_42397
391.38,79.71,1359,Wallet,7,0,synthetic
513.62,44.94,1052,COD,0,0,synthetic
44.32,7.68,182,Wallet,15,0,real_openml_creditcard_42397
705.86,113.47,2047,Wallet,20,0,synthetic
316.54,23.43,616,Wallet,15,0,real_openml_creditcard_42397
678.97,18.8,887,COD,0,0,synthetic
171.07,29.44,557,Prepaid,15,0,synthetic
422.29,7.66,522,COD,14,0,synthetic
447.2,96.26,1608,Wallet,2,0,synthetic
799.35,115.35,2154,COD,21,0,synthetic
150.27,0.73,194,Wallet,13,0,real_openml_creditcard_42397
62.43,6.9,189,COD,0,0,real_openml_creditcard_42397
83.5,8.07,222,COD,9,0,real_openml_creditcard_42397
468.78,69.76,1309,COD,21,1,synthetic
426.72,44.86,972,Wallet,16,0,synthetic
276.37,39.56,773,Prepaid,15,0,synthetic
228.47,52.89,890,Wallet,14,0,synthetic
229.45,45.65,804,Wallet,23,0,synthetic
331.71,36.14,782,Wallet,22,0,synthetic
12.94,10.03,182,Prepaid,11,0,real_openml_creditcard_42397
130.98,18.68,392,Prepaid,22,0,real_openml_creditcard_42397
453.58,39.59,933,Wallet,16,0,synthetic
589.4,110.09,1902,Wallet,7,0,synthetic
67.48,43.11,628,Wallet,16,0,real_openml_creditcard_42397
90.0,4.25,182,Wallet,0,0,real_openml_creditcard_42397
779.38,114.72,2128,COD,21,0,synthetic
24.47,11.41,209,COD,1,0,real_openml_creditcard_42397
239.57,84.58,1281,Wallet,16,0,synthetic
90.28,5.56,198,Wallet,11,0,real_openml_creditcard_42397
501.1,12.77,654,Wallet,19,0,synthetic
282.68,53.08,941,Wallet,14,0,synthetic
58.43,6.62,182,Prepaid,0,0,real_openml_creditcard_42397
427.07,73.06,1311,COD,6,0,synthetic
103.43,3.33,183,COD,14,0,real_openml_creditcard_42397
19.59,33.81,473,Prepaid,19,0,synthetic
79.81,6.35,198,COD,19,0,real_openml_creditcard_42397
632.79,52.73,1252,Prepaid,10,0,synthetic
263.98,112.26,1635,Wallet,21,0,synthetic
650.98,101.42,1853,Wallet,6,0,synthetic
46.16,8.04,188,COD,8,0,real_openml_creditcard_42397
159.62,40.02,674,COD,8,0,synthetic
259.65,2.19,310,COD,10,0,real_openml_creditcard_42397
488.35,70.28,1333,Prepaid,2,1,synthetic
126.22,67.05,968,COD,8,0,synthetic
785.43,99.91,1956,COD,9,0,synthetic
205.08,2.87,269,Prepaid,9,0,real_openml_creditcard_42397
579.89,38.57,1035,COD,16,0,synthetic
74.55,20.49,363,Wallet,15,0,real_openml_creditcard_42397
144.63,55.34,844,Prepaid,12,0,synthetic
731.63,55.66,1376,COD,3,0,synthetic
134.03,5.27,234,COD,1,0,synthetic
107.27,10.7,275,COD,14,0,real_openml_creditcard_42397
165.45,11.09,332,Prepaid,10,0,real_openml_creditcard_42397
47.91,13.74,258,Prepaid,15,0,real_openml_creditcard_42397
111.1,14.25,321,Wallet,21,0,real_openml_creditcard_42397
634.41,116.64,2021,COD,11,0,synthetic
134.76,60.91,902,COD,10,0,synthetic
699.58,34.35,1092,Prepaid,1,0,synthetic
779.44,50.38,1356,Wallet,21,0,synthetic
132.0,2.68,201,COD,14,0,real_openml_creditcard_42397
151.28,99.49,1380,Prepaid,18,0,synthetic
173.92,7.21,293,Wallet,23,0,real_openml_creditcard_42397
139.23,1.89,198,Prepaid,19,0,real_openml_creditcard_42397
54.04,65.36,883,Wallet,16,0,real_openml_creditcard_42397
769.88,59.51,1457,Wallet,1,0,synthetic
176.5,4.93,268,Wallet,14,0,real_openml_creditcard_42397
58.21,7.97,198,Prepaid,8,0,real_openml_creditcard_42397
83.22,7.63,217,COD,9,0,synthetic
119.71,14.85,336,Wallet,14,0,real_openml_creditcard_42397
331.45,97.88,1523,COD,23,0,synthetic
54.77,86.72,1140,COD,8,0,synthetic
241.43,21.69,528,Wallet,6,0,synthetic
624.28,17.04,816,Prepaid,12,0,synthetic
107.29,2.95,182,COD,0,0,real_openml_creditcard_42397
360.19,49.77,971,Prepaid,9,0,synthetic
748.97,52.83,1358,Prepaid,17,0,synthetic
92.44,74.79,1031,Prepaid,23,0,synthetic
373.08,28.23,724,COD,1,0,synthetic
606.6,32.37,984,Wallet,9,0,synthetic
122.23,0.9,171,COD,15,0,synthetic
633.42,47.51,1190,COD,15,0,synthetic
116.03,3.63,198,COD,21,0,real_openml_creditcard_42397
23.53,11.07,204,Wallet,19,0,real_openml_creditcard_42397
4.57,13.49,216,COD,20,0,real_openml_creditcard_42397
176.77,5.16,271,Prepaid,23,0,real_openml_creditcard_42397
96.54,10.68,265,Wallet,12,0,real_openml_creditcard_42397
83.62,7.98,221,Wallet,21,0,real_openml_creditcard_42397
787.47,27.19,1085,Prepaid,9,0,synthetic
14.6,26.99,387,COD,9,0,real_openml_creditcard_42397
404.43,27.15,740,Prepaid,6,0,synthetic
675.5,63.75,1423,Wallet,9,0,synthetic
20.52,71.1,922,COD,16,0,synthetic
664.78,75.78,1558,COD,6,0,synthetic
13.27,10.0,182,Prepaid,0,0,real_openml_creditcard_42397
705.23,35.02,1105,COD,17,0,synthetic
732.39,32.88,1104,Prepaid,1,0,synthetic
176.67,68.22,1028,Prepaid,3,0,synthetic
208.03,10.48,363,Wallet,20,0,real_openml_creditcard_42397
112.06,27.85,485,Wallet,11,0,real_openml_creditcard_42397
104.01,112.01,1488,Wallet,22,0,synthetic
773.61,21.12,1000,COD,23,0,synthetic
404.49,42.16,920,Wallet,13,0,synthetic
67.09,11.05,243,Prepaid,18,0,real_openml_creditcard_42397
124.8,6.72,243,COD,21,0,real_openml_creditcard_42397
195.74,0.65,234,COD,22,0,real_openml_creditcard_42397
385.49,4.51,451,Wallet,0,0,real_openml_creditcard_42397
86.3,7.44,217,Wallet,23,0,real_openml_creditcard_42397
50.56,15.04,276,Wallet,20,0,synthetic
69.61,14.7,289,Prepaid,22,0,real_openml_creditcard_42397
580.6,45.46,1118,Prepaid,22,0,synthetic
34.87,9.72,198,COD,22,0,real_openml_creditcard_42397
284.82,12.42,455,COD,21,0,synthetic
279.38,57.89,996,Wallet,2,0,synthetic
373.8,67.58,1197,Prepaid,11,0,synthetic
231.43,67.09,1063,Wallet,9,0,synthetic
184.81,48.94,804,COD,19,0,synthetic
121.47,7.06,244,Prepaid,16,0,real_openml_creditcard_42397
41.72,7.87,182,Prepaid,21,0,real_openml_creditcard_42397
78.14,85.98,1152,COD,12,0,synthetic
601.63,105.16,1853,Prepaid,23,0,synthetic
551.71,49.79,1144,COD,12,0,synthetic
104.59,68.58,967,Wallet,13,0,synthetic
19.29,9.97,187,COD,15,0,real_openml_creditcard_42397
137.76,2.33,202,COD,0,0,real_openml_creditcard_42397
193.14,11.43,361,Prepaid,13,0,real_openml_creditcard_42397
27.78,11.0,207,COD,11,0,real_openml_creditcard_42397
277.13,0.71,308,Prepaid,20,0,real_openml_creditcard_42397
98.61,5.85,209,COD,3,0,real_openml_creditcard_42397
140.36,3.72,221,COD,1,0,real_openml_creditcard_42397
751.55,19.21,957,COD,0,0,synthetic
300.43,19.97,560,COD,11,0,synthetic
153.07,0.94,199,Wallet,9,0,real_openml_creditcard_42397
339.68,50.3,959,Prepaid,9,0,synthetic
89.89,5.76,200,Wallet,12,0,real_openml_creditcard_42397
757.87,103.34,1972,Prepaid,6,0,synthetic
656.65,102.24,1868,Prepaid,13,0,synthetic
149.39,0.88,195,Wallet,1,0,real_openml_creditcard_42397
92.02,6.43,210,COD,15,0,real_openml_creditcard_42397
30.39,8.89,184,Prepaid,19,0,real_openml_creditcard_42397
15.49,27.84,398,Wallet,20,0,real_openml_creditcard_42397
467.38,92.0,1575,Wallet,3,0,synthetic
192.76,4.04,272,COD,9,0,real_openml_creditcard_42397
140.68,98.19,1355,Wallet,1,0,synthetic
372.51,117.36,1794,Prepaid,5,0,synthetic
440.96,35.16,869,Wallet,1,0,synthetic
17.76,10.08,187,Wallet,20,0,real_openml_creditcard_42397
530.07,65.21,1310,COD,9,0,synthetic
92.89,8.12,231,Prepaid,6,0,real_openml_creditcard_42397
24.59,9.07,181,Wallet,22,0,real_openml_creditcard_42397
61.05,10.67,233,Wallet,6,0,real_openml_creditcard_42397
69.9,6.84,195,Prepaid,11,0,real_openml_creditcard_42397
442.2,60.34,1172,Wallet,7,0,synthetic
492.25,42.67,1005,Prepaid,0,0,synthetic
711.22,86.14,1724,Wallet,13,0,synthetic
438.68,37.47,894,Wallet,17,0,synthetic
45.49,8.92,198,Prepaid,20,0,real_openml_creditcard_42397
44.22,8.68,194,COD,8,0,real_openml_creditcard_42397
210.25,11.73,380,Wallet,15,0,real_openml_creditcard_42397
22.33,14.16,240,Wallet,23,0,real_openml_creditcard_42397
467.99,62.56,1222,Prepaid,7,0,synthetic
118.68,49.26,748,Prepaid,2,0,synthetic
123.28,25.1,462,Wallet,9,0,synthetic
55.7,8.74,205,Wallet,13,0,real_openml_creditcard_42397
452.89,102.42,1687,Wallet,18,0,synthetic
729.29,26.2,1021,COD,20,0,synthetic
778.0,45.26,1293,COD,10,0,synthetic
679.34,8.17,759,Prepaid,14,0,synthetic
759.53,77.35,1662,Wallet,23,0,synthetic
133.04,6.27,245,COD,13,0,real_openml_creditcard_42397
174.1,96.64,1366,Prepaid,12,0,synthetic
375.38,6.51,466,Wallet,11,0,real_openml_creditcard_42397
709.16,89.21,1759,Wallet,10,0,synthetic
438.19,54.11,1094,Wallet,15,0,synthetic
224.69,4.65,308,COD,14,0,real_openml_creditcard_42397
64.09,6.61,187,COD,0,0,real_openml_creditcard_42397
166.72,5.0,260,COD,19,0,real_openml_creditcard_42397
82.75,6.04,197,Wallet,21,0,real_openml_creditcard_42397
74.54,5.24,180,Prepaid,16,0,real_openml_creditcard_42397
40.53,11.88,229,Wallet,14,0,real_openml_creditcard_42397
529.72,87.77,1580,Prepaid,23,0,synthetic
55.75,43.15,618,Prepaid,5,0,synthetic
2.48,89.06,1121,COD,18,0,synthetic
56.91,7.9,196,Prepaid,13,0,real_openml_creditcard_42397
22.06,11.43,207,COD,16,0,real_openml_creditcard_42397
700.4,116.59,2079,Wallet,13,0,synthetic
109.03,5.32,212,Wallet,21,0,real_openml_creditcard_42397
527.55,52.06,1150,COD,14,0,synthetic
238.7,3.51,307,COD,19,0,real_openml_creditcard_42397
758.46,56.72,1413,COD,1,0,synthetic
292.51,54.71,970,Prepaid,5,0,synthetic
144.06,16.92,383,COD,8,0,synthetic
360.73,115.56,1761,Prepaid,18,0,synthetic
369.32,77.28,1310,Wallet,16,0,synthetic
234.09,6.53,339,COD,11,0,real_openml_creditcard_42397
136.89,1.9,196,Wallet,13,0,real_openml_creditcard_42397
3.72,12.39,202,Prepaid,19,0,real_openml_creditcard_42397
237.41,114.28,1635,COD,11,0,synthetic
481.36,73.05,1360,Prepaid,8,0,synthetic
429.82,30.69,805,Prepaid,4,0,synthetic
399.72,15.53,596,COD,4,0,synthetic
115.55,77.46,1084,COD,7,0,synthetic
338.67,116.15,1749,Wallet,6,0,synthetic
287.54,17.96,524,Wallet,1,0,synthetic
24.02,80.31,1035,Wallet,0,0,synthetic
688.38,93.79,1795,Wallet,21,0,synthetic
602.13,14.77,769,Wallet,10,0,synthetic
574.54,12.66,719,Prepaid,13,0,real_openml_creditcard_42397
205.56,71.77,1096,COD,22,0,synthetic
483.14,7.35,573,Wallet,19,0,real_openml_creditcard_42397
73.77,89.93,1196,Prepaid,4,0,synthetic
225.16,44.84,791,COD,8,0,synthetic
36.71,45.04,623,COD,8,0,synthetic
713.24,64.37,1464,Wallet,7,0,synthetic
668.32,20.94,903,COD,23,0,synthetic
109.85,4.43,202,COD,16,0,real_openml_creditcard_42397
171.54,2.23,231,Wallet,7,0,synthetic
32.61,13.44,241,COD,18,0,synthetic
567.32,90.61,1648,Prepaid,15,0,synthetic
275.86,38.07,755,Wallet,12,0,synthetic
1.0,49.66,647,COD,16,0,real_openml_creditcard_42397
751.21,46.23,1281,COD,20,0,synthetic
15.29,11.44,201,COD,20,0,real_openml_creditcard_42397
334.54,14.38,524,COD,2,0,synthetic
760.08,0.79,744,Prepaid,19,0,synthetic
682.26,58.98,1372,Wallet,17,0,synthetic
89.61,6.78,212,Prepaid,23,0,real_openml_creditcard_42397
453.54,59.34,1170,COD,17,0,synthetic
155.07,50.34,794,COD,1,0,synthetic
350.52,110.38,1690,Wallet,8,0,synthetic
358.98,64.97,1153,COD,16,0,synthetic
306.15,86.45,1363,COD,17,0,synthetic
124.56,7.82,256,COD,0,0,real_openml_creditcard_42397
742.47,111.38,2055,Prepaid,16,0,synthetic
705.76,42.09,1190,Prepaid,22,0,synthetic
232.37,28.91,606,Wallet,18,0,synthetic
432.92,66.51,1238,Wallet,8,0,synthetic
229.35,6.04,329,Prepaid,12,0,synthetic
3.98,10.54,180,COD,2,0,real_openml_creditcard_42397
168.19,5.8,271,Prepaid,22,0,real_openml_creditcard_42397
699.6,77.15,1605,Wallet,13,0,synthetic
4.99,11.38,191,Prepaid,8,0,real_openml_creditcard_42397
484.38,37.54,936,COD,16,0,synthetic
414.64,99.32,1615,Wallet,1,0,synthetic
11.52,11.05,193,Wallet,13,0,real_openml_creditcard_42397
622.91,50.13,1212,COD,0,1,synthetic
94.31,26.26,450,COD,8,0,real_openml_creditcard_42397
1201.99,159.68,3048,Wallet,10,0,real_openml_creditcard_42397
236.05,96.11,1416,Wallet,13,0,synthetic
21.5,94.71,1206,COD,20,0,synthetic
28.98,9.99,196,Wallet,8,0,real_openml_creditcard_42397
407.12,2.72,449,Prepaid,22,0,real_openml_creditcard_42397
73.76,11.22,251,COD,19,0,real_openml_creditcard_42397
96.52,4.84,195,COD,13,0,real_openml_creditcard_42397
2577.44,119.69,3806,COD,13,0,real_openml_creditcard_42397
880.08,86.08,1875,Wallet,19,0,real_openml_creditcard_42397
450.37,57.88,1150,COD,1,1,synthetic
106.6,4.0,194,COD,16,0,real_openml_creditcard_42397
378.65,28.2,729,Wallet,11,0,synthetic
212.8,44.32,773,Wallet,1,0,synthetic
480.25,16.62,682,COD,3,0,synthetic
273.36,13.91,463,Wallet,21,0,real_openml_creditcard_42397
70.11,9.16,223,Prepaid,12,0,real_openml_creditcard_42397
157.94,0.74,201,Prepaid,8,0,real_openml_creditcard_42397
26.43,85.89,1104,COD,12,0,synthetic
551.05,87.89,1601,COD,6,0,synthetic
797.1,80.67,1735,Prepaid,23,0,synthetic
377.68,29.25,741,COD,23,0,synthetic
1317.97,19.07,1465,Wallet,21,0,real_openml_creditcard_42397
39.49,9.71,202,COD,22,0,real_openml_creditcard_42397
791.86,36.81,1204,COD,6,0,synthetic
476.04,62.53,1229,COD,15,1,synthetic
48.8,8.92,201,Prepaid,18,0,real_openml_creditcard_42397
404.92,64.05,1183,Wallet,16,0,synthetic
315.12,40.62,821,Wallet,23,0,synthetic
663.4,26.68,967,Wallet,19,0,synthetic
64.97,8.71,213,Prepaid,14,0,real_openml_creditcard_42397
12.31,9.99,181,Wallet,17,0,real_openml_creditcard_42397
114.18,17.35,361,Prepaid,20,0,real_openml_creditcard_42397
568.66,18.51,784,Prepaid,13,0,synthetic
37.35,9.2,194,COD,20,0,real_openml_creditcard_42397
46.62,7.5,182,Wallet,0,0,real_openml_creditcard_42397
458.15,10.64,590,Prepaid,8,0,real_openml_creditcard_42397
205.48,59.93,954,Prepaid,10,0,synthetic
7.64,13.26,216,Wallet,18,0,real_openml_creditcard_42397
390.52,4.46,455,Wallet,19,0,real_openml_creditcard_42397
497.27,98.57,1680,Prepaid,6,0,synthetic
651.39,70.25,1479,Prepaid,22,0,synthetic
723.23,62.54,1451,Prepaid,17,0,synthetic
50.11,10.24,218,COD,18,0,real_openml_creditcard_42397
777.8,4.1,799,COD,13,0,synthetic
191.37,110.63,1550,Wallet,7,0,synthetic
629.99,73.06,1494,Prepaid,1,0,synthetic
721.39,23.72,984,Prepaid,14,0,synthetic
21.4,1.39,86,Wallet,20,0,synthetic
73.5,5.65,184,Prepaid,20,0,real_openml_creditcard_42397
306.8,25.87,637,COD,21,0,synthetic
35.41,10.18,204,Prepaid,13,0,real_openml_creditcard_42397
45.67,9.07,200,Wallet,15,0,real_openml_creditcard_42397
784.04,12.89,910,COD,9,0,synthetic
8.48,23.03,334,Wallet,12,0,real_openml_creditcard_42397
38.14,53.47,726,Wallet,22,0,real_openml_creditcard_42397
56.66,6.83,183,Wallet,21,0,real_openml_creditcard_42397
151.05,1.17,200,Prepaid,3,0,real_openml_creditcard_42397
34.47,12.25,228,Wallet,20,0,real_openml_creditcard_42397
731.62,100.8,1918,Prepaid,9,0,synthetic
237.89,3.49,306,Prepaid,10,0,real_openml_creditcard_42397
461.45,117.41,1874,Wallet,16,0,synthetic
148.21,60.78,913,Prepaid,19,0,synthetic
564.73,19.3,790,Prepaid,13,0,synthetic
591.18,21.65,842,Wallet,13,0,synthetic
148.65,1.18,198,COD,17,0,real_openml_creditcard_42397
117.47,4.44,209,COD,9,0,real_openml_creditcard_42397
37.96,12.49,234,Prepaid,12,0,real_openml_creditcard_42397
341.88,19.89,596,Wallet,11,0,synthetic
35.93,8.3,182,Wallet,19,0,real_openml_creditcard_42397
593.4,117.42,1993,COD,3,1,synthetic
505.7,22.95,781,Wallet,9,0,synthetic
780.2,45.69,1301,Prepaid,9,0,synthetic
392.24,17.7,615,Prepaid,16,0,synthetic
220.4,98.34,1428,Prepaid,1,0,synthetic
124.97,32.12,548,Wallet,17,0,synthetic
275.43,4.63,353,COD,4,0,synthetic
12.94,11.36,198,Wallet,22,0,real_openml_creditcard_42397
150.74,4.03,234,COD,18,0,real_openml_creditcard_42397
40.55,8.96,194,Wallet,16,0,real_openml_creditcard_42397
120.97,2.09,184,Wallet,15,0,real_openml_creditcard_42397
22.57,13.31,230,Wallet,21,0,real_openml_creditcard_42397
44.54,7.91,185,COD,20,0,real_openml_creditcard_42397
694.28,113.99,2043,Prepaid,13,0,synthetic
22.06,9.18,180,COD,21,0,real_openml_creditcard_42397
129.6,59.54,881,Wallet,19,0,synthetic
412.67,87.28,1469,Prepaid,2,0,synthetic
16.0,11.8,206,Wallet,12,0,real_openml_creditcard_42397
486.16,51.29,1103,Prepaid,22,0,synthetic
767.49,100.27,1944,Wallet,8,0,synthetic
273.73,64.54,1071,COD,2,0,synthetic
201.91,1.77,253,Prepaid,14,0,real_openml_creditcard_42397
148.99,112.86,1538,COD,22,0,synthetic
611.37,96.01,1752,Prepaid,12,0,synthetic
252.06,100.19,1479,Prepaid,13,0,synthetic
146.88,5.9,253,Prepaid,10,0,real_openml_creditcard_42397
643.38,70.92,1480,COD,22,0,synthetic
126.38,1.52,182,Prepaid,17,0,real_openml_creditcard_42397
385.37,71.87,1259,Wallet,11,0,synthetic
386.03,17.27,605,Prepaid,20,0,synthetic
269.77,19.26,524,COD,12,0,synthetic
222.07,93.81,1376,Prepaid,3,0,synthetic
128.39,2.29,193,Prepaid,21,0,real_openml_creditcard_42397
951.98,49.6,1502,Wallet,6,0,real_openml_creditcard_42397
512.25,102.26,1738,COD,15,0,synthetic
50.5,9.46,209,Wallet,3,0,real_openml_creditcard_42397
63.19,68.92,934,Wallet,23,0,synthetic
132.6,85.93,1201,Wallet,10,0,synthetic
558.92,34.64,969,COD,7,0,synthetic
131.29,81.93,1151,Prepaid,17,0,synthetic
414.54,6.83,505,Prepaid,19,0,synthetic
173.38,6.09,279,Wallet,1,0,synthetic
70.27,6.15,187,Wallet,13,0,real_openml_creditcard_42397
136.25,2.36,201,Wallet,18,0,real_openml_creditcard_42397
300.7,64.94,1100,COD,0,0,synthetic
61.34,42.32,613,Wallet,7,0,synthetic
244.16,53.55,912,Wallet,5,0,synthetic
71.2,24.99,414,Wallet,20,0,real_openml_creditcard_42397
576.96,60.98,1301,Wallet,17,0,synthetic
570.36,87.89,1618,Prepaid,14,0,synthetic
89.5,7.29,218,Wallet,7,0,real_openml_creditcard_42397
661.51,65.83,1435,COD,5,0,synthetic
83.86,12.46,275,Wallet,11,0,real_openml_creditcard_42397
261.58,68.37,1106,COD,16,0,synthetic
92.53,4.23,184,Prepaid,20,0,real_openml_creditcard_42397
788.7,92.06,1865,Wallet,20,0,synthetic
139.98,18.12,393,COD,6,0,synthetic
31.25,8.74,183,COD,21,0,real_openml_creditcard_42397
478.76,18.55,703,COD,20,0,synthetic
775.92,45.03,1289,Wallet,12,0,synthetic
519.53,0.9,528,Wallet,1,0,synthetic
6.28,10.86,186,COD,22,0,real_openml_creditcard_42397
86.66,32.93,523,Prepaid,0,0,synthetic
500.89,114.95,1880,Prepaid,2,0,synthetic
294.54,89.71,1392,Prepaid,8,0,synthetic
709.5,7.5,778,Wallet,14,0,synthetic
456.12,69.8,1298,Prepaid,13,0,synthetic
346.32,110.53,1688,Prepaid,10,0,real_openml_creditcard_42397
100.57,6.37,217,COD,18,0,real_openml_creditcard_42397
92.92,76.24,1049,Prepaid,18,0,synthetic
533.1,61.29,1265,COD,16,0,synthetic
16.26,12.61,216,Prepaid,15,0,real_openml_creditcard_42397
59.21,45.15,645,Prepaid,18,0,synthetic
363.63,113.15,1735,Wallet,8,0,synthetic
66.15,47.17,676,Prepaid,8,0,synthetic
123.21,17.51,371,COD,10,0,real_openml_creditcard_42397
600.35,108.32,1890,COD,21,0,synthetic
787.75,27.26,1086,Wallet,9,0,synthetic
58.01,6.65,182,Prepaid,14,0,real_openml_creditcard_42397
352.62,7.76,461,Prepaid,2,0,synthetic
47.58,7.6,184,COD,8,0,real_openml_creditcard_42397
122.87,1.78,182,COD,17,0,real_openml_creditcard_42397
150.0,112.45,1534,Prepaid,2,0,synthetic
61.48,6.81,187,Prepaid,17,0,real_openml_creditcard_42397
775.51,21.4,1005,COD,20,0,synthetic
425.92,0.64,441,Wallet,17,0,real_openml_creditcard_42397
128.52,5.36,230,COD,10,0,real_openml_creditcard_42397
544.45,28.1,877,Wallet,2,0,synthetic
758.18,3.25,771,Wallet,12,0,synthetic
163.12,0.85,207,Prepaid,3,0,real_openml_creditcard_42397
1.02,21.76,312,COD,14,0,real_openml_creditcard_42397
693.53,71.56,1533,Prepaid,8,0,synthetic
207.91,55.99,909,Wallet,21,0,real_openml_creditcard_42397
13.87,12.88,217,COD,10,0,real_openml_creditcard_42397
33.11,9.85,198,Prepaid,13,0,real_openml_creditcard_42397
627.35,79.06,1563,Wallet,3,0,synthetic
747.42,33.99,1131,COD,13,0,synthetic
133.79,1.55,189,Prepaid,22,0,real_openml_creditcard_42397
99.13,119.87,1578,Prepaid,12,0,synthetic
187.2,19.13,448,Wallet,23,0,real_openml_creditcard_42397
475.84,25.31,782,Prepaid,21,0,synthetic
49.07,96.85,1256,COD,15,0,synthetic
6.58,73.4,937,COD,6,0,synthetic
17.79,10.75,195,Wallet,11,0,real_openml_creditcard_42397
553.8,60.95,1280,Prepaid,1,0,synthetic
49.56,7.53,185,Prepaid,11,0,real_openml_creditcard_42397
49.67,8.03,191,COD,20,0,real_openml_creditcard_42397
101.62,7.13,227,Prepaid,11,0,real_openml_creditcard_42397
744.07,60.0,1440,Prepaid,15,0,synthetic
328.99,64.59,1121,COD,18,0,synthetic
294.17,76.66,1235,Wallet,4,0,synthetic
664.7,111.9,1991,COD,0,1,synthetic
764.4,24.34,1030,COD,7,0,synthetic
207.42,80.44,1202,COD,13,0,real_openml_creditcard_42397
287.22,44.1,838,Wallet,18,0,synthetic
315.83,64.16,1104,COD,12,0,synthetic
783.12,103.77,2000,Prepaid,8,0,synthetic
150.72,58.35,886,Wallet,2,0,synthetic
653.64,33.32,1038,Prepaid,1,0,synthetic
64.29,114.72,1485,Wallet,15,0,synthetic
57.5,6.6,181,Wallet,19,0,real_openml_creditcard_42397
528.38,87.94,1581,Wallet,15,0,synthetic
797.8,57.85,1462,Wallet,7,0,synthetic
7.26,8.35,157,Wallet,3,0,synthetic
365.45,15.01,559,Wallet,16,0,real_openml_creditcard_42397
56.9,1.74,122,COD,13,0,synthetic
722.68,21.96,964,Prepaid,9,0,synthetic
245.52,0.75,280,Wallet,10,0,real_openml_creditcard_42397
603.77,46.93,1157,Prepaid,11,0,synthetic
111.77,3.95,198,Wallet,11,0,real_openml_creditcard_42397
197.69,8.74,333,Wallet,9,0,synthetic
123.3,3.59,204,Wallet,0,0,real_openml_creditcard_42397
41.22,33.07,484,COD,12,0,synthetic
707.43,85.29,1710,COD,9,0,synthetic
108.33,53.84,794,Prepaid,2,0,synthetic
96.16,6.2,211,Wallet,4,0,real_openml_creditcard_42397
60.55,10.21,227,Wallet,23,0,real_openml_creditcard_42397
159.51,5.54,260,COD,16,0,real_openml_creditcard_42397
512.05,56.96,1194,COD,6,0,synthetic
23.61,12.73,224,COD,15,0,real_openml_creditcard_42397
795.73,95.31,1910,Wallet,4,0,synthetic
492.75,27.59,825,Prepaid,3,0,synthetic
4.8,108.55,1357,COD,5,0,synthetic
515.3,5.04,574,COD,8,0,synthetic
40.55,79.5,1040,Wallet,6,0,synthetic
28.1,17.81,289,Wallet,15,0,real_openml_creditcard_42397
307.77,30.32,691,Prepaid,11,0,synthetic
412.09,63.58,1184,Prepaid,21,0,synthetic
121.46,3.56,202,COD,0,0,real_openml_creditcard_42397
168.44,9.74,318,Prepaid,3,0,synthetic
266.46,42.29,797,COD,19,0,synthetic
176.72,3.5,251,Prepaid,11,0,real_openml_creditcard_42397
688.36,110.28,1993,Prepaid,16,0,synthetic
743.93,110.34,2044,Wallet,9,0,synthetic
117.47,68.58,979,Wallet,0,0,synthetic
686.52,45.57,1215,Wallet,6,0,synthetic
130.06,1.16,181,Prepaid,14,0,real_openml_creditcard_42397
266.74,97.8,1464,COD,8,0,synthetic
141.4,10.65,305,COD,13,0,real_openml_creditcard_42397
34.34,52.78,714,Wallet,3,0,synthetic
78.16,5.14,182,Wallet,13,0,real_openml_creditcard_42397
41.73,8.2,186,COD,17,0,real_openml_creditcard_42397
588.33,85.55,1606,Wallet,3,0,synthetic
20.87,20.02,309,COD,8,0,real_openml_creditcard_42397
75.5,5.25,181,COD,13,0,real_openml_creditcard_42397
258.25,23.46,564,Wallet,19,0,real_openml_creditcard_42397
659.71,3.77,689,Wallet,20,0,real_openml_creditcard_42397
422.36,28.54,773,Prepaid,3,0,synthetic
131.06,1.17,182,Wallet,11,0,real_openml_creditcard_42397
148.92,56.5,862,Prepaid,19,0,synthetic
109.55,2.57,179,Prepaid,15,0,synthetic
299.55,54.77,977,COD,20,0,synthetic
339.77,25.43,661,Prepaid,19,0,real_openml_creditcard_42397
188.39,74.82,1117,Wallet,5,1,synthetic
221.56,12.22,396,Wallet,14,0,real_openml_creditcard_42397
111.19,6.99,234,Prepaid,8,0,real_openml_creditcard_42397
208.92,23.91,525,Prepaid,12,0,real_openml_creditcard_42397
585.23,74.39,1469,Prepaid,1,0,synthetic
381.41,101.9,1616,Wallet,20,0,synthetic
82.7,5.21,187,Wallet,14,0,real_openml_creditcard_42397
65.28,6.1,182,Wallet,12,0,real_openml_creditcard_42397
340.97,36.15,791,Prepaid,23,0,synthetic
197.15,1.96,251,COD,4,0,real_openml_creditcard_42397
799.18,109.77,2086,Prepaid,12,0,synthetic
162.34,58.94,903,Prepaid,20,0,synthetic
47.28,32.79,486,Wallet,16,0,real_openml_creditcard_42397
26.2,12.45,223,COD,18,0,real_openml_creditcard_42397
220.5,24.88,547,Wallet,9,0,real_openml_creditcard_42397
54.59,11.66,239,Wallet,18,0,real_openml_creditcard_42397
30.78,32.07,463,COD,4,0,synthetic
416.85,55.91,1096,Wallet,10,0,synthetic
140.47,14.55,351,Wallet,15,0,real_openml_creditcard_42397
371.42,67.93,1199,COD,2,0,synthetic
748.92,101.59,1943,Prepaid,1,0,synthetic
89.34,61.8,872,Wallet,16,0,synthetic
539.99,93.74,1661,COD,0,0,synthetic
319.4,112.29,1685,Prepaid,20,0,synthetic
6.26,7.26,143,Prepaid,8,0,synthetic
53.09,7.02,182,Wallet,16,0,real_openml_creditcard_42397
221.89,85.62,1277,Prepaid,2,0,synthetic
192.89,20.62,471,COD,1,0,synthetic
206.17,15.65,423,Wallet,2,0,synthetic
688.48,30.44,1035,Wallet,21,0,synthetic
381.27,79.91,1352,Prepaid,16,0,synthetic
41.39,8.9,194,Wallet,12,0,real_openml_creditcard_42397
59.4,74.85,1002,Prepaid,8,0,synthetic
545.95,78.72,1486,Wallet,18,0,synthetic
370.79,84.84,1402,Wallet,3,0,synthetic
341.05,53.07,994,Wallet,21,0,synthetic
154.46,17.08,394,Prepaid,23,0,real_openml_creditcard_42397
290.84,1.27,327,COD,23,0,real_openml_creditcard_42397
479.13,24.66,777,COD,4,0,synthetic
287.75,22.84,583,COD,4,0,synthetic
726.91,42.96,1220,Prepaid,14,0,synthetic
537.11,73.75,1418,Wallet,7,0,synthetic
330.18,50.2,950,COD,1,0,synthetic
105.59,98.97,1333,Wallet,14,0,synthetic
728.51,52.98,1341,COD,1,0,synthetic
442.77,12.09,594,Wallet,19,0,synthetic
105.11,3.28,184,Wallet,7,0,real_openml_creditcard_42397
246.5,14.85,450,Prepaid,11,0,real_openml_creditcard_42397
35.04,8.29,181,COD,18,0,real_openml_creditcard_42397
46.83,16.35,288,Wallet,11,0,synthetic
2.26,12.41,201,Prepaid,12,0,real_openml_creditcard_42397
517.81,5.52,582,COD,17,0,synthetic
39.8,9.85,204,COD,21,0,real_openml_creditcard_42397
520.39,59.78,1236,Prepaid,1,0,synthetic
93.44,59.74,851,COD,3,0,synthetic
52.86,8.62,201,COD,12,0,real_openml_creditcard_42397
174.79,99.15,1397,COD,9,0,synthetic
110.96,77.85,1084,COD,22,0,synthetic
262.98,19.74,524,COD,3,0,synthetic
122.12,4.42,213,Prepaid,0,0,real_openml_creditcard_42397
177.23,6.62,289,COD,8,0,real_openml_creditcard_42397
397.44,54.88,1066,Prepaid,16,0,synthetic
674.73,93.22,1776,COD,21,0,synthetic
269.79,100.39,1498,Wallet,9,0,synthetic
112.99,6.61,231,Prepaid,13,0,real_openml_creditcard_42397
131.96,3.19,207,Wallet,18,0,real_openml_creditcard_42397
637.55,86.83,1666,COD,15,0,synthetic
394.62,96.69,1565,Wallet,6,1,synthetic
502.73,104.15,1752,Wallet,22,0,synthetic
74.71,13.56,280,Prepaid,8,0,real_openml_creditcard_42397
372.59,80.88,1356,Prepaid,7,0,synthetic
656.69,67.76,1454,Prepaid,9,0,synthetic
42.54,22.31,356,COD,0,0,real_openml_creditcard_42397
722.02,56.6,1379,Prepaid,14,0,synthetic
46.66,12.92,247,Wallet,16,0,real_openml_creditcard_42397
23.43,55.63,739,COD,1,0,synthetic
48.27,98.01,1270,COD,8,0,synthetic
16.98,9.89,184,COD,23,0,real_openml_creditcard_42397
322.24,41.77,841,Wallet,9,0,synthetic
114.61,3.99,201,Wallet,11,0,real_openml_creditcard_42397
108.14,16.31,343,Prepaid,11,0,real_openml_creditcard_42397
29.87,8.76,182,COD,21,0,real_openml_creditcard_42397
12.3,10.08,182,Prepaid,0,0,real_openml_creditcard_42397
550.92,5.93,617,COD,16,0,real_openml_creditcard_42397
95.01,25.57,442,Prepaid,2,0,synthetic
249.19,50.62,882,COD,13,0,synthetic
38.05,9.81,202,COD,16,0,real_openml_creditcard_42397
389.98,60.43,1126,COD,7,0,synthetic
65.69,48.92,696,Prepaid,11,0,synthetic
19.44,13.13,225,Prepaid,17,0,real_openml_creditcard_42397
99.07,5.82,209,COD,2,0,real_openml_creditcard_42397
24.78,10.72,201,Prepaid,22,0,real_openml_creditcard_42397
129.33,1.3,182,COD,21,0,real_openml_creditcard_42397
392.83,114.78,1781,Wallet,15,0,synthetic
227.07,0.72,263,COD,9,0,real_openml_creditcard_42397
10.3,12.31,207,COD,10,0,real_openml_creditcard_42397
708.38,47.85,1262,Prepaid,9,0,synthetic
407.3,20.83,667,COD,6,0,synthetic
420.15,28.26,767,Prepaid,9,0,synthetic
315.26,14.11,503,Prepaid,17,0,synthetic
93.92,16.34,331,Prepaid,21,0,synthetic
668.69,86.68,1692,Prepaid,0,0,synthetic
442.73,25.74,757,Wallet,4,0,synthetic
60.2,7.15,190,COD,15,0,real_openml_creditcard_42397
152.14,9.29,298,Wallet,21,0,synthetic
799.57,46.53,1328,COD,19,0,synthetic
397.3,101.74,1629,Prepaid,16,0,synthetic
348.38,78.75,1309,Prepaid,7,0,synthetic
365.95,100.98,1591,COD,20,0,synthetic
660.54,81.64,1624,Wallet,17,0,synthetic
649.47,119.99,2074,COD,4,0,synthetic
26.29,10.61,201,Wallet,16,0,real_openml_creditcard_42397
164.56,58.34,898,Prepaid,3,0,synthetic
75.52,5.34,182,COD,21,0,real_openml_creditcard_42397
401.92,93.29,1531,Prepaid,5,0,synthetic
515.86,82.08,1499,COD,1,0,synthetic
56.99,13.06,258,COD,17,0,real_openml_creditcard_42397
91.87,6.53,211,COD,20,0,real_openml_creditcard_42397
82.96,4.78,182,Prepaid,9,0,real_openml_creditcard_42397
207.06,94.3,1368,Wallet,16,0,synthetic
618.17,69.74,1443,Wallet,12,0,synthetic
118.68,6.35,233,Prepaid,14,0,real_openml_creditcard_42397
72.54,6.89,198,Wallet,11,0,real_openml_creditcard_42397
111.66,5.21,213,COD,20,0,real_openml_creditcard_42397
473.11,87.42,1525,Wallet,7,0,synthetic
618.17,98.71,1791,COD,7,0,synthetic
295.41,92.14,1422,COD,1,0,synthetic
564.67,54.67,1214,Prepaid,1,0,synthetic
103.52,37.72,596,Wallet,11,0,synthetic
568.8,69.8,1400,COD,17,0,synthetic
137.21,2.04,198,Prepaid,11,0,real_openml_creditcard_42397
123.63,1.89,184,Wallet,22,0,real_openml_creditcard_42397
553.99,11.28,684,Prepaid,9,0,real_openml_creditcard_42397
82.36,4.74,181,Prepaid,13,0,real_openml_creditcard_42397
3.48,15.07,234,Prepaid,20,0,real_openml_creditcard_42397
19.13,9.65,183,Prepaid,9,0,real_openml_creditcard_42397
613.04,47.48,1171,Wallet,20,0,synthetic
154.22,18.83,415,Prepaid,9,0,synthetic
41.58,8.8,193,COD,4,0,real_openml_creditcard_42397
14.94,12.55,214,Wallet,10,0,real_openml_creditcard_42397
551.14,80.15,1508,COD,9,0,synthetic
674.21,10.79,786,COD,16,0,synthetic
233.1,1.68,280,Wallet,14,0,real_openml_creditcard_42397
722.69,98.03,1877,COD,18,0,synthetic
47.27,8.12,190,COD,21,0,real_openml_creditcard_42397
175.17,0.61,215,Prepaid,19,0,real_openml_creditcard_42397
289.3,54.05,959,Wallet,5,0,synthetic
123.98,20.87,412,Prepaid,12,0,real_openml_creditcard_42397
436.54,85.71,1471,COD,16,0,synthetic
562.13,89.58,1631,Wallet,4,0,synthetic
35.57,10.42,207,COD,15,0,real_openml_creditcard_42397
303.04,15.93,514,COD,5,0,synthetic
32.95,93.66,1204,Wallet,6,1,synthetic
658.29,15.95,834,COD,4,0,synthetic
122.25,2.58,191,COD,14,0,real_openml_creditcard_42397
72.27,69.94,954,Wallet,0,0,synthetic
431.5,65.63,1226,Wallet,5,0,synthetic
57.15,8.05,198,Wallet,8,0,real_openml_creditcard_42397
225.75,67.25,1060,Wallet,14,0,synthetic
267.15,17.96,506,COD,0,0,real_openml_creditcard_42397
131.8,1.11,182,Wallet,18,0,real_openml_creditcard_42397
743.94,25.03,1020,Wallet,14,0,synthetic
511.17,53.01,1146,Prepaid,7,0,synthetic
141.71,1.62,197,Prepaid,16,0,real_openml_creditcard_42397
83.07,10.77,254,Prepaid,21,0,real_openml_creditcard_42397
530.09,50.56,1134,COD,23,0,synthetic
654.99,44.54,1174,Prepaid,18,0,synthetic
294.41,19.75,552,COD,11,0,real_openml_creditcard_42397
91.33,84.82,1150,Wallet,5,0,synthetic
110.5,1.99,173,COD,22,1,synthetic
88.8,4.34,182,Wallet,15,0,real_openml_creditcard_42397
96.24,4.03,185,Prepaid,13,0,real_openml_creditcard_42397
10.4,58.76,765,COD,4,0,synthetic
122.85,1.95,184,Wallet,10,0,real_openml_creditcard_42397
58.42,10.2,225,COD,13,0,real_openml_creditcard_42397
424.27,106.7,1712,Prepaid,3,0,synthetic
67.08,52.32,738,Wallet,18,0,synthetic
40.35,11.89,229,Prepaid,15,0,real_openml_creditcard_42397
23.91,74.04,960,Wallet,16,0,real_openml_creditcard_42397
37.81,13.91,251,Prepaid,16,0,real_openml_creditcard_42397
722.14,94.62,1835,COD,11,0,synthetic
527.16,117.17,1930,Wallet,8,0,synthetic
333.0,22.86,624,Wallet,20,0,real_openml_creditcard_42397
10.15,97.51,1229,COD,20,0,synthetic
59.32,42.39,612,COD,5,0,synthetic
53.5,7.82,192,Wallet,18,0,real_openml_creditcard_42397
550.56,24.46,839,Wallet,12,0,synthetic
15.48,11.51,202,Wallet,18,0,real_openml_creditcard_42397
273.03,14.11,465,COD,22,0,real_openml_creditcard_42397
376.21,3.2,427,COD,17,0,real_openml_creditcard_42397
98.42,24.7,435,Wallet,16,0,real_openml_creditcard_42397
120.92,2.6,190,Prepaid,14,0,real_openml_creditcard_42397
7.32,105.56,1323,Wallet,9,0,synthetic
380.52,64.03,1161,COD,9,0,synthetic
81.84,6.53,202,COD,15,0,real_openml_creditcard_42397
327.67,21.73,606,COD,22,0,synthetic
418.19,66.49,1224,COD,15,0,synthetic
481.03,65.95,1274,Prepaid,6,0,synthetic
84.07,20.11,367,COD,17,0,real_openml_creditcard_42397
783.07,89.49,1829,COD,14,0,synthetic
11.98,91.63,1160,Prepaid,16,0,synthetic
146.78,45.22,725,COD,22,0,synthetic
654.2,98.93,1826,Prepaid,14,0,synthetic
128.63,38.81,631,Wallet,6,0,synthetic
102.01,82.06,1126,COD,4,0,synthetic
497.56,82.39,1487,COD,2,0,synthetic
729.68,13.6,870,Prepaid,21,0,synthetic
208.0,5.82,307,Prepaid,12,0,real_openml_creditcard_42397
128.05,2.4,194,Prepaid,16,0,real_openml_creditcard_42397
133.97,1.87,193,Prepaid,10,0,real_openml_creditcard_42397
126.51,115.03,1544,Prepaid,20,0,synthetic
203.22,113.54,1595,COD,18,0,synthetic
39.76,9.68,202,Wallet,10,0,real_openml_creditcard_42397
681.47,1.88,686,Wallet,2,0,synthetic
656.82,110.13,1963,Wallet,22,0,synthetic
507.42,76.25,1422,COD,7,0,synthetic
187.12,6.8,300,Wallet,15,0,real_openml_creditcard_42397
81.74,5.62,191,Wallet,17,0,real_openml_creditcard_42397
634.61,101.82,1843,Wallet,18,0,synthetic
63.72,12.05,252,COD,9,0,real_openml_creditcard_42397
62.74,8.04,203,Prepaid,15,0,real_openml_creditcard_42397
32.21,8.5,181,Prepaid,15,0,real_openml_creditcard_42397
168.87,14.08,371,Prepaid,15,0,real_openml_creditcard_42397
280.69,14.2,473,Wallet,6,0,synthetic
668.36,101.17,1866,COD,0,1,synthetic
385.7,33.92,804,Prepaid,13,0,synthetic
506.95,64.37,1279,COD,22,0,synthetic
597.73,88.05,1645,Prepaid,8,0,synthetic
193.54,4.48,278,COD,10,0,real_openml_creditcard_42397
162.95,4.88,255,COD,16,0,synthetic
651.01,19.67,872,Prepaid,13,0,synthetic
664.28,56.92,1331,Wallet,22,0,synthetic
99.53,13.62,303,Prepaid,22,0,real_openml_creditcard_42397
647.72,55.19,1295,Prepaid,15,0,synthetic
339.3,109.7,1672,Wallet,7,0,synthetic
402.8,60.88,1143,Prepaid,12,0,synthetic
641.37,71.42,1484,Wallet,21,0,synthetic
575.84,55.21,1231,COD,13,0,synthetic
219.05,1.24,262,COD,20,0,real_openml_creditcard_42397
61.29,10.65,233,COD,7,0,real_openml_creditcard_42397
257.37,105.28,1545,COD,16,0,synthetic
536.65,80.23,1496,COD,12,0,synthetic
240.99,33.1,664,Prepaid,1,0,synthetic
66.7,108.4,1411,COD,5,0,synthetic
617.17,97.88,1780,Wallet,17,0,synthetic
86.85,4.65,184,Prepaid,17,0,real_openml_creditcard_42397
664.37,2.89,683,Prepaid,13,0,synthetic
47.57,33.27,492,Prepaid,18,0,real_openml_creditcard_42397
306.19,117.5,1736,Wallet,7,0,synthetic
762.51,86.83,1778,COD,10,0,synthetic
452.48,47.9,1032,COD,18,0,real_openml_creditcard_42397
57.01,7.89,196,COD,9,0,real_openml_creditcard_42397
113.8,2.46,182,COD,15,0,real_openml_creditcard_42397
145.41,5.68,249,COD,10,0,real_openml_creditcard_42397
789.85,35.17,1183,Wallet,3,0,synthetic
193.36,43.62,747,COD,4,0,synthetic
721.92,30.33,1064,Wallet,9,0,synthetic
180.63,26.29,528,COD,20,0,real_openml_creditcard_42397
85.84,5.31,191,Wallet,11,0,real_openml_creditcard_42397
595.45,64.03,1354,Prepaid,2,0,synthetic
540.12,113.44,1897,Prepaid,6,0,synthetic
51.79,7.28,184,COD,14,0,real_openml_creditcard_42397
90.27,4.23,182,Prepaid,1,0,real_openml_creditcard_42397
727.28,83.99,1712,COD,2,0,synthetic
436.06,9.38,555,COD,15,0,real_openml_creditcard_42397
25.54,13.75,238,Prepaid,2,0,real_openml_creditcard_42397
323.53,19.29,573,Wallet,23,0,synthetic
493.81,110.22,1817,Prepaid,12,0,synthetic
86.64,18.0,344,COD,16,0,synthetic
122.48,59.0,868,Wallet,19,0,synthetic
168.85,2.35,230,Wallet,17,0,synthetic
551.1,35.26,969,Prepaid,1,0,synthetic
69.46,5.71,181,COD,9,0,real_openml_creditcard_42397
97.54,3.68,182,COD,18,0,real_openml_creditcard_42397
629.5,96.8,1778,Prepaid,18,0,synthetic
94.41,5.09,196,COD,18,0,real_openml_creditcard_42397
386.58,111.4,1735,Wallet,10,0,synthetic
9.77,12.1,204,COD,23,0,real_openml_creditcard_42397
100.09,3.58,183,Wallet,19,0,real_openml_creditcard_42397
81.06,10.75,252,Prepaid,14,0,real_openml_creditcard_42397
240.09,44.95,806,Wallet,9,0,synthetic
156.56,5.17,253,COD,9,0,real_openml_creditcard_42397
503.65,27.66,835,Prepaid,5,0,synthetic
375.11,89.02,1456,COD,12,0,synthetic
52.84,7.12,183,Wallet,11,0,real_openml_creditcard_42397
41.55,108.52,1390,Wallet,9,0,synthetic
16.76,67.46,875,Wallet,17,0,synthetic
707.18,60.04,1407,COD,5,0,synthetic
141.46,20.16,419,COD,22,0,synthetic
659.91,37.58,1095,COD,22,0,synthetic
5.4,15.35,239,Wallet,17,0,real_openml_creditcard_42397
119.44,87.12,1203,Prepaid,1,0,synthetic
455.66,35.14,882,Wallet,11,0,synthetic
137.89,3.24,213,COD,18,0,real_openml_creditcard_42397
34.25,8.68,185,Prepaid,23,0,real_openml_creditcard_42397
508.91,17.86,722,COD,2,0,synthetic
484.49,63.45,1247,COD,0,0,synthetic
289.31,113.95,1678,Wallet,9,0,synthetic
18.07,12.56,217,Wallet,11,0,real_openml_creditcard_42397
176.26,84.88,1227,Prepaid,11,0,synthetic
70.19,7.49,203,Prepaid,15,0,real_openml_creditcard_42397
484.05,75.64,1393,COD,5,0,synthetic
335.71,55.8,1022,COD,18,0,synthetic
314.89,115.78,1723,Wallet,16,0,synthetic
636.01,100.61,1830,COD,1,0,synthetic
353.05,82.8,1361,Wallet,8,0,synthetic
62.47,6.31,182,COD,17,0,real_openml_creditcard_42397
77.38,14.11,289,Prepaid,12,0,real_openml_creditcard_42397
3.36,13.0,209,COD,13,0,real_openml_creditcard_42397
250.07,9.71,392,Prepaid,14,1,synthetic
76.83,87.12,1165,COD,4,1,synthetic
78.69,5.68,189,Prepaid,18,0,real_openml_creditcard_42397
4.9,11.38,191,COD,17,0,real_openml_creditcard_42397
383.04,15.65,583,Wallet,18,0,synthetic
17.84,12.16,212,COD,14,0,real_openml_creditcard_42397
24.95,9.38,185,Wallet,15,0,real_openml_creditcard_42397
536.38,46.17,1087,Wallet,5,0,synthetic
145.98,35.56,608,Wallet,5,0,synthetic
314.08,0.86,343,COD,10,0,real_openml_creditcard_42397
279.29,4.22,352,Wallet,10,0,real_openml_creditcard_42397
618.11,25.21,909,Wallet,14,0,synthetic
549.85,69.64,1380,COD,10,0,synthetic
670.23,25.74,962,Wallet,14,0,synthetic
502.55,65.25,1285,COD,16,0,synthetic
49.35,7.38,183,Prepaid,1,0,real_openml_creditcard_42397
497.8,58.45,1199,COD,17,0,synthetic
642.95,9.83,747,COD,2,0,synthetic
24.66,11.23,207,COD,17,0,real_openml_creditcard_42397
55.62,20.83,350,Wallet,13,0,real_openml_creditcard_42397
74.33,6.76,198,Prepaid,13,0,real_openml_creditcard_42397
441.94,6.66,528,Prepaid,10,0,synthetic
159.54,87.5,1244,Wallet,0,0,synthetic
466.08,55.65,1137,COD,22,0,synthetic
61.48,11.81,247,Prepaid,21,0,real_openml_creditcard_42397
41.4,84.96,1107,Wallet,14,0,synthetic
295.31,64.69,1092,COD,11,0,synthetic
223.64,9.64,367,Wallet,15,0,real_openml_creditcard_42397
81.48,6.56,202,COD,23,0,real_openml_creditcard_42397
586.12,92.87,1692,COD,16,0,synthetic
449.27,100.06,1655,Prepaid,7,0,synthetic
76.75,11.56,258,Wallet,22,0,synthetic
743.12,37.23,1166,COD,22,0,synthetic
18.38,9.62,182,COD,10,0,real_openml_creditcard_42397
124.25,110.85,1492,Prepaid,11,0,real_openml_creditcard_42397
54.22,6.93,182,COD,22,0,real_openml_creditcard_42397
408.34,105.16,1679,Prepaid,15,0,synthetic
598.55,84.39,1601,Wallet,19,0,synthetic
474.39,105.22,1740,COD,14,0,synthetic
641.27,17.63,839,Prepaid,4,0,synthetic
554.38,37.3,997,Wallet,20,0,synthetic
444.55,20.74,699,Wallet,21,0,synthetic
270.68,115.85,1684,Wallet,14,0,synthetic
332.6,67.26,1156,Wallet,10,0,synthetic
502.86,117.8,1916,COD,6,0,synthetic
750.25,98.05,1902,Prepaid,23,0,synthetic
659.59,38.43,1105,Wallet,2,0,synthetic
95.68,6.57,215,COD,13,0,real_openml_creditcard_42397
160.85,5.27,258,Wallet,18,0,real_openml_creditcard_42397
299.36,87.85,1374,Prepaid,3,0,synthetic
274.92,15.58,484,COD,23,0,synthetic
42.32,18.24,307,Wallet,10,0,real_openml_creditcard_42397
605.48,39.71,1071,Wallet,22,0,synthetic
486.79,25.05,789,COD,19,0,synthetic
545.51,16.87,743,COD,21,0,synthetic
413.17,63.02,1178,Wallet,20,0,synthetic
100.9,98.91,1328,COD,2,0,synthetic
261.19,80.58,1252,Wallet,15,1,synthetic
234.78,5.38,326,Prepaid,18,0,synthetic
551.85,32.84,941,Wallet,15,0,synthetic
110.61,4.87,208,COD,10,0,real_openml_creditcard_42397
328.03,55.74,1014,Prepaid,9,0,synthetic
123.25,1.84,183,Prepaid,21,0,real_openml_creditcard_42397
571.97,102.0,1789,Wallet,22,0,synthetic
615.49,41.44,1101,Wallet,13,0,synthetic
19.39,2.31,95,COD,1,1,synthetic
570.38,72.72,1436,COD,17,0,synthetic
26.92,10.31,198,Prepaid,21,0,real_openml_creditcard_42397
185.77,103.2,1456,Prepaid,8,0,synthetic
19.35,10.88,198,Prepaid,6,0,real_openml_creditcard_42397
16.95,9.98,185,COD,18,0,real_openml_creditcard_42397
456.2,21.75,722,Prepaid,16,0,synthetic
339.67,3.52,398,COD,15,0,real_openml_creditcard_42397
35.09,6.49,159,Prepaid,6,0,synthetic
133.81,3.05,207,COD,22,0,real_openml_creditcard_42397
524.0,31.38,898,Wallet,21,0,synthetic
734.19,99.8,1908,COD,21,0,synthetic
173.06,0.6,213,Prepaid,13,0,real_openml_creditcard_42397
570.58,27.38,892,Wallet,3,0,synthetic
198.49,1.86,251,Wallet,23,0,real_openml_creditcard_42397
124.25,1.68,182,COD,16,0,real_openml_creditcard_42397
588.53,73.39,1460,COD,18,0,synthetic
37.05,9.89,202,COD,10,0,real_openml_creditcard_42397
506.89,110.82,1836,Prepaid,13,0,synthetic
114.58,5.24,216,Prepaid,21,0,real_openml_creditcard_42397
138.46,1.45,192,COD,18,0,real_openml_creditcard_42397
139.44,6.46,253,Wallet,17,0,real_openml_creditcard_42397
476.35,75.04,1379,Prepaid,4,0,synthetic
38.87,19.67,321,COD,17,0,real_openml_creditcard_42397
370.81,10.9,515,COD,16,0,synthetic
138.59,3.02,211,Wallet,13,0,real_openml_creditcard_42397
87.67,6.51,207,COD,17,0,real_openml_creditcard_42397
37.87,9.41,197,Prepaid,0,0,real_openml_creditcard_42397
22.28,11.0,202,Prepaid,22,0,real_openml_creditcard_42397
589.72,63.56,1344,Wallet,10,0,synthetic
222.57,4.56,305,Prepaid,19,0,real_openml_creditcard_42397
315.53,17.33,542,Prepaid,17,0,real_openml_creditcard_42397
470.02,44.4,1006,COD,14,0,synthetic
401.61,96.08,1564,Wallet,22,0,synthetic
73.11,7.6,207,Wallet,15,0,real_openml_creditcard_42397
103.28,3.34,183,COD,22,0,real_openml_creditcard_42397
4.22,106.9,1337,COD,2,0,synthetic
6000.0,5.41,5515,Wallet,8,0,real_openml_creditcard_42397
236.0,30.27,626,Prepaid,12,0,synthetic
529.09,104.46,1780,Prepaid,12,0,synthetic
704.4,116.92,2087,Prepaid,16,0,synthetic
147.04,73.45,1064,Wallet,9,0,synthetic
96.55,3.76,182,Wallet,14,0,real_openml_creditcard_42397
207.73,8.09,334,Wallet,12,0,real_openml_creditcard_42397
169.91,2.17,229,Prepaid,22,0,real_openml_creditcard_42397
432.09,78.1,1376,Prepaid,2,0,synthetic
247.69,68.06,1090,COD,4,0,synthetic
552.91,48.5,1130,Wallet,18,1,synthetic
70.06,53.21,752,Wallet,1,0,synthetic
683.05,47.94,1240,Wallet,14,0,synthetic
211.16,6.75,321,Prepaid,20,0,real_openml_creditcard_42397
702.93,109.71,1999,COD,9,0,synthetic
429.72,52.43,1066,COD,8,0,synthetic
684.0,50.76,1275,Prepaid,5,0,synthetic
586.95,69.49,1412,COD,6,0,synthetic
7.38,10.36,181,Prepaid,13,0,real_openml_creditcard_42397
794.67,21.56,1024,COD,0,0,synthetic
325.97,83.17,1341,Wallet,5,0,synthetic
282.12,92.64,1416,Prepaid,12,0,synthetic
101.04,3.67,185,COD,14,0,real_openml_creditcard_42397
117.72,74.23,1047,Wallet,14,1,synthetic
27.79,9.08,184,Prepaid,7,0,real_openml_creditcard_42397
419.03,48.52,1009,COD,8,0,synthetic
330.58,7.47,437,Wallet,16,0,synthetic
760.76,25.46,1040,Prepaid,18,0,synthetic
206.68,14.17,406,COD,15,0,real_openml_creditcard_42397
738.33,103.28,1954,Wallet,8,0,synthetic
749.02,30.24,1087,Wallet,11,0,real_openml_creditcard_42397
118.62,2.44,186,Wallet,9,0,real_openml_creditcard_42397
118.27,5.71,225,Prepaid,16,0,real_openml_creditcard_42397
125.68,5.99,235,Prepaid,16,0,real_openml_creditcard_42397
749.3,49.7,1321,Prepaid,12,0,synthetic
138.77,1.34,191,Prepaid,19,0,real_openml_creditcard_42397
628.39,81.73,1596,Prepaid,4,0,synthetic
122.03,56.51,838,Prepaid,7,0,synthetic
527.88,99.95,1724,Wallet,6,0,synthetic
193.61,0.81,234,Prepaid,8,0,real_openml_creditcard_42397
84.7,100.37,1331,Prepaid,14,0,synthetic
701.48,39.17,1151,Wallet,0,0,synthetic
707.19,109.55,2001,Wallet,18,0,synthetic
109.49,7.26,236,Wallet,9,0,synthetic
40.4,12.39,235,Prepaid,9,0,real_openml_creditcard_42397
516.05,34.9,933,Wallet,13,0,synthetic
735.64,26.89,1035,COD,2,0,synthetic
432.42,111.04,1772,Prepaid,19,0,synthetic
601.93,12.43,741,Wallet,10,0,synthetic
12.22,10.25,184,COD,1,0,real_openml_creditcard_42397
780.87,9.57,868,COD,20,0,synthetic
247.17,0.64,280,Wallet,14,0,synthetic
174.15,119.56,1642,Wallet,1,0,synthetic
271.33,15.4,479,COD,16,0,real_openml_creditcard_42397
129.29,1.3,182,COD,19,0,real_openml_creditcard_42397
55.43,9.43,213,Prepaid,0,0,real_openml_creditcard_42397
23.2,19.09,300,Wallet,9,0,real_openml_creditcard_42397
117.2,7.46,245,COD,16,0,real_openml_creditcard_42397
771.44,41.34,1240,Prepaid,19,0,synthetic
29.51,10.12,198,COD,11,0,real_openml_creditcard_42397
797.6,19.2,998,COD,7,0,synthetic
110.14,6.74,230,Wallet,18,0,real_openml_creditcard_42397
758.25,104.13,1982,COD,9,0,synthetic
162.35,0.91,207,Wallet,18,0,real_openml_creditcard_42397
525.76,28.42,864,Wallet,19,0,synthetic
148.37,3.62,227,COD,20,0,real_openml_creditcard_42397
439.47,1.54,464,COD,14,0,synthetic
141.17,1.0,189,COD,0,0,real_openml_creditcard_42397
76.76,6.99,203,Wallet,20,0,real_openml_creditcard_42397
398.9,69.86,1247,Prepaid,3,0,synthetic
772.15,24.93,1044,Prepaid,22,0,synthetic
232.48,102.44,1489,Prepaid,19,0,synthetic
281.77,40.52,790,Prepaid,21,0,synthetic
659.9,10.42,769,COD,14,0,real_openml_creditcard_42397
982.81,2.71,967,Wallet,21,0,real_openml_creditcard_42397
81.68,7.96,219,Wallet,15,0,real_openml_creditcard_42397
450.83,12.94,611,Prepaid,4,0,synthetic
736.06,98.08,1889,Prepaid,19,0,synthetic
204.04,73.81,1119,Prepaid,12,0,synthetic
475.09,11.96,621,COD,17,0,synthetic
39.54,8.03,182,COD,16,0,real_openml_creditcard_42397
624.82,19.4,845,Prepaid,13,1,synthetic
106.83,2.99,182,Wallet,21,0,real_openml_creditcard_42397
570.62,5.16,625,COD,1,0,synthetic
478.46,22.52,751,Wallet,20,0,synthetic
77.69,5.17,182,Prepaid,13,0,real_openml_creditcard_42397
85.03,110.44,1452,Prepaid,15,0,synthetic
315.67,119.97,1774,COD,7,0,synthetic
628.57,68.31,1435,Prepaid,4,0,synthetic
415.59,54.51,1078,Prepaid,14,1,synthetic
20.77,11.28,204,COD,19,0,real_openml_creditcard_42397
398.14,90.04,1489,Prepaid,11,0,synthetic
128.36,1.37,182,Wallet,14,0,real_openml_creditcard_42397
394.47,54.29,1057,COD,2,0,synthetic
135.31,60.68,900,COD,9,0,real_openml_creditcard_42397
143.21,90.58,1266,COD,18,0,synthetic
293.65,6.06,387,COD,16,0,real_openml_creditcard_42397
330.71,59.55,1062,Wallet,23,1,synthetic
535.88,64.3,1304,Prepaid,10,0,synthetic
64.34,8.01,204,Wallet,10,0,real_openml_creditcard_42397
754.58,27.82,1063,Wallet,16,0,real_openml_creditcard_42397
721.23,103.11,1936,Wallet,0,1,synthetic
125.68,1.66,183,Wallet,5,0,real_openml_creditcard_42397
784.49,69.27,1587,Wallet,21,0,synthetic
241.51,11.84,409,Wallet,19,0,synthetic
389.05,64.68,1176,COD,2,1,synthetic
628.48,88.75,1681,Prepaid,15,0,synthetic
555.66,7.84,644,Wallet,19,0,synthetic
500.93,79.88,1459,Wallet,7,0,synthetic
1826.07,22.13,1959,Prepaid,14,0,real_openml_creditcard_42397
773.75,58.66,1450,COD,18,0,synthetic
761.89,59.27,1447,COD,9,0,synthetic
184.69,1.4,233,COD,23,0,real_openml_creditcard_42397
655.02,31.7,1020,Wallet,10,0,synthetic
733.08,64.11,1479,Prepaid,18,0,synthetic
30.03,14.33,249,COD,8,0,real_openml_creditcard_42397
742.52,41.44,1215,Prepaid,22,0,synthetic
439.55,25.45,751,COD,18,0,real_openml_creditcard_42397
348.33,69.34,1196,Wallet,11,0,synthetic
591.88,54.67,1239,COD,1,0,synthetic
671.68,95.83,1804,Prepaid,0,0,synthetic
719.38,115.73,2086,COD,10,0,synthetic
678.34,73.53,1543,Prepaid,19,0,synthetic
759.69,42.31,1241,COD,13,0,synthetic
63.51,6.24,182,COD,20,0,real_openml_creditcard_42397
239.03,46.31,821,Wallet,11,0,synthetic
189.24,55.34,884,Wallet,17,0,synthetic
153.51,2.07,213,COD,21,0,real_openml_creditcard_42397
9.08,85.97,1090,COD,9,0,synthetic
99.77,8.1,237,COD,15,0,real_openml_creditcard_42397
147.5,1.1,196,Prepaid,8,0,real_openml_creditcard_42397
82.67,73.58,1007,Wallet,8,0,synthetic
601.21,63.57,1354,COD,1,0,synthetic
3.9,11.54,192,Prepaid,16,0,real_openml_creditcard_42397
120.21,9.4,271,Prepaid,22,0,real_openml_creditcard_42397
713.74,65.7,1481,COD,2,0,synthetic
221.23,8.98,357,COD,11,0,synthetic
740.53,55.49,1382,Prepaid,6,0,synthetic
376.6,21.72,650,Prepaid,12,0,synthetic
638.17,2.17,650,Prepaid,8,0,synthetic
293.57,119.09,1743,Wallet,6,0,synthetic
36.44,10.85,213,COD,20,0,real_openml_creditcard_42397
86.62,11.75,269,Wallet,20,0,real_openml_creditcard_42397
94.53,92.98,1251,COD,13,0,synthetic
107.03,7.47,236,Wallet,8,0,real_openml_creditcard_42397
312.58,14.7,508,Prepaid,13,0,synthetic
109.39,7.71,241,Prepaid,9,0,real_openml_creditcard_42397
45.74,46.9,654,Wallet,11,0,real_openml_creditcard_42397
152.24,12.33,335,Prepaid,13,0,real_openml_creditcard_42397
271.11,90.13,1376,Wallet,20,0,synthetic
159.51,3.19,232,Prepaid,7,0,synthetic
244.95,92.11,1376,Prepaid,21,0,synthetic
103.18,3.34,183,Prepaid,17,0,real_openml_creditcard_42397
98.57,9.52,253,COD,9,0,real_openml_creditcard_42397
329.48,105.05,1607,COD,23,0,synthetic
265.84,47.99,865,Prepaid,10,0,synthetic
405.02,112.43,1764,Prepaid,22,0,synthetic
345.58,1.83,383,COD,15,0,real_openml_creditcard_42397
448.8,4.59,509,Wallet,12,0,real_openml_creditcard_42397
43.76,51.07,702,Wallet,18,0,synthetic
554.83,4.05,598,COD,17,0,real_openml_creditcard_42397
332.13,63.27,1108,COD,5,0,synthetic
359.19,109.01,1681,Wallet,21,0,synthetic
628.55,34.34,1028,Wallet,12,0,synthetic
128.5,1.36,182,Wallet,15,0,real_openml_creditcard_42397
36.33,21.03,335,COD,21,0,real_openml_creditcard_42397
210.2,1.07,252,Wallet,9,0,real_openml_creditcard_42397
636.03,20.01,863,COD,4,0,synthetic
106.0,3.55,188,COD,14,0,real_openml_creditcard_42397
745.6,15.28,904,Wallet,2,0,synthetic
231.54,1.97,282,Prepaid,18,0,real_openml_creditcard_42397
250.05,48.54,857,Prepaid,15,0,synthetic
71.2,6.74,195,COD,7,0,real_openml_creditcard_42397
485.31,96.66,1647,COD,12,0,synthetic
89.96,9.09,240,Wallet,19,0,real_openml_creditcard_42397
325.87,1.48,361,Wallet,2,0,real_openml_creditcard_42397
1650.07,7.99,1631,Wallet,19,0,real_openml_creditcard_42397
159.95,98.02,1370,Wallet,5,0,synthetic
68.95,12.91,267,Wallet,7,0,real_openml_creditcard_42397
744.76,31.09,1093,Wallet,19,0,synthetic
49.51,10.12,216,COD,9,0,real_openml_creditcard_42397
400.99,25.92,722,Wallet,3,0,synthetic
144.48,86.96,1224,COD,15,0,synthetic
309.07,62.64,1080,COD,16,0,synthetic
40.75,8.53,189,COD,11,0,real_openml_creditcard_42397
3.55,10.73,182,Prepaid,17,0,real_openml_creditcard_42397
228.15,1.31,271,Prepaid,19,0,real_openml_creditcard_42397
11.43,20.98,312,Prepaid,16,0,real_openml_creditcard_42397
294.23,66.53,1113,Wallet,14,0,synthetic
544.3,104.01,1788,COD,4,0,synthetic
797.9,8.41,869,Wallet,21,0,real_openml_creditcard_42397
87.47,42.94,644,Wallet,3,0,synthetic
367.33,59.55,1095,COD,10,0,synthetic
660.0,119.86,2082,Prepaid,4,1,synthetic
431.58,42.54,949,Prepaid,1,0,synthetic
391.59,87.95,1458,Prepaid,21,0,synthetic
523.04,109.19,1831,COD,17,0,synthetic
46.68,7.33,180,COD,21,0,real_openml_creditcard_42397
607.1,52.91,1231,COD,18,0,synthetic
58.35,57.51,793,Prepaid,20,0,synthetic
187.55,62.73,972,Prepaid,22,0,synthetic
646.8,70.14,1474,Prepaid,21,1,synthetic
178.64,42.17,717,COD,0,0,synthetic
127.89,85.07,1186,Wallet,13,0,real_openml_creditcard_42397
317.36,51.3,951,Wallet,6,0,synthetic
135.13,23.78,457,Wallet,11,0,real_openml_creditcard_42397
649.83,44.73,1172,COD,13,0,synthetic
19.03,19.32,299,Prepaid,9,0,real_openml_creditcard_42397
140.89,19.1,406,Wallet,13,0,real_openml_creditcard_42397
43.67,86.64,1129,COD,13,0,synthetic
784.04,27.58,1087,COD,17,0,synthetic
35.66,12.74,235,COD,15,0,real_openml_creditcard_42397
3.43,57.75,746,COD,23,0,synthetic
493.83,58.4,1195,COD,7,0,synthetic
46.35,23.49,374,Prepaid,21,1,synthetic
76.98,87.22,1166,COD,13,0,synthetic
561.87,32.15,941,COD,17,0,synthetic
139.3,1.89,198,COD,1,0,real_openml_creditcard_42397
128.33,1.21,180,COD,13,0,real_openml_creditcard_42397
601.41,30.99,963,Prepaid,19,0,synthetic
193.96,3.37,265,Prepaid,10,0,real_openml_creditcard_42397
49.58,8.36,195,Prepaid,17,0,real_openml_creditcard_42397
114.8,3.72,198,COD,20,0,real_openml_creditcard_42397
5.3,12.85,209,COD,13,0,real_openml_creditcard_42397
675.88,94.13,1788,COD,9,0,synthetic
578.3,11.12,704,Wallet,1,0,synthetic
622.14,72.09,1475,COD,6,1,synthetic
1.29,18.49,273,Prepaid,22,0,real_openml_creditcard_42397
50.92,11.51,234,Wallet,9,0,real_openml_creditcard_42397
5.95,110.88,1386,COD,1,0,synthetic
83.8,8.71,230,COD,15,0,real_openml_creditcard_42397
25.89,74.74,970,Prepaid,13,0,synthetic
297.81,30.31,682,Prepaid,1,0,synthetic
78.48,73.92,1008,COD,6,1,synthetic
86.0,116.8,1529,Wallet,3,0,synthetic
322.79,111.37,1677,COD,14,0,synthetic
412.68,29.69,778,Prepaid,18,0,synthetic
203.68,73.49,1115,Prepaid,4,0,synthetic
189.31,4.64,276,Wallet,11,0,real_openml_creditcard_42397
101.69,3.37,182,COD,20,0,real_openml_creditcard_42397
85.46,74.81,1025,Wallet,20,0,synthetic
67.78,14.25,282,Prepaid,12,0,real_openml_creditcard_42397
30.26,20.06,318,Wallet,13,0,real_openml_creditcard_42397
153.03,3.94,235,Wallet,20,0,real_openml_creditcard_42397
192.23,6.58,302,Prepaid,1,0,real_openml_creditcard_42397
645.72,93.7,1756,Prepaid,22,0,synthetic
435.69,12.73,595,Wallet,14,0,synthetic
67.13,9.05,219,Prepaid,17,0,real_openml_creditcard_42397
626.57,3.46,655,Wallet,16,0,synthetic
521.5,118.43,1941,Prepaid,10,0,synthetic
226.86,19.82,492,Prepaid,11,0,real_openml_creditcard_42397
361.06,22.03,639,Wallet,16,0,synthetic
127.87,16.41,362,Wallet,6,0,real_openml_creditcard_42397
110.71,2.86,184,Prepaid,22,0,real_openml_creditcard_42397
22.32,10.08,191,Prepaid,19,0,real_openml_creditcard_42397
67.87,28.49,453,COD,17,0,real_openml_creditcard_42397
74.1,11.61,256,Wallet,18,0,real_openml_creditcard_42397
93.43,4.24,185,Prepaid,11,0,real_openml_creditcard_42397
101.47,6.31,217,Prepaid,18,0,real_openml_creditcard_42397
462.84,106.57,1745,COD,4,0,synthetic
197.59,95.8,1377,Wallet,12,0,synthetic
103.7,4.62,199,COD,11,0,synthetic
495.49,97.11,1661,Prepaid,4,0,synthetic
123.12,1.85,183,Prepaid,16,0,real_openml_creditcard_42397
382.59,48.07,971,Wallet,6,0,synthetic
228.93,46.22,811,Wallet,12,0,synthetic
297.64,16.09,511,Prepaid,7,0,real_openml_creditcard_42397
13.83,11.8,204,Wallet,16,0,real_openml_creditcard_42397
470.57,118.33,1893,Prepaid,20,0,synthetic
754.56,113.63,2093,COD,17,0,synthetic
486.58,75.89,1399,COD,10,0,synthetic
322.92,34.2,751,Wallet,9,0,real_openml_creditcard_42397
99.5,92.88,1254,COD,8,0,synthetic
477.69,56.98,1164,Wallet,21,0,synthetic
76.98,24.23,410,Wallet,14,0,real_openml_creditcard_42397
125.38,102.6,1394,Wallet,0,0,synthetic
341.27,54.67,1013,COD,19,0,synthetic
636.05,80.28,1586,Wallet,20,0,synthetic
441.86,1.53,466,Wallet,22,0,real_openml_creditcard_42397
9.24,20.72,307,Prepaid,21,0,real_openml_creditcard_42397
54.4,6.92,182,COD,9,0,real_openml_creditcard_42397
160.04,1.25,209,Prepaid,6,0,real_openml_creditcard_42397
315.03,42.45,843,Wallet,16,1,synthetic
142.89,4.28,230,Wallet,16,0,real_openml_creditcard_42397
47.88,9.16,203,Prepaid,9,0,real_openml_creditcard_42397
655.16,114.68,2016,COD,17,0,synthetic
17.43,10.69,194,Wallet,0,0,real_openml_creditcard_42397
62.91,7.62,198,COD,11,0,real_openml_creditcard_42397
17.46,11.77,207,Wallet,2,0,real_openml_creditcard_42397
127.64,1.68,185,COD,18,0,real_openml_creditcard_42397
769.8,54.34,1395,COD,14,0,synthetic
415.29,114.84,1802,Wallet,12,0,synthetic
69.21,6.81,194,Wallet,14,0,real_openml_creditcard_42397
312.59,56.07,1004,Wallet,23,0,synthetic
334.11,15.17,533,COD,1,0,synthetic
721.94,2.94,735,Wallet,1,0,synthetic
674.76,75.29,1561,Prepaid,22,0,synthetic
555.44,11.18,684,COD,11,0,real_openml_creditcard_42397
105.78,3.57,188,Wallet,13,0,real_openml_creditcard_42397
257.36,80.53,1248,Wallet,20,0,synthetic
430.49,23.05,714,Prepaid,4,0,synthetic
184.67,2.23,243,Prepaid,15,0,real_openml_creditcard_42397
147.74,89.64,1259,COD,21,0,synthetic
343.9,15.97,551,Prepaid,15,0,synthetic
50.1,9.33,207,Prepaid,8,0,real_openml_creditcard_42397
799.09,3.6,812,COD,2,0,synthetic
15.62,16.0,256,COD,13,0,real_openml_creditcard_42397
670.49,71.39,1510,Wallet,11,0,synthetic
160.88,4.43,248,COD,18,0,real_openml_creditcard_42397
323.62,75.31,1245,Prepaid,19,0,synthetic
22.93,9.28,182,Prepaid,7,0,real_openml_creditcard_42397
56.11,7.54,191,Prepaid,13,0,real_openml_creditcard_42397
101.7,17.67,354,Wallet,16,0,synthetic
714.1,90.08,1774,Wallet,6,0,synthetic
680.6,95.32,1806,Wallet,14,0,synthetic
591.25,25.63,890,Wallet,4,0,synthetic
522.76,35.51,947,Prepaid,5,0,synthetic
139.77,2.6,207,Wallet,9,0,real_openml_creditcard_42397
660.3,13.75,809,Prepaid,22,0,synthetic
455.95,31.19,835,COD,16,1,synthetic
22.8,8.47,172,COD,13,0,synthetic
618.43,77.1,1532,Wallet,15,0,synthetic
170.0,2.67,235,COD,17,0,real_openml_creditcard_42397
713.37,78.46,1634,Prepaid,15,0,synthetic
97.85,85.53,1164,Wallet,11,0,synthetic
52.9,7.03,182,Prepaid,14,0,real_openml_creditcard_42397
389.81,31.67,781,COD,11,1,synthetic
111.07,3.17,188,Prepaid,20,0,real_openml_creditcard_42397
718.23,2.19,723,Wallet,1,0,synthetic
51.71,89.69,1173,Prepaid,15,0,synthetic
425.63,88.48,1495,Wallet,17,1,synthetic
19.67,9.52,182,COD,21,0,real_openml_creditcard_42397
304.02,21.61,583,Prepaid,9,0,real_openml_creditcard_42397
183.27,1.59,234,Wallet,7,0,real_openml_creditcard_42397
67.14,19.96,350,Wallet,21,0,real_openml_creditcard_42397
225.77,2.98,289,Prepaid,19,0,real_openml_creditcard_42397
691.33,5.21,735,Wallet,8,0,synthetic
322.69,54.34,992,COD,13,0,synthetic
74.51,5.41,182,COD,8,0,real_openml_creditcard_42397
220.91,2.02,273,COD,11,0,real_openml_creditcard_42397
315.89,23.14,612,COD,22,0,real_openml_creditcard_42397
216.9,22.27,512,Wallet,12,0,synthetic
89.81,4.26,182,Wallet,20,0,real_openml_creditcard_42397
4.25,10.93,185,COD,17,0,real_openml_creditcard_42397
267.37,22.66,563,Wallet,14,0,synthetic
608.11,105.62,1865,Wallet,22,0,synthetic
546.02,49.21,1132,Prepaid,22,0,synthetic
138.76,111.1,1508,Wallet,12,1,synthetic
78.29,10.96,252,COD,13,0,real_openml_creditcard_42397
142.62,1.64,198,Prepaid,16,0,real_openml_creditcard_42397
382.31,43.48,916,COD,17,0,synthetic
202.98,16.53,431,Wallet,21,0,real_openml_creditcard_42397
49.38,7.3,182,Prepaid,0,0,real_openml_creditcard_42397
518.25,9.84,635,Prepaid,5,0,synthetic
249.65,4.86,333,Wallet,13,0,real_openml_creditcard_42397
191.24,23.65,506,Prepaid,0,0,synthetic
426.9,82.72,1427,Prepaid,19,0,synthetic
179.93,34.78,629,COD,8,0,synthetic
504.94,5.09,566,Wallet,1,0,synthetic
425.01,49.22,1023,Wallet,0,0,synthetic
126.25,32.9,558,COD,15,0,synthetic
551.6,0.51,553,Prepaid,20,0,synthetic
380.63,92.77,1506,COD,11,0,synthetic
650.52,111.38,1972,Prepaid,12,0,synthetic
117.66,4.93,215,COD,10,0,real_openml_creditcard_42397
205.36,5.93,306,COD,14,0,real_openml_creditcard_42397
486.56,20.27,731,Wallet,1,0,synthetic
366.9,9.77,497,Wallet,11,0,synthetic
430.31,107.6,1728,COD,8,0,synthetic
279.24,26.09,614,Wallet,11,0,synthetic
39.68,12.02,230,Prepaid,18,0,real_openml_creditcard_42397
267.81,19.12,520,COD,9,0,synthetic
468.66,116.05,1864,Wallet,22,0,synthetic
486.34,34.07,897,Wallet,14,0,synthetic
82.68,18.88,351,Prepaid,14,0,real_openml_creditcard_42397
323.76,70.24,1184,Prepaid,11,0,synthetic
229.4,5.21,319,Prepaid,20,0,real_openml_creditcard_42397
165.0,54.71,855,Prepaid,17,0,synthetic
309.31,8.34,428,Wallet,23,0,synthetic
118.92,106.77,1438,Wallet,6,0,synthetic
228.49,18.86,482,COD,10,1,synthetic
250.16,80.1,1236,Prepaid,1,0,synthetic
517.22,106.48,1793,Prepaid,15,0,synthetic
568.15,49.81,1159,Wallet,20,0,synthetic
293.37,2.93,349,Wallet,7,0,synthetic
2255.29,20.52,2326,COD,17,0,real_openml_creditcard_42397
36.55,8.34,183,COD,16,0,real_openml_creditcard_42397
435.76,1.48,460,Prepaid,4,0,real_openml_creditcard_42397
331.38,8.57,451,Wallet,0,0,synthetic
760.92,38.79,1200,COD,5,0,synthetic
82.17,70.86,974,Prepaid,20,0,synthetic
430.47,72.94,1313,COD,18,0,synthetic
126.54,77.77,1097,Prepaid,21,0,synthetic
437.92,3.07,481,Wallet,12,0,real_openml_creditcard_42397
177.99,20.98,462,Prepaid,9,0,real_openml_creditcard_42397
373.9,43.59,910,COD,20,0,synthetic
124.31,16.84,364,Wallet,14,0,real_openml_creditcard_42397
195.71,28.66,570,COD,8,0,synthetic
127.89,32.41,554,COD,9,0,real_openml_creditcard_42397
485.44,115.0,1867,Prepaid,1,1,synthetic
335.16,9.86,470,COD,19,0,real_openml_creditcard_42397
41.52,31.38,464,COD,1,0,synthetic
138.03,101.59,1393,Prepaid,21,0,synthetic
838.98,5.16,867,Prepaid,13,0,real_openml_creditcard_42397
331.43,34.69,765,Wallet,1,0,synthetic
618.71,65.61,1394,Wallet,14,0,synthetic
410.86,85.05,1440,Wallet,17,0,synthetic
793.93,113.14,2122,Prepaid,16,0,synthetic
174.5,38.22,666,Prepaid,20,0,synthetic
503.34,22.55,774,Prepaid,11,0,synthetic
90.78,54.01,780,Prepaid,16,0,synthetic
159.43,99.57,1388,Wallet,23,1,synthetic
163.64,10.85,327,COD,18,0,synthetic
18.45,23.03,343,COD,6,0,real_openml_creditcard_42397
52.37,7.24,184,COD,18,0,real_openml_creditcard_42397
97.17,4.91,196,Prepaid,19,0,synthetic
16.13,81.84,1047,COD,21,0,synthetic
594.62,93.59,1708,Prepaid,0,0,synthetic
788.55,118.17,2178,COD,22,0,synthetic
474.35,45.38,1021,COD,7,0,synthetic
765.87,79.01,1687,Prepaid,8,0,synthetic
38.86,63.07,842,COD,4,0,synthetic
54.62,9.15,209,COD,19,0,real_openml_creditcard_42397
248.51,1.69,294,COD,5,0,synthetic
799.25,76.79,1691,Wallet,14,0,synthetic
18.46,34.48,480,Prepaid,5,0,synthetic
80.77,13.33,283,COD,1,0,synthetic
55.51,22.5,370,Wallet,10,0,real_openml_creditcard_42397
503.1,106.56,1781,Prepaid,13,0,synthetic
104.95,5.38,209,COD,10,0,real_openml_creditcard_42397
38.72,8.6,188,Prepaid,12,0,real_openml_creditcard_42397
590.15,57.28,1269,Prepaid,16,0,synthetic
3976.07,52.63,4260,COD,19,0,real_openml_creditcard_42397
476.46,23.88,765,Wallet,22,0,synthetic
783.96,32.62,1147,Prepaid,9,0,synthetic
519.08,117.15,1923,Prepaid,11,0,synthetic
29.36,8.63,180,Wallet,15,0,real_openml_creditcard_42397
468.53,71.77,1333,COD,3,0,synthetic
103.62,3.23,182,Wallet,19,0,real_openml_creditcard_42397
247.15,12.46,422,Wallet,15,0,real_openml_creditcard_42397
172.57,3.31,245,COD,16,0,real_openml_creditcard_42397
119.98,111.87,1500,COD,2,0,synthetic
171.67,5.71,273,COD,14,0,real_openml_creditcard_42397
685.1,92.58,1778,COD,10,0,synthetic
44.34,76.73,1011,Wallet,14,0,synthetic
122.31,13.74,325,Wallet,22,0,real_openml_creditcard_42397
605.95,114.85,1974,Wallet,16,0,synthetic
630.17,95.44,1762,COD,23,0,synthetic
717.84,3.22,735,Wallet,21,0,synthetic
275.92,0.72,307,COD,15,0,real_openml_creditcard_42397
378.92,6.25,466,Prepaid,21,0,synthetic
629.87,81.13,1590,Wallet,5,0,synthetic
368.3,55.88,1052,Wallet,21,0,synthetic
765.88,28.59,1082,COD,7,0,synthetic
95.76,8.57,239,Prepaid,11,0,real_openml_creditcard_42397
59.83,8.1,201,Wallet,5,0,real_openml_creditcard_42397
785.57,86.1,1790,Prepaid,20,0,synthetic
21.21,9.66,185,Wallet,13,0,real_openml_creditcard_42397
366.84,5.07,441,COD,13,0,real_openml_creditcard_42397
184.25,5.51,282,COD,21,0,real_openml_creditcard_42397
495.65,38.49,958,COD,9,0,real_openml_creditcard_42397
788.03,77.1,1684,Prepaid,0,0,synthetic
13.86,31.71,443,COD,14,0,real_openml_creditcard_42397
297.27,111.25,1653,Prepaid,18,0,synthetic
98.86,3.59,182,COD,3,0,real_openml_creditcard_42397
544.48,74.96,1440,COD,5,0,synthetic
716.06,103.02,1931,COD,3,0,synthetic
631.76,100.4,1823,Prepaid,8,0,synthetic
206.61,59.24,947,COD,19,0,synthetic
125.99,2.63,195,Prepaid,0,0,real_openml_creditcard_42397
1798.99,41.66,2169,Prepaid,18,0,real_openml_creditcard_42397
640.81,65.61,1414,Wallet,16,0,synthetic
75.34,5.35,182,Prepaid,13,0,real_openml_creditcard_42397
210.07,96.74,1400,Prepaid,19,0,synthetic
2.8,10.79,182,Wallet,20,0,real_openml_creditcard_42397
258.97,11.74,424,Prepaid,0,0,real_openml_creditcard_42397
35.73,96.71,1243,Wallet,21,0,synthetic
647.19,114.75,2009,Wallet,5,1,synthetic
395.03,9.8,523,Wallet,22,1,synthetic
94.2,6.1,208,COD,9,0,real_openml_creditcard_42397
793.76,33.46,1166,COD,8,0,synthetic
119.55,15.28,341,Wallet,1,0,real_openml_creditcard_42397
143.01,60.29,902,Wallet,4,1,synthetic
726.46,105.17,1966,COD,15,0,synthetic
572.18,110.88,1895,Prepaid,7,0,synthetic
486.46,73.11,1365,Prepaid,15,1,synthetic
618.57,29.56,961,Wallet,19,0,synthetic
27.75,11.0,207,Prepaid,23,0,real_openml_creditcard_42397
13.2,10.01,182,Prepaid,17,0,real_openml_creditcard_42397
86.71,14.04,297,Prepaid,19,1,synthetic
214.24,4.34,295,COD,22,0,synthetic
386.82,103.28,1638,COD,10,1,synthetic
624.66,42.19,1118,Prepaid,9,0,synthetic
322.96,103.14,1578,Prepaid,2,0,synthetic
596.55,97.04,1751,Wallet,6,0,synthetic
706.4,114.18,2056,Prepaid,5,0,synthetic
210.97,83.79,1245,Prepaid,18,0,synthetic
93.42,88.99,1202,Prepaid,22,0,synthetic
33.97,84.91,1099,COD,0,0,synthetic
214.84,47.15,809,Wallet,15,0,synthetic
146.44,9.27,293,COD,11,0,real_openml_creditcard_42397
615.03,94.61,1739,Prepaid,17,0,synthetic
36.36,8.19,181,Wallet,10,0,real_openml_creditcard_42397
334.52,50.02,951,Wallet,17,0,synthetic
664.89,62.86,1403,Wallet,5,0,synthetic
201.38,1.38,248,COD,15,0,synthetic
161.29,49.21,786,Prepaid,10,0,synthetic
45.42,8.01,187,Wallet,23,0,real_openml_creditcard_42397
5.72,49.01,643,Wallet,22,0,synthetic
648.39,39.19,1104,Wallet,4,0,synthetic
355.52,50.25,973,Wallet,7,0,synthetic
491.58,8.78,598,Wallet,9,0,synthetic
189.45,4.21,271,Prepaid,17,0,real_openml_creditcard_42397
792.42,17.68,975,Prepaid,9,0,synthetic
386.14,114.41,1770,COD,3,0,synthetic
134.64,9.57,286,Wallet,20,0,real_openml_creditcard_42397
668.9,22.78,925,COD,3,0,synthetic
238.13,8.06,361,Prepaid,14,0,real_openml_creditcard_42397
2938.23,11.72,2835,COD,9,0,real_openml_creditcard_42397
350.07,104.83,1623,COD,8,0,synthetic
176.16,1.12,222,Prepaid,19,0,real_openml_creditcard_42397
378.99,105.87,1662,Prepaid,12,0,synthetic
37.48,19.61,319,Wallet,0,0,synthetic
273.38,29.22,647,Wallet,2,0,synthetic
712.9,85.87,1722,Prepaid,22,0,synthetic
326.8,1.78,365,Wallet,19,0,synthetic
79.46,20.96,373,COD,17,0,real_openml_creditcard_42397
154.65,26.89,512,Prepaid,11,0,synthetic
226.69,0.75,263,Prepaid,15,0,real_openml_creditcard_42397
15.27,9.85,182,COD,16,0,real_openml_creditcard_42397
72.43,85.06,1136,COD,23,0,synthetic
89.27,4.3,182,Wallet,14,0,real_openml_creditcard_42397
399.18,50.43,1014,Wallet,18,0,synthetic
751.34,67.81,1540,COD,10,0,synthetic
68.48,6.78,193,COD,23,0,real_openml_creditcard_42397
249.85,10.25,398,COD,23,0,synthetic
488.11,7.2,576,Prepaid,18,0,synthetic
26.88,8.98,182,Wallet,13,0,real_openml_creditcard_42397
473.82,52.94,1112,Wallet,0,0,synthetic
207.8,7.33,325,Wallet,0,0,real_openml_creditcard_42397
799.62,21.25,1025,Wallet,23,0,synthetic
55.43,7.26,187,Wallet,15,0,real_openml_creditcard_42397
779.66,51.11,1365,COD,11,0,synthetic
238.62,78.8,1210,Prepaid,14,0,synthetic
300.37,71.64,1180,COD,17,0,synthetic
737.77,66.98,1518,Prepaid,9,0,synthetic
323.19,4.76,398,Wallet,10,0,real_openml_creditcard_42397
203.99,2.62,265,COD,20,0,real_openml_creditcard_42397
105.09,4.12,194,Prepaid,9,0,real_openml_creditcard_42397
155.01,1.46,207,COD,10,0,real_openml_creditcard_42397
22.37,15.24,253,Prepaid,21,0,real_openml_creditcard_42397
291.28,2.41,341,Wallet,11,0,synthetic
236.05,13.38,423,COD,9,0,synthetic
14.42,88.0,1119,Wallet,10,0,real_openml_creditcard_42397
190.3,1.23,236,Wallet,11,0,real_openml_creditcard_42397
34.11,8.86,187,Wallet,22,0,real_openml_creditcard_42397
523.2,4.68,577,Prepaid,21,0,real_openml_creditcard_42397
691.49,19.23,903,COD,23,0,synthetic
462.22,60.67,1194,Wallet,6,0,synthetic
165.94,95.91,1350,Prepaid,1,0,synthetic
547.67,68.69,1367,COD,11,0,synthetic
168.8,8.92,309,Wallet,21,0,real_openml_creditcard_42397
134.25,0.93,182,COD,22,0,real_openml_creditcard_42397
25.3,17.52,283,COD,20,0,real_openml_creditcard_42397
243.29,35.47,695,COD,8,0,synthetic
167.38,1.28,216,Prepaid,9,0,real_openml_creditcard_42397
233.97,11.95,404,Prepaid,0,0,real_openml_creditcard_42397
133.02,28.02,506,COD,7,0,real_openml_creditcard_42397
269.01,35.51,718,Prepaid,23,0,synthetic
313.2,103.14,1570,Prepaid,17,0,synthetic
625.76,33.24,1012,Wallet,23,0,synthetic
477.96,94.37,1613,COD,11,0,synthetic
85.43,74.29,1018,Prepaid,5,0,synthetic
132.48,27.81,503,Wallet,11,0,real_openml_creditcard_42397
318.77,94.34,1469,COD,20,0,synthetic
51.02,7.34,184,COD,19,0,real_openml_creditcard_42397
156.6,18.01,407,Wallet,20,0,real_openml_creditcard_42397
745.59,118.17,2139,COD,10,0,synthetic
89.12,4.32,182,COD,23,0,real_openml_creditcard_42397
617.91,83.93,1613,Wallet,19,1,synthetic
63.95,6.2,182,COD,22,0,real_openml_creditcard_42397
8.69,10.51,184,Prepaid,16,0,real_openml_creditcard_42397
2.88,11.45,190,Wallet,20,0,real_openml_creditcard_42397
363.17,76.33,1293,Prepaid,21,0,synthetic
500.52,100.8,1710,Prepaid,15,0,synthetic
491.87,32.27,880,Prepaid,4,0,synthetic
52.46,8.57,200,Prepaid,13,0,real_openml_creditcard_42397
97.26,7.51,228,COD,23,0,synthetic
199.8,14.08,399,Wallet,5,0,synthetic
97.31,4.87,196,COD,22,0,real_openml_creditcard_42397
133.49,26.9,493,Wallet,4,0,real_openml_creditcard_42397
1.42,10.73,180,Wallet,0,0,real_openml_creditcard_42397
125.05,2.79,196,COD,14,0,real_openml_creditcard_42397
184.99,2.46,246,Wallet,15,0,real_openml_creditcard_42397
468.61,46.15,1026,Prepaid,18,0,synthetic
54.61,57.31,787,Prepaid,18,0,synthetic
470.53,38.96,941,Prepaid,20,0,real_openml_creditcard_42397
111.43,3.89,197,Wallet,19,0,real_openml_creditcard_42397
351.99,58.61,1070,COD,21,0,synthetic
173.35,35.92,637,Wallet,3,0,synthetic
691.98,81.15,1647,COD,21,0,synthetic
175.33,22.91,483,Wallet,21,0,synthetic
790.89,98.29,1941,Wallet,19,0,synthetic
318.59,6.11,410,COD,23,0,real_openml_creditcard_42397
24.13,10.52,198,COD,18,0,real_openml_creditcard_42397
85.18,4.78,184,Prepaid,0,0,real_openml_creditcard_42397
507.94,3.77,552,Prepaid,21,1,synthetic
28.58,8.86,182,Wallet,18,0,real_openml_creditcard_42397
631.34,96.96,1782,Prepaid,17,0,synthetic
40.28,5.83,156,COD,17,0,synthetic
387.06,14.7,575,Prepaid,18,0,synthetic
162.84,14.7,373,COD,22,0,real_openml_creditcard_42397
240.9,44.79,804,Prepaid,17,0,synthetic
370.49,69.77,1221,Prepaid,1,0,synthetic
211.63,71.37,1097,Prepaid,19,0,synthetic
24.87,11.22,207,COD,3,0,real_openml_creditcard_42397
549.93,67.1,1350,Wallet,18,0,synthetic
111.92,35.57,578,COD,10,0,synthetic
101.69,3.05,178,Wallet,7,0,synthetic
34.72,90.31,1165,Prepaid,3,0,synthetic
28.55,10.53,202,Wallet,21,0,real_openml_creditcard_42397
659.32,60.31,1367,Prepaid,20,0,synthetic
87.96,9.49,243,COD,0,0,real_openml_creditcard_42397
40.08,90.44,1171,COD,8,0,synthetic
51.88,9.36,209,Prepaid,8,0,real_openml_creditcard_42397
623.25,115.97,2003,Wallet,5,0,synthetic
501.64,101.3,1717,Wallet,12,0,synthetic
33.78,26.97,404,COD,15,0,real_openml_creditcard_42397
387.52,102.51,1629,Prepaid,3,0,synthetic
171.53,37.38,653,COD,23,0,real_openml_creditcard_42397
448.32,67.81,1267,COD,10,0,synthetic
1834.74,11.14,1835,Wallet,16,0,real_openml_creditcard_42397
745.14,6.53,799,COD,8,0,synthetic
750.3,97.17,1891,COD,11,0,synthetic
628.24,25.52,922,Wallet,5,0,synthetic
60.07,9.41,217,Wallet,14,0,real_openml_creditcard_42397
326.65,2.92,379,COD,17,0,real_openml_creditcard_42397
56.15,7.29,188,COD,9,0,real_openml_creditcard_42397
509.4,73.33,1388,Prepaid,23,0,synthetic
729.84,79.27,1658,Wallet,4,0,synthetic
25.17,116.18,1467,Prepaid,1,0,synthetic
80.34,41.34,618,Prepaid,3,0,synthetic
6.37,34.94,475,Wallet,17,0,synthetic
122.2,35.67,588,Wallet,16,0,real_openml_creditcard_42397
764.81,40.14,1220,Wallet,16,0,synthetic
746.53,49.93,1321,Wallet,12,0,synthetic
389.44,89.13,1470,COD,17,0,synthetic
651.58,41.07,1129,Prepaid,13,0,synthetic
217.26,89.73,1322,Wallet,9,0,synthetic
720.78,65.43,1484,COD,23,0,synthetic
9.01,10.49,184,Wallet,8,0,real_openml_creditcard_42397
86.95,16.81,330,Wallet,22,0,real_openml_creditcard_42397
476.56,41.62,978,Wallet,13,0,synthetic
312.03,85.24,1354,Wallet,9,0,synthetic
197.49,1.59,247,Wallet,18,0,synthetic
514.38,2.72,546,Prepaid,0,0,synthetic
775.3,79.16,1698,Wallet,23,0,synthetic
305.73,80.81,1295,Wallet,18,0,synthetic
223.35,10.83,381,Prepaid,23,0,real_openml_creditcard_42397
71.45,114.34,1486,Wallet,7,0,synthetic
161.24,111.7,1535,Wallet,21,0,synthetic
720.42,42.51,1208,Wallet,2,0,synthetic
152.8,0.87,198,Wallet,16,0,real_openml_creditcard_42397
532.56,112.67,1881,Prepaid,11,0,synthetic
145.84,0.65,189,COD,15,0,real_openml_creditcard_42397
406.84,83.21,1415,Wallet,12,0,synthetic
529.46,101.23,1741,Wallet,4,0,synthetic
337.03,2.32,381,COD,18,0,synthetic
684.03,114.13,2035,Prepaid,19,0,synthetic
321.95,118.28,1759,Prepaid,13,0,synthetic
327.29,50.6,952,Wallet,21,0,synthetic
44.48,70.47,936,Prepaid,18,0,synthetic
416.08,44.17,954,COD,6,0,synthetic
327.69,92.79,1458,COD,21,0,synthetic
114.62,119.77,1590,COD,3,0,synthetic
158.52,3.78,238,Prepaid,18,0,real_openml_creditcard_42397
752.05,75.48,1633,Prepaid,0,0,synthetic
268.63,74.09,1181,COD,15,0,synthetic
676.32,85.97,1690,COD,12,0,synthetic
15.63,22.99,340,Prepaid,19,0,real_openml_creditcard_42397
366.42,59.53,1094,Prepaid,18,0,synthetic
169.14,3.31,242,Prepaid,14,0,real_openml_creditcard_42397
62.64,88.02,1163,Wallet,10,0,synthetic
335.8,58.92,1059,COD,9,0,synthetic
760.08,93.33,1854,Wallet,2,0,synthetic
403.45,13.14,571,Wallet,7,0,synthetic
133.11,0.93,181,COD,10,0,real_openml_creditcard_42397
794.8,76.55,1684,COD,23,0,synthetic
88.69,4.35,182,COD,10,0,real_openml_creditcard_42397
770.58,19.21,974,Wallet,8,0,synthetic
336.36,34.61,768,Prepaid,14,0,synthetic
367.01,99.64,1576,Wallet,16,0,synthetic
759.83,89.31,1806,Wallet,17,0,synthetic
520.45,11.31,654,Wallet,16,1,synthetic
67.16,6.21,185,Wallet,7,0,real_openml_creditcard_42397
1617.09,40.64,1993,Wallet,22,0,real_openml_creditcard_42397
366.75,111.65,1720,Prepaid,20,0,synthetic
228.11,84.42,1268,COD,19,0,synthetic
75.37,32.32,506,Wallet,14,0,synthetic
561.94,105.8,1825,COD,6,0,synthetic
114.75,9.73,270,COD,10,0,real_openml_creditcard_42397
242.35,96.9,1431,Prepaid,13,0,synthetic
146.96,11.73,323,Wallet,2,0,real_openml_creditcard_42397
54.7,34.65,515,Wallet,14,0,real_openml_creditcard_42397
197.33,1.53,246,COD,19,0,real_openml_creditcard_42397
73.59,8.56,219,COD,10,0,real_openml_creditcard_42397
166.77,1.16,214,COD,20,0,real_openml_creditcard_42397
92.57,16.18,328,COD,7,0,synthetic
90.41,31.96,515,COD,16,0,synthetic
186.21,0.53,224,Prepaid,7,0,real_openml_creditcard_42397
648.88,8.48,736,Wallet,0,0,synthetic
63.71,9.55,222,COD,19,0,real_openml_creditcard_42397
397.95,37.99,864,COD,15,0,real_openml_creditcard_42397
136.32,1.78,194,Wallet,11,0,real_openml_creditcard_42397
37.62,19.45,317,COD,20,0,synthetic
23.06,10.6,198,COD,12,0,real_openml_creditcard_42397
17.08,9.72,182,Prepaid,7,0,real_openml_creditcard_42397
44.83,21.3,346,Wallet,18,0,real_openml_creditcard_42397
422.26,0.91,441,Prepaid,23,0,real_openml_creditcard_42397
136.87,0.73,182,Wallet,20,0,real_openml_creditcard_42397
464.01,74.74,1365,COD,6,0,synthetic
1.1,10.92,182,Wallet,7,0,real_openml_creditcard_42397
280.39,1.25,317,Prepaid,7,0,synthetic
69.75,6.52,191,Wallet,7,0,real_openml_creditcard_42397
53.08,39.06,566,Wallet,18,0,synthetic
424.03,101.42,1649,Wallet,4,0,synthetic
653.51,30.78,1008,Prepaid,13,1,synthetic
361.19,3.47,417,Wallet,18,1,synthetic
763.26,72.89,1612,COD,12,0,synthetic
723.33,91.6,1800,Wallet,0,1,synthetic
107.19,6.38,223,Wallet,10,0,real_openml_creditcard_42397
45.97,11.22,226,Prepaid,13,0,real_openml_creditcard_42397
497.96,51.52,1116,Wallet,22,0,synthetic
24.8,10.47,198,Wallet,15,0,real_openml_creditcard_42397
62.23,3.6,149,Prepaid,14,0,synthetic
30.78,8.69,182,Wallet,21,0,real_openml_creditcard_42397
115.33,117.19,1560,COD,14,1,synthetic
322.06,119.44,1773,COD,0,0,synthetic
222.33,4.98,310,Wallet,10,0,synthetic
528.3,72.16,1391,Prepaid,1,0,synthetic
90.75,4.19,182,Prepaid,14,0,real_openml_creditcard_42397
61.66,6.29,181,COD,9,0,real_openml_creditcard_42397
39.19,110.35,1409,Wallet,1,0,synthetic
10.57,12.04,204,COD,12,0,real_openml_creditcard_42397
118.35,78.92,1104,COD,21,0,synthetic
76.7,8.83,225,COD,13,0,real_openml_creditcard_42397
138.49,4.95,234,COD,17,0,real_openml_creditcard_42397
432.63,9.84,557,Prepaid,7,0,synthetic
117.43,5.28,219,Prepaid,23,0,real_openml_creditcard_42397
203.95,1.54,252,Wallet,22,0,real_openml_creditcard_42397
554.2,114.85,1927,COD,21,1,synthetic
6.37,73.31,935,Wallet,14,0,synthetic
185.18,13.03,373,Prepaid,9,0,real_openml_creditcard_42397
34.51,16.33,277,Wallet,0,0,real_openml_creditcard_42397
15.06,9.87,182,Wallet,16,0,real_openml_creditcard_42397
444.22,2.92,485,Wallet,3,0,synthetic
593.1,51.73,1205,Prepaid,9,0,synthetic
634.1,31.5,999,Prepaid,19,0,synthetic
770.21,24.33,1035,Prepaid,20,0,synthetic
410.13,7.51,509,COD,23,0,synthetic
541.74,16.75,739,COD,11,0,synthetic
57.73,6.84,184,Prepaid,9,0,real_openml_creditcard_42397
18.94,9.66,183,Wallet,16,0,real_openml_creditcard_42397
675.03,76.69,1578,Prepaid,13,0,synthetic
736.78,48.3,1293,Prepaid,7,0,synthetic
54.65,7.15,185,COD,13,0,real_openml_creditcard_42397
136.96,0.73,182,COD,23,0,real_openml_creditcard_42397
664.61,90.9,1739,Prepaid,15,0,synthetic
128.44,1.45,183,Prepaid,18,0,real_openml_creditcard_42397
688.79,35.85,1100,COD,21,1,synthetic
202.82,49.2,823,COD,22,0,synthetic
7.57,24.6,352,Wallet,22,0,real_openml_creditcard_42397
466.93,60.0,1190,COD,16,0,synthetic
210.33,9.39,352,Wallet,20,0,real_openml_creditcard_42397
243.58,96.42,1426,COD,3,0,synthetic
756.21,32.65,1122,COD,11,0,synthetic
71.25,5.49,180,Prepaid,14,0,real_openml_creditcard_42397
317.77,66.81,1138,COD,23,0,synthetic
95.99,91.49,1234,COD,22,0,synthetic
23.3,9.25,182,Prepaid,10,0,real_openml_creditcard_42397
59.86,6.51,182,Prepaid,12,0,real_openml_creditcard_42397
747.3,78.45,1664,COD,12,0,synthetic
400.83,3.27,450,Prepaid,17,0,real_openml_creditcard_42397
83.15,16.01,317,COD,6,0,real_openml_creditcard_42397
322.87,28.58,683,Prepaid,14,0,synthetic
610.65,116.44,1997,Wallet,4,0,synthetic
610.24,15.78,789,Wallet,23,0,synthetic
538.67,54.41,1188,Wallet,6,0,synthetic
479.88,17.35,690,COD,23,0,synthetic
29.99,9.5,191,Wallet,20,0,real_openml_creditcard_42397
704.89,84.31,1696,Prepaid,16,0,synthetic
776.31,60.38,1473,COD,12,1,synthetic
75.59,15.33,302,Wallet,17,0,real_openml_creditcard_42397
63.51,7.07,192,COD,13,0,real_openml_creditcard_42397
779.04,8.72,856,COD,5,0,synthetic
774.27,89.16,1817,Prepaid,12,0,synthetic
187.47,115.02,1599,Wallet,8,0,synthetic
330.29,71.76,1208,COD,15,0,synthetic
104.85,4.47,198,Prepaid,11,0,real_openml_creditcard_42397
512.03,62.82,1265,Wallet,11,0,synthetic
184.25,73.18,1094,COD,2,0,synthetic
284.65,27.37,635,Prepaid,6,0,synthetic
753.96,19.0,957,Prepaid,16,0,synthetic
493.23,62.9,1249,Wallet,11,0,synthetic
597.27,96.26,1743,Wallet,3,0,synthetic
68.56,12.94,267,COD,9,0,real_openml_creditcard_42397
790.52,59.94,1481,COD,4,1,synthetic
712.3,16.75,892,Wallet,21,0,synthetic
50.73,7.03,180,Wallet,19,0,real_openml_creditcard_42397
730.46,20.56,954,COD,21,0,synthetic
406.93,51.33,1032,Wallet,19,0,synthetic
575.73,106.56,1847,Prepaid,15,0,synthetic
96.48,74.57,1032,COD,0,0,synthetic
749.17,107.08,2009,Prepaid,12,0,synthetic
370.95,45.08,925,Prepaid,8,0,synthetic
415.88,114.59,1799,Wallet,23,0,synthetic
351.81,35.83,797,Prepaid,6,0,synthetic
596.01,59.52,1301,Prepaid,13,0,synthetic
543.08,88.68,1603,Wallet,5,1,synthetic
409.43,7.0,502,COD,11,0,synthetic
98.96,3.58,182,COD,18,0,real_openml_creditcard_42397
791.76,62.88,1517,COD,7,0,synthetic
435.1,60.16,1164,Prepaid,2,0,synthetic
580.89,68.25,1392,Wallet,6,0,synthetic
306.26,4.2,376,Prepaid,14,0,real_openml_creditcard_42397
174.09,0.94,218,Wallet,13,0,real_openml_creditcard_42397
730.69,76.66,1628,Prepaid,22,0,synthetic
208.95,46.45,795,Prepaid,11,0,synthetic
537.61,94.3,1665,Prepaid,15,0,synthetic
671.85,90.38,1739,COD,10,0,synthetic
311.52,41.89,833,COD,7,0,real_openml_creditcard_42397
794.97,52.84,1399,Prepaid,9,0,synthetic
27.17,84.38,1087,Prepaid,16,0,synthetic
316.32,118.56,1757,Wallet,20,0,synthetic
18.43,9.62,182,Wallet,13,0,real_openml_creditcard_42397
234.0,51.54,879,Wallet,7,0,synthetic
175.39,57.17,894,COD,10,0,synthetic
111.43,110.3,1474,COD,2,0,synthetic
134.17,0.94,182,COD,10,0,real_openml_creditcard_42397
47.79,95.15,1235,Wallet,8,0,synthetic
1.52,10.89,182,Wallet,21,0,real_openml_creditcard_42397
119.8,3.6,201,Prepaid,6,0,real_openml_creditcard_42397
464.02,99.38,1660,Prepaid,14,0,synthetic
39.09,10.65,213,Prepaid,12,0,real_openml_creditcard_42397
236.84,0.57,270,Prepaid,19,0,real_openml_creditcard_42397
100.29,3.73,185,COD,13,0,real_openml_creditcard_42397
261.2,53.83,931,COD,7,0,synthetic
122.53,1.81,182,Wallet,13,0,real_openml_creditcard_42397
141.98,3.6,221,Wallet,14,0,real_openml_creditcard_42397
330.13,86.06,1380,Wallet,18,0,synthetic
129.82,2.26,194,Prepaid,16,0,real_openml_creditcard_42397
137.67,0.51,180,Wallet,9,0,real_openml_creditcard_42397
202.19,10.75,361,COD,6,0,real_openml_creditcard_42397
199.02,121.24,1684,Wallet,0,0,real_openml_creditcard_42397
173.95,9.55,321,Prepaid,8,0,synthetic
778.68,12.15,897,Wallet,1,0,synthetic
52.36,8.41,198,Wallet,8,0,real_openml_creditcard_42397
163.9,1.74,218,Wallet,4,0,synthetic
140.8,4.11,226,COD,17,0,real_openml_creditcard_42397
96.22,25.62,444,COD,20,0,real_openml_creditcard_42397
701.1,44.61,1216,Prepaid,5,0,synthetic
106.88,3.9,193,Prepaid,9,0,real_openml_creditcard_42397
50.94,11.1,229,COD,13,0,real_openml_creditcard_42397
150.38,1.05,198,Wallet,11,0,real_openml_creditcard_42397
653.56,82.85,1632,Wallet,1,0,synthetic
399.08,106.74,1690,Wallet,0,0,synthetic
481.45,46.65,1043,Wallet,21,0,synthetic
708.44,26.82,1009,COD,19,0,synthetic
4794.42,29.0,4713,Prepaid,9,0,real_openml_creditcard_42397
145.44,0.68,189,COD,22,0,real_openml_creditcard_42397
600.04,106.35,1866,Prepaid,22,0,synthetic
38.2,9.3,196,Wallet,15,0,real_openml_creditcard_42397
154.08,0.61,196,COD,20,0,real_openml_creditcard_42397
245.95,115.18,1653,Wallet,17,0,synthetic
165.28,90.02,1279,COD,16,0,synthetic
205.84,56.35,911,COD,3,0,synthetic
578.13,45.89,1121,Prepaid,4,0,synthetic
236.04,12.13,408,Prepaid,9,0,real_openml_creditcard_42397
176.09,1.88,231,COD,12,0,real_openml_creditcard_42397
133.42,70.41,1015,COD,23,0,synthetic
769.53,27.26,1070,Prepaid,22,0,synthetic
55.39,6.85,182,Prepaid,16,0,real_openml_creditcard_42397
46.26,10.36,216,Prepaid,16,0,real_openml_creditcard_42397
25.6,10.25,196,COD,20,0,real_openml_creditcard_42397
138.17,2.14,200,Wallet,10,0,real_openml_creditcard_42397
48.26,9.46,207,COD,3,0,real_openml_creditcard_42397
202.26,7.0,316,Wallet,21,0,real_openml_creditcard_42397
235.52,37.59,713,Prepaid,15,0,real_openml_creditcard_42397
147.68,2.17,209,Prepaid,23,0,real_openml_creditcard_42397
130.45,8.04,264,COD,13,0,synthetic
30.71,11.7,218,Prepaid,21,0,real_openml_creditcard_42397
17.33,11.03,198,Prepaid,19,0,real_openml_creditcard_42397
115.36,3.6,197,COD,12,0,real_openml_creditcard_42397
171.47,65.31,988,COD,12,0,synthetic
54.99,8.21,198,Wallet,20,0,real_openml_creditcard_42397
119.4,3.96,205,Wallet,12,0,real_openml_creditcard_42397
667.86,79.02,1599,COD,22,0,synthetic
147.06,16.55,381,Prepaid,6,0,real_openml_creditcard_42397
64.84,29.05,457,Prepaid,14,0,synthetic
157.86,89.06,1261,Wallet,8,0,synthetic
2.71,108.25,1351,Prepaid,4,0,synthetic
30.2,8.74,182,Prepaid,7,0,real_openml_creditcard_42397
402.65,32.64,804,Prepaid,18,0,synthetic
562.51,14.45,730,Wallet,5,0,synthetic
728.53,78.29,1645,COD,13,0,synthetic
127.32,4.87,223,Prepaid,15,0,real_openml_creditcard_42397
536.24,100.2,1735,Prepaid,16,0,synthetic
416.42,84.86,1443,Prepaid,6,0,synthetic
28.11,10.48,201,COD,14,0,real_openml_creditcard_42397
264.96,19.13,518,Wallet,12,0,synthetic
38.3,15.13,266,Prepaid,0,0,real_openml_creditcard_42397
161.27,2.9,230,Prepaid,8,0,real_openml_creditcard_42397
235.17,24.03,550,COD,18,0,real_openml_creditcard_42397
413.2,108.5,1724,COD,13,0,synthetic
437.33,19.3,675,Prepaid,19,0,synthetic
533.43,22.78,803,Wallet,10,0,synthetic
98.93,5.66,207,Wallet,4,0,real_openml_creditcard_42397
513.43,64.42,1285,Prepaid,9,0,synthetic
9.43,27.46,388,Prepaid,10,0,real_openml_creditcard_42397
577.8,112.51,1920,Prepaid,19,1,synthetic
491.39,115.82,1882,Prepaid,15,0,synthetic
422.91,92.92,1546,COD,23,0,synthetic
44.71,35.73,519,Wallet,16,0,real_openml_creditcard_42397
143.92,25.76,489,Prepaid,10,0,synthetic
123.2,1.68,181,Prepaid,19,0,real_openml_creditcard_42397
22.35,9.91,189,COD,22,0,real_openml_creditcard_42397
84.75,5.56,193,Wallet,7,0,real_openml_creditcard_42397
1.84,115.44,1437,Prepaid,15,0,synthetic
76.2,11.95,262,COD,9,0,real_openml_creditcard_42397
629.52,8.77,722,Wallet,12,0,synthetic
576.99,97.52,1740,Prepaid,17,0,synthetic
290.52,0.71,320,Wallet,0,0,real_openml_creditcard_42397
235.1,76.21,1176,COD,6,0,synthetic
386.59,71.72,1259,Wallet,11,0,synthetic
50.49,9.3,207,COD,21,0,real_openml_creditcard_42397
479.22,42.79,995,COD,19,0,synthetic
765.19,33.5,1141,Prepaid,14,0,synthetic
42.9,9.03,197,COD,6,0,real_openml_creditcard_42397
72.67,17.47,325,Prepaid,21,0,real_openml_creditcard_42397
53.91,81.46,1076,COD,14,0,synthetic
185.66,35.74,646,COD,10,0,real_openml_creditcard_42397
766.68,50.95,1351,Wallet,11,0,synthetic
205.97,2.22,262,COD,11,0,real_openml_creditcard_42397
458.0,45.47,1008,Prepaid,18,0,synthetic
62.46,3.82,152,Wallet,12,0,synthetic
725.47,63.35,1463,Prepaid,17,0,synthetic
262.08,0.78,295,Prepaid,21,0,synthetic
49.93,8.01,191,Wallet,10,0,real_openml_creditcard_42397
539.44,10.01,656,Prepaid,1,0,synthetic
61.08,11.5,243,Prepaid,9,0,real_openml_creditcard_42397
564.98,73.76,1444,COD,14,0,synthetic
66.48,8.01,206,Wallet,13,0,synthetic
647.81,88.03,1689,Prepaid,16,0,synthetic
232.53,14.59,434,Prepaid,0,0,synthetic
38.51,17.61,296,COD,12,0,real_openml_creditcard_42397
743.12,47.67,1291,Wallet,9,0,synthetic
78.64,7.19,207,Prepaid,6,0,real_openml_creditcard_42397
161.73,13.29,355,COD,14,0,real_openml_creditcard_42397
762.91,9.78,854,COD,16,0,synthetic
64.88,37.82,562,Prepaid,1,0,synthetic
195.2,9.28,337,COD,20,0,real_openml_creditcard_42397
106.07,4.38,198,Prepaid,11,0,real_openml_creditcard_42397
783.11,72.75,1628,COD,7,0,synthetic
775.74,70.24,1591,Wallet,16,0,synthetic
157.94,23.89,479,COD,12,0,synthetic
566.91,71.94,1424,Prepaid,0,0,synthetic
378.33,68.96,1218,Prepaid,17,0,real_openml_creditcard_42397
330.71,59.52,1062,COD,23,0,synthetic
537.48,92.87,1648,COD,10,0,synthetic
22.54,18.23,289,Prepaid,11,0,real_openml_creditcard_42397
678.46,1.96,684,Prepaid,15,0,synthetic
393.25,63.78,1169,COD,23,0,synthetic
110.05,8.5,251,COD,22,0,real_openml_creditcard_42397
138.79,1.92,198,Wallet,11,0,real_openml_creditcard_42397
54.52,8.33,199,Wallet,14,0,real_openml_creditcard_42397
43.23,9.09,198,Prepaid,8,0,real_openml_creditcard_42397
64.83,7.27,196,Prepaid,14,0,synthetic
404.35,19.22,644,Prepaid,16,0,synthetic
743.4,104.15,1969,COD,21,0,synthetic
751.91,19.36,959,COD,10,0,real_openml_creditcard_42397
345.56,13.81,527,Prepaid,22,0,synthetic
140.06,3.25,215,Prepaid,15,0,real_openml_creditcard_42397
173.59,10.9,337,COD,19,0,real_openml_creditcard_42397
502.68,12.09,647,Prepaid,3,0,synthetic
278.93,9.3,413,COD,4,0,synthetic
664.81,35.81,1078,Prepaid,15,0,real_openml_creditcard_42397
785.16,105.75,2026,Wallet,18,0,synthetic
253.96,3.12,316,Prepaid,19,0,real_openml_creditcard_42397
605.99,64.63,1371,Prepaid,7,0,synthetic
405.89,104.92,1674,Prepaid,13,0,synthetic
357.55,103.76,1617,Wallet,0,0,synthetic
757.11,49.6,1327,Wallet,16,0,synthetic
81.56,5.47,189,Wallet,23,0,real_openml_creditcard_42397
456.3,76.22,1375,Wallet,16,0,synthetic
204.86,28.6,578,COD,3,0,synthetic
790.75,33.44,1163,COD,5,1,synthetic
625.76,66.21,1408,COD,18,0,synthetic
417.8,98.93,1613,COD,23,0,synthetic
176.02,5.21,271,Prepaid,16,0,real_openml_creditcard_42397
416.76,1.16,439,Prepaid,9,0,real_openml_creditcard_42397
604.27,106.46,1871,Wallet,3,1,synthetic
152.82,0.87,198,Prepaid,20,0,real_openml_creditcard_42397
44.96,8.04,187,Prepaid,22,0,real_openml_creditcard_42397
302.25,52.75,955,COD,8,0,synthetic
73.32,7.17,202,Wallet,20,0,real_openml_creditcard_42397
171.11,1.0,216,Wallet,6,0,real_openml_creditcard_42397
587.01,65.53,1365,Wallet,18,0,synthetic
5.87,2.69,88,Wallet,20,0,synthetic
415.56,62.64,1176,Prepaid,23,0,synthetic
41.34,8.32,187,COD,0,0,real_openml_creditcard_42397
124.74,1.98,186,Wallet,23,0,real_openml_creditcard_42397
497.31,30.06,858,Prepaid,1,0,synthetic
540.64,34.37,949,Prepaid,14,0,real_openml_creditcard_42397
794.45,10.12,886,Wallet,1,0,synthetic
717.3,8.08,793,Wallet,3,0,synthetic
500.76,13.5,663,Wallet,4,0,synthetic
696.69,8.33,777,Wallet,18,0,real_openml_creditcard_42397
35.95,97.75,1255,COD,1,0,synthetic
304.78,0.84,334,Wallet,3,0,synthetic
196.12,109.56,1541,Wallet,22,0,synthetic
520.52,81.97,1502,COD,7,0,synthetic
593.05,71.27,1439,Prepaid,8,0,synthetic
630.52,28.32,957,COD,23,0,synthetic
106.02,3.05,182,COD,18,0,real_openml_creditcard_42397
441.34,108.19,1746,COD,20,0,synthetic
14.6,12.65,215,Prepaid,9,0,real_openml_creditcard_42397
120.64,4.54,213,Prepaid,12,0,real_openml_creditcard_42397
395.7,39.92,885,COD,15,0,synthetic
66.32,6.03,182,Wallet,22,0,real_openml_creditcard_42397
459.18,91.57,1562,Wallet,4,0,synthetic
501.36,74.58,1396,Wallet,1,0,synthetic
159.94,7.34,282,COD,18,0,real_openml_creditcard_42397
349.55,29.92,724,Wallet,1,0,synthetic
725.79,31.18,1077,Wallet,4,0,synthetic
154.18,1.52,207,COD,2,0,real_openml_creditcard_42397
94.45,29.25,486,Prepaid,19,0,real_openml_creditcard_42397
99.53,4.12,189,Wallet,0,0,real_openml_creditcard_42397
691.69,68.68,1497,Wallet,22,0,synthetic
114.49,46.87,715,Prepaid,19,0,synthetic
221.15,119.4,1682,COD,4,0,synthetic
771.53,17.54,955,Wallet,1,0,synthetic
36.46,9.6,198,COD,20,0,real_openml_creditcard_42397
547.45,86.95,1586,Prepaid,15,1,synthetic
133.78,26.38,487,Wallet,7,0,real_openml_creditcard_42397
261.74,56.64,965,COD,23,0,synthetic
71.68,18.07,331,Prepaid,20,0,synthetic
226.08,109.87,1572,COD,22,0,synthetic
644.03,106.44,1907,Prepaid,15,0,synthetic
289.5,2.7,343,Prepaid,7,0,real_openml_creditcard_42397
17.6,10.35,190,COD,9,0,real_openml_creditcard_42397
145.78,36.34,617,COD,22,0,synthetic
92.19,100.46,1339,Prepaid,20,0,synthetic
325.04,38.96,810,COD,13,0,real_openml_creditcard_42397
122.18,2.84,194,COD,8,0,real_openml_creditcard_42397
36.55,8.26,182,COD,23,0,real_openml_creditcard_42397
150.02,0.75,194,Wallet,9,0,real_openml_creditcard_42397
77.05,11.05,252,Prepaid,0,0,real_openml_creditcard_42397
197.93,24.28,519,COD,6,0,synthetic
150.0,6.5,263,Wallet,8,0,real_openml_creditcard_42397
614.21,63.78,1368,Prepaid,4,0,synthetic
642.74,36.53,1067,Wallet,8,0,synthetic
743.78,96.5,1877,COD,15,0,synthetic
127.98,4.4,218,Wallet,17,0,real_openml_creditcard_42397
9.07,10.74,187,Wallet,17,0,real_openml_creditcard_42397
191.35,107.56,1513,Prepaid,20,0,synthetic
346.72,17.2,568,Prepaid,1,0,synthetic
510.86,93.75,1635,COD,14,0,synthetic
230.65,103.96,1505,Wallet,20,0,synthetic
638.87,70.21,1467,COD,15,0,synthetic
121.42,14.99,339,COD,22,0,synthetic
191.59,11.55,361,Prepaid,10,0,real_openml_creditcard_42397
797.5,2.25,795,Wallet,5,0,synthetic
138.65,0.85,185,COD,23,0,real_openml_creditcard_42397
601.53,61.93,1335,Prepaid,14,1,synthetic
27.06,13.3,234,COD,10,0,real_openml_creditcard_42397
116.23,2.87,189,COD,17,0,real_openml_creditcard_42397
789.38,117.58,2171,Prepaid,19,0,synthetic
137.2,2.79,207,COD,22,0,real_openml_creditcard_42397
349.47,49.93,964,Wallet,15,0,synthetic
30.04,14.5,251,COD,11,0,real_openml_creditcard_42397
58.24,89.44,1176,Wallet,0,0,synthetic
642.92,49.43,1222,Prepaid,5,0,synthetic
120.48,1.96,182,Wallet,10,0,real_openml_creditcard_42397
549.41,26.29,860,Wallet,18,0,synthetic
14.45,10.42,188,COD,11,0,real_openml_creditcard_42397
298.98,33.02,715,Wallet,12,0,synthetic
313.01,24.58,627,COD,20,0,synthetic
719.72,52.18,1324,Prepaid,2,0,synthetic
384.83,107.58,1687,Prepaid,7,0,synthetic
138.34,46.61,734,Wallet,3,0,synthetic
266.31,27.55,620,Wallet,14,0,synthetic
215.84,63.96,1012,Prepaid,10,0,synthetic
488.02,41.51,987,Prepaid,15,0,synthetic
276.99,0.98,311,COD,15,0,real_openml_creditcard_42397
125.03,6.54,241,Wallet,10,0,real_openml_creditcard_42397
673.55,86.96,1700,COD,20,0,synthetic
291.98,7.12,398,Prepaid,10,0,synthetic
135.05,1.04,184,Prepaid,14,0,real_openml_creditcard_42397
91.79,4.95,192,Prepaid,7,0,real_openml_creditcard_42397
10.97,12.43,209,Prepaid,16,0,real_openml_creditcard_42397
518.04,11.31,652,Prepaid,21,0,real_openml_creditcard_42397
34.19,64.85,859,COD,12,0,synthetic
98.4,29.11,488,Wallet,17,0,synthetic
107.84,11.01,279,COD,4,0,synthetic
343.22,115.48,1745,Wallet,0,1,synthetic
65.62,6.0,181,COD,13,0,real_openml_creditcard_42397
302.04,1.76,343,Prepaid,12,0,real_openml_creditcard_42397
109.86,3.76,194,COD,12,0,real_openml_creditcard_42397
323.58,70.55,1188,Prepaid,22,0,synthetic
116.02,2.22,181,Prepaid,19,0,real_openml_creditcard_42397
186.73,4.61,273,Wallet,5,0,synthetic
633.3,35.04,1040,COD,6,0,synthetic
318.09,23.81,622,Wallet,3,0,synthetic
503.83,61.66,1243,Prepaid,3,0,synthetic
626.36,74.04,1502,Wallet,23,0,synthetic
534.67,50.12,1133,Prepaid,6,0,synthetic
382.64,98.14,1572,Wallet,6,0,synthetic
46.53,11.26,227,Prepaid,0,0,real_openml_creditcard_42397
61.95,6.35,182,Prepaid,10,0,real_openml_creditcard_42397
75.59,11.83,260,Prepaid,9,0,real_openml_creditcard_42397
627.37,80.21,1577,COD,13,0,synthetic
740.61,4.45,770,Wallet,21,0,synthetic
57.91,7.41,191,Prepaid,13,0,real_openml_creditcard_42397
219.48,14.79,425,Wallet,17,0,real_openml_creditcard_42397
142.25,101.23,1393,Prepaid,0,0,synthetic
441.95,13.88,614,COD,6,0,synthetic
138.38,0.62,182,Wallet,23,0,real_openml_creditcard_42397
702.1,115.17,2064,COD,8,0,synthetic
110.23,6.4,226,Prepaid,10,0,real_openml_creditcard_42397
600.46,56.03,1263,Prepaid,7,0,synthetic
4.41,11.84,196,Wallet,2,0,real_openml_creditcard_42397
149.49,63.81,950,Prepaid,15,0,synthetic
56.94,106.64,1381,COD,9,0,synthetic
162.4,10.32,320,Wallet,10,0,real_openml_creditcard_42397
589.6,35.39,1005,Prepaid,22,0,synthetic
631.58,109.38,1931,Prepaid,10,0,synthetic
106.86,6.57,225,COD,17,0,real_openml_creditcard_42397
106.91,2.9,181,Prepaid,14,0,real_openml_creditcard_42397
201.25,0.53,238,Wallet,17,0,synthetic
85.42,10.76,256,Wallet,11,0,real_openml_creditcard_42397
184.25,4.6,271,Wallet,22,0,real_openml_creditcard_42397
546.63,15.25,725,COD,17,0,synthetic
76.55,15.93,310,Wallet,17,0,real_openml_creditcard_42397
60.68,6.45,182,COD,11,0,real_openml_creditcard_42397
154.15,4.44,242,Wallet,14,0,real_openml_creditcard_42397
298.37,63.42,1080,Prepaid,22,0,synthetic
346.27,69.35,1194,Wallet,14,0,synthetic
560.14,74.14,1444,Prepaid,21,0,synthetic
184.45,13.0,372,COD,12,0,synthetic
168.1,20.2,444,Wallet,13,0,synthetic
270.89,23.16,572,Prepaid,2,0,synthetic
513.94,109.76,1830,Wallet,23,1,synthetic
534.41,22.17,797,COD,10,0,real_openml_creditcard_42397
155.54,2.17,216,COD,20,0,real_openml_creditcard_42397
540.07,103.8,1782,Prepaid,9,0,synthetic
9.87,10.84,189,Prepaid,1,0,real_openml_creditcard_42397
465.07,45.56,1015,COD,9,0,synthetic
732.39,28.25,1048,Wallet,11,0,synthetic
85.54,5.25,190,Wallet,3,0,real_openml_creditcard_42397
106.56,6.34,222,Wallet,15,0,real_openml_creditcard_42397
113.85,11.38,289,Wallet,11,0,real_openml_creditcard_42397
745.77,98.73,1906,Wallet,5,0,synthetic
111.68,8.54,253,COD,19,0,real_openml_creditcard_42397
117.96,3.32,196,COD,14,0,real_openml_creditcard_42397
156.18,2.95,226,Prepaid,16,0,real_openml_creditcard_42397
16.08,10.46,190,Wallet,11,0,real_openml_creditcard_42397
628.66,116.96,2019,Wallet,9,0,synthetic
22.09,9.43,183,Prepaid,12,0,real_openml_creditcard_42397
68.1,15.31,295,Prepaid,18,0,real_openml_creditcard_42397
98.54,37.32,587,Wallet,21,0,synthetic
324.22,8.25,441,COD,8,0,synthetic
203.65,31.21,608,Wallet,1,0,synthetic
116.72,25.74,464,Prepaid,4,0,synthetic
338.59,12.1,500,Prepaid,13,0,synthetic
80.31,4.98,182,Wallet,12,0,real_openml_creditcard_42397
65.11,21.37,365,Prepaid,9,0,real_openml_creditcard_42397
345.83,6.9,444,Wallet,15,0,real_openml_creditcard_42397
227.71,84.26,1266,COD,16,0,synthetic
122.72,5.38,225,Wallet,18,0,real_openml_creditcard_42397
8.37,11.71,198,Wallet,16,0,real_openml_creditcard_42397
689.0,54.55,1325,Wallet,3,0,synthetic
149.6,6.45,262,Wallet,16,0,real_openml_creditcard_42397
55.19,15.78,289,Prepaid,9,0,real_openml_creditcard_42397
566.76,88.76,1625,COD,19,0,synthetic
553.19,85.36,1572,COD,11,0,synthetic
141.79,1.7,198,COD,23,0,real_openml_creditcard_42397
484.1,19.44,719,Wallet,19,0,synthetic
393.9,105.26,1668,COD,16,0,synthetic
41.17,27.58,418,Wallet,18,0,real_openml_creditcard_42397
242.36,13.76,433,Wallet,17,0,synthetic
90.03,5.25,194,Prepaid,20,0,real_openml_creditcard_42397
38.42,8.37,185,Wallet,13,0,real_openml_creditcard_42397
700.92,45.86,1231,COD,2,0,synthetic
670.25,32.18,1039,Prepaid,20,0,synthetic
211.5,111.59,1579,COD,22,0,synthetic
60.31,6.39,181,COD,13,0,real_openml_creditcard_42397
119.93,7.92,253,COD,11,0,real_openml_creditcard_42397
678.7,66.65,1461,Prepaid,1,0,synthetic
130.19,83.55,1170,Wallet,0,0,synthetic
598.7,8.12,686,Prepaid,13,0,synthetic
201.4,69.23,1062,COD,23,0,synthetic
711.1,60.05,1411,Prepaid,10,0,synthetic
118.25,76.47,1074,COD,1,0,synthetic
772.39,76.95,1669,Wallet,5,0,synthetic
112.13,12.51,301,COD,14,0,real_openml_creditcard_42397
49.76,8.43,196,Prepaid,0,0,real_openml_creditcard_42397
336.94,114.11,1723,COD,15,0,synthetic
274.67,51.22,912,Prepaid,3,0,synthetic
83.88,5.13,187,Wallet,23,0,real_openml_creditcard_42397
68.23,112.38,1460,Wallet,7,0,synthetic
31.18,9.08,187,COD,20,0,real_openml_creditcard_42397
64.4,13.59,271,Prepaid,11,0,real_openml_creditcard_42397
52.64,7.72,190,Prepaid,20,0,real_openml_creditcard_42397
702.99,62.23,1429,COD,0,0,synthetic
33.02,41.75,581,COD,22,0,synthetic
87.75,102.44,1358,COD,13,0,synthetic
516.93,31.74,896,Prepaid,21,0,synthetic
245.82,4.31,323,COD,21,0,synthetic
663.89,42.58,1159,Wallet,23,0,synthetic
81.22,32.11,508,Wallet,4,0,synthetic
393.6,8.31,504,COD,13,0,real_openml_creditcard_42397
297.17,1.05,330,Wallet,8,0,real_openml_creditcard_42397
476.06,90.27,1562,Wallet,3,0,synthetic
21.43,27.39,398,Prepaid,11,0,real_openml_creditcard_42397
569.73,7.76,656,COD,10,0,synthetic
90.06,22.25,398,Wallet,22,0,real_openml_creditcard_42397
513.36,46.58,1071,Wallet,14,0,synthetic
138.1,1.89,197,Wallet,16,0,real_openml_creditcard_42397
178.16,5.97,282,Prepaid,17,0,real_openml_creditcard_42397
125.19,8.69,267,Prepaid,23,0,synthetic
744.1,69.56,1554,Prepaid,22,0,synthetic
40.53,22.79,360,Prepaid,18,0,real_openml_creditcard_42397
51.08,57.89,791,Prepaid,4,0,synthetic
724.9,20.26,946,COD,6,0,synthetic
38.65,9.77,202,Prepaid,8,0,real_openml_creditcard_42397
339.49,39.87,834,Prepaid,18,0,synthetic
131.22,21.43,425,COD,18,0,synthetic
467.69,78.16,1409,COD,15,0,synthetic
611.39,3.36,641,Wallet,18,0,synthetic
745.39,63.88,1487,COD,4,0,synthetic
31.63,8.63,182,Wallet,17,0,real_openml_creditcard_42397
183.22,17.34,423,Prepaid,14,0,synthetic
729.06,10.27,829,Wallet,9,0,synthetic
7.93,10.57,184,Prepaid,20,0,real_openml_creditcard_42397
674.62,57.58,1348,Prepaid,1,0,synthetic
92.4,6.15,207,Wallet,10,0,real_openml_creditcard_42397
156.93,0.81,201,COD,17,0,real_openml_creditcard_42397
75.31,5.35,182,COD,6,0,real_openml_creditcard_42397
165.79,66.64,999,Wallet,23,0,synthetic
304.0,57.63,1015,Prepaid,15,0,synthetic
564.93,36.56,997,Wallet,12,0,synthetic
15.58,35.91,495,Prepaid,16,0,real_openml_creditcard_42397
173.67,48.92,793,COD,21,0,synthetic
18.54,72.58,938,COD,8,1,synthetic
7.59,10.85,187,Prepaid,15,0,real_openml_creditcard_42397
43.92,98.93,1277,COD,1,0,synthetic
70.14,6.99,197,Prepaid,21,0,real_openml_creditcard_42397
772.89,56.99,1430,Wallet,11,0,synthetic
35.18,8.53,184,Prepaid,12,0,real_openml_creditcard_42397
51.57,88.31,1156,Wallet,9,0,synthetic
139.63,1.03,188,Prepaid,22,0,real_openml_creditcard_42397
119.05,2.15,183,Prepaid,20,0,real_openml_creditcard_42397
527.75,38.55,988,COD,23,0,synthetic
35.61,18.75,307,Wallet,10,0,real_openml_creditcard_42397
114.5,52.05,778,Prepaid,14,0,synthetic
713.38,18.42,913,Prepaid,14,0,synthetic
750.73,100.68,1934,Prepaid,11,0,synthetic
118.69,2.1,182,COD,9,0,real_openml_creditcard_42397
439.06,69.64,1281,COD,15,0,synthetic
42.44,8.73,193,COD,21,0,real_openml_creditcard_42397
413.03,58.05,1118,Wallet,12,0,synthetic
329.73,82.41,1336,Wallet,8,1,synthetic
83.92,8.37,226,COD,19,0,real_openml_creditcard_42397
271.65,38.46,756,Prepaid,11,0,synthetic
124.09,1.94,185,COD,21,0,real_openml_creditcard_42397
555.1,26.19,864,Wallet,5,0,synthetic
248.21,107.95,1569,COD,7,0,synthetic
14.53,28.48,405,Prepaid,19,0,synthetic
91.58,6.96,216,Prepaid,11,0,real_openml_creditcard_42397
131.02,2.59,199,Prepaid,14,0,real_openml_creditcard_42397
123.0,3.11,198,COD,13,0,real_openml_creditcard_42397
158.23,0.72,201,Wallet,6,0,real_openml_creditcard_42397
590.72,48.53,1164,Prepaid,11,0,synthetic
118.19,3.14,194,Prepaid,19,0,real_openml_creditcard_42397
795.75,10.42,891,Prepaid,1,0,synthetic
141.61,30.13,539,Prepaid,18,0,real_openml_creditcard_42397
280.43,5.0,362,Wallet,2,0,synthetic
82.65,26.38,441,COD,17,0,real_openml_creditcard_42397
526.33,20.82,774,Prepaid,17,0,synthetic
610.31,119.24,2030,COD,18,0,synthetic
183.52,71.27,1070,Prepaid,6,0,synthetic
4.67,13.4,215,COD,18,0,real_openml_creditcard_42397
69.82,11.1,246,Wallet,3,0,real_openml_creditcard_42397
464.15,75.4,1373,Prepaid,20,0,synthetic
427.49,54.13,1084,Prepaid,4,0,synthetic
87.4,4.36,181,Prepaid,19,0,real_openml_creditcard_42397
402.2,52.11,1037,Prepaid,3,0,synthetic
757.8,62.72,1485,COD,21,0,synthetic
216.34,0.61,252,Wallet,9,0,real_openml_creditcard_42397
162.41,7.49,286,Wallet,16,0,real_openml_creditcard_42397
517.32,114.23,1886,Wallet,7,0,synthetic
33.54,8.39,181,Wallet,23,0,synthetic
699.79,36.91,1123,COD,10,0,synthetic
84.21,24.2,416,Wallet,12,0,synthetic
23.03,56.18,745,Prepaid,23,0,synthetic
124.25,7.26,249,Prepaid,11,0,real_openml_creditcard_42397
161.52,14.05,364,Prepaid,12,0,real_openml_creditcard_42397
408.47,31.61,797,Prepaid,21,0,synthetic
9.83,10.43,184,Wallet,21,0,real_openml_creditcard_42397
224.7,103.69,1496,COD,8,0,synthetic
255.43,22.51,550,Wallet,10,0,real_openml_creditcard_42397
83.08,5.69,193,Wallet,3,0,real_openml_creditcard_42397
785.86,10.74,886,Prepaid,5,0,synthetic
201.67,25.3,535,COD,1,0,synthetic
19.32,9.55,182,Prepaid,16,0,real_openml_creditcard_42397
461.35,117.05,1870,COD,3,1,synthetic
372.52,74.82,1283,COD,14,0,synthetic
15.3,29.19,414,COD,21,0,real_openml_creditcard_42397
21.67,10.54,196,Wallet,16,0,real_openml_creditcard_42397
124.83,116.62,1562,COD,18,0,synthetic
85.0,12.29,274,COD,14,0,real_openml_creditcard_42397
499.51,116.85,1902,Wallet,6,0,synthetic
69.68,17.99,329,Prepaid,15,0,synthetic
455.5,35.14,882,Prepaid,8,0,synthetic
260.95,109.13,1594,Prepaid,7,0,synthetic
141.43,82.74,1170,Wallet,6,0,synthetic
124.34,1.84,184,Wallet,13,0,real_openml_creditcard_42397
528.73,85.08,1547,Wallet,11,0,synthetic
75.95,49.78,716,Wallet,14,0,synthetic
328.59,72.79,1219,Prepaid,19,0,synthetic
537.49,119.13,1963,Wallet,17,0,synthetic
119.17,6.81,239,Prepaid,18,0,real_openml_creditcard_42397
305.94,21.85,588,COD,17,0,synthetic
224.42,36.18,686,Prepaid,14,0,synthetic
531.29,24.23,819,Prepaid,7,0,synthetic
300.65,24.89,619,Prepaid,10,0,synthetic
766.33,35.14,1161,COD,14,1,synthetic
505.85,39.03,974,Wallet,1,0,synthetic
396.3,13.44,568,Wallet,22,0,real_openml_creditcard_42397
532.66,52.78,1163,Prepaid,14,0,synthetic
335.06,7.2,438,COD,13,0,real_openml_creditcard_42397
577.64,111.26,1905,Wallet,12,0,synthetic
145.36,0.52,187,Wallet,8,0,real_openml_creditcard_42397
184.4,100.96,1427,Prepaid,9,0,synthetic
782.34,33.93,1161,COD,12,0,synthetic
185.62,9.59,332,Prepaid,13,0,synthetic
45.44,10.59,218,Wallet,20,0,real_openml_creditcard_42397
188.94,2.08,245,Wallet,7,0,real_openml_creditcard_42397
466.37,21.69,730,Wallet,21,0,synthetic
519.63,59.97,1237,COD,19,0,synthetic
475.95,84.05,1487,COD,0,0,synthetic
568.27,2.29,589,Prepaid,15,0,synthetic
306.5,3.18,364,COD,19,0,real_openml_creditcard_42397
364.3,18.07,595,Wallet,15,0,synthetic
140.43,1.8,198,COD,11,0,real_openml_creditcard_42397
434.07,105.64,1708,Wallet,22,0,synthetic
352.67,4.38,420,Wallet,21,0,real_openml_creditcard_42397
316.24,67.62,1146,COD,6,0,synthetic
272.52,106.35,1571,Wallet,14,0,synthetic
8.44,11.53,196,Prepaid,10,0,real_openml_creditcard_42397
229.12,42.19,762,Wallet,8,0,synthetic
517.49,58.58,1219,COD,6,0,synthetic
321.6,47.18,906,Wallet,14,0,synthetic
758.05,38.11,1190,Prepaid,7,0,synthetic
336.36,51.86,975,Wallet,5,0,synthetic
193.39,2.25,251,Wallet,18,0,real_openml_creditcard_42397
10.79,10.19,182,COD,21,0,real_openml_creditcard_42397
99.76,55.68,808,COD,2,0,synthetic
385.32,20.68,645,Prepaid,12,0,synthetic
236.75,0.66,271,COD,13,0,real_openml_creditcard_42397
174.87,0.88,218,COD,13,0,real_openml_creditcard_42397
622.29,85.3,1634,Prepaid,0,0,synthetic
459.86,19.1,693,Wallet,6,0,synthetic
241.48,7.06,352,Prepaid,16,0,real_openml_creditcard_42397
90.21,69.89,970,COD,7,0,synthetic
272.73,42.1,801,Prepaid,7,0,synthetic
112.04,2.6,182,Prepaid,21,0,real_openml_creditcard_42397
526.11,103.16,1761,Wallet,6,0,synthetic
86.72,58.25,827,COD,18,0,real_openml_creditcard_42397
21.74,10.37,194,COD,22,0,real_openml_creditcard_42397
140.84,86.31,1212,Wallet,14,0,synthetic
15.47,9.92,183,COD,10,0,real_openml_creditcard_42397
526.76,32.41,913,Prepaid,10,0,synthetic
242.0,23.68,552,Wallet,13,0,real_openml_creditcard_42397
71.8,6.2,189,Wallet,13,0,real_openml_creditcard_42397
196.98,11.06,360,COD,10,0,real_openml_creditcard_42397
447.24,27.89,787,Prepaid,3,0,synthetic
30.99,9.68,194,COD,11,0,real_openml_creditcard_42397
239.44,1.96,289,Wallet,21,0,real_openml_creditcard_42397
202.63,9.73,349,Prepaid,8,0,synthetic
560.85,82.7,1547,COD,21,0,synthetic
84.18,19.64,361,Prepaid,9,0,synthetic
1.69,11.21,186,Wallet,0,0,real_openml_creditcard_42397
181.81,67.67,1026,COD,7,0,synthetic
81.16,91.72,1224,COD,7,0,synthetic
52.33,7.83,191,COD,22,0,real_openml_creditcard_42397
100.22,6.32,216,COD,21,0,real_openml_creditcard_42397
50.14,15.41,280,COD,13,0,real_openml_creditcard_42397
251.57,7.8,370,Wallet,18,0,real_openml_creditcard_42397
77.24,8.12,217,COD,9,0,real_openml_creditcard_42397
662.34,75.82,1556,COD,23,0,synthetic
790.57,12.89,916,Prepaid,10,0,synthetic
154.95,1.96,213,COD,11,0,real_openml_creditcard_42397
556.66,59.77,1268,Prepaid,19,0,synthetic
616.59,56.84,1287,Wallet,2,0,synthetic
745.41,93.61,1844,Wallet,21,0,synthetic
725.75,50.91,1314,COD,16,0,synthetic
689.32,101.55,1889,Wallet,19,0,synthetic
5.9,12.22,202,Wallet,9,0,real_openml_creditcard_42397
110.0,23.61,432,Wallet,4,0,synthetic
33.71,23.98,368,COD,20,0,synthetic
126.26,12.53,314,Prepaid,12,0,real_openml_creditcard_42397
195.42,27.33,554,COD,15,0,synthetic
676.66,19.06,888,Prepaid,3,0,synthetic
98.13,91.37,1235,COD,3,0,synthetic
257.8,105.53,1548,COD,14,0,synthetic
168.39,2.87,236,Wallet,9,0,real_openml_creditcard_42397
525.59,0.5,529,Prepaid,7,1,synthetic
746.53,7.5,812,Prepaid,4,0,synthetic
136.44,1.52,191,COD,7,0,real_openml_creditcard_42397
723.0,101.62,1920,Prepaid,18,0,synthetic
768.04,37.68,1193,Prepaid,22,0,synthetic
603.81,80.98,1565,Prepaid,15,0,synthetic
1.75,13.45,213,COD,15,0,real_openml_creditcard_42397
168.37,3.37,242,Wallet,2,0,real_openml_creditcard_42397
196.65,68.61,1050,COD,10,0,synthetic
432.4,40.75,928,COD,10,0,synthetic
86.53,5.18,190,Wallet,16,0,real_openml_creditcard_42397
663.86,59.41,1360,Wallet,22,0,synthetic
762.65,12.46,886,Wallet,16,0,synthetic
483.12,29.85,843,COD,4,0,synthetic
276.47,47.29,866,Prepaid,13,0,synthetic
560.86,74.27,1446,Prepaid,4,0,synthetic
9.88,10.26,182,Prepaid,21,0,real_openml_creditcard_42397
28.38,10.54,202,Wallet,15,0,real_openml_creditcard_42397
241.4,56.29,943,Wallet,8,0,synthetic
409.23,54.51,1072,Wallet,21,0,synthetic
185.29,28.55,559,Prepaid,10,0,synthetic
661.36,5.0,705,Prepaid,21,0,synthetic
146.01,47.3,749,Wallet,17,0,real_openml_creditcard_42397
253.62,27.9,613,Prepaid,2,0,synthetic
438.2,7.14,530,Prepaid,5,1,synthetic
634.34,71.86,1483,Wallet,18,0,synthetic
8.65,11.93,201,Wallet,19,0,real_openml_creditcard_42397
243.54,37.67,721,COD,7,0,synthetic
730.21,109.3,2019,Prepaid,7,0,synthetic
256.92,65.86,1072,Prepaid,1,0,synthetic
126.66,10.58,291,Prepaid,16,0,real_openml_creditcard_42397
27.62,8.93,182,Prepaid,14,0,real_openml_creditcard_42397
28.56,17.52,286,COD,9,0,real_openml_creditcard_42397
237.86,52.97,900,Wallet,23,0,synthetic
37.42,8.19,182,Prepaid,19,0,real_openml_creditcard_42397
685.4,87.57,1718,Prepaid,0,0,synthetic
377.49,5.56,456,COD,7,0,synthetic
627.09,84.91,1633,Wallet,16,0,synthetic
72.28,5.75,184,Prepaid,14,0,real_openml_creditcard_42397
707.08,82.01,1670,Wallet,0,0,synthetic
422.34,45.75,979,Prepaid,7,0,synthetic
304.79,11.22,459,COD,14,0,real_openml_creditcard_42397
147.13,11.13,316,Wallet,12,0,real_openml_creditcard_42397
690.81,94.22,1802,Wallet,22,0,synthetic
718.49,114.45,2070,COD,3,0,synthetic
258.23,46.8,844,COD,17,0,real_openml_creditcard_42397
580.32,61.67,1312,Wallet,1,0,synthetic
16.45,11.93,208,Wallet,9,0,real_openml_creditcard_42397
22.86,11.45,208,COD,9,0,real_openml_creditcard_42397
95.12,9.62,251,Wallet,14,0,real_openml_creditcard_42397
101.89,88.06,1198,Prepaid,14,0,synthetic
89.83,5.6,198,Prepaid,22,0,real_openml_creditcard_42397
513.07,43.17,1030,Wallet,14,0,synthetic
166.46,2.68,232,Prepaid,20,0,real_openml_creditcard_42397
410.52,45.07,960,COD,14,0,synthetic
89.59,7.45,220,Wallet,5,0,real_openml_creditcard_42397
230.97,7.76,351,COD,14,0,real_openml_creditcard_42397
152.28,2.58,218,Prepaid,11,0,real_openml_creditcard_42397
89.49,4.87,189,Wallet,14,0,real_openml_creditcard_42397
136.15,0.62,180,Prepaid,2,0,real_openml_creditcard_42397
63.95,52.15,733,Wallet,6,0,synthetic
235.25,77.46,1191,COD,8,0,synthetic
423.16,17.98,647,Prepaid,2,0,synthetic
17.96,9.57,181,Wallet,15,0,real_openml_creditcard_42397
410.58,69.08,1248,Wallet,10,0,synthetic
29.49,9.96,196,COD,12,0,real_openml_creditcard_42397
514.9,21.24,768,Wallet,18,0,synthetic
386.76,77.35,1326,COD,18,1,synthetic
73.19,6.84,198,Wallet,23,0,real_openml_creditcard_42397
246.74,13.49,434,COD,14,0,real_openml_creditcard_42397
405.72,119.73,1852,Wallet,19,0,synthetic
128.02,18.45,387,Wallet,4,0,synthetic
795.43,72.77,1639,COD,4,0,synthetic
264.51,37.99,744,Prepaid,11,0,real_openml_creditcard_42397
459.07,54.2,1114,Prepaid,1,1,synthetic
13.11,11.6,201,Wallet,5,0,real_openml_creditcard_42397
104.28,115.28,1527,Prepaid,0,0,synthetic
730.03,82.49,1697,COD,19,0,synthetic
216.47,20.02,485,Prepaid,13,0,real_openml_creditcard_42397
59.27,10.14,225,Wallet,17,0,real_openml_creditcard_42397
515.12,67.8,1327,Wallet,0,0,synthetic
47.8,7.5,183,COD,21,0,real_openml_creditcard_42397
167.68,106.27,1476,COD,15,0,synthetic
679.63,9.78,779,Prepaid,8,0,real_openml_creditcard_42397
792.37,100.06,1964,Prepaid,7,0,synthetic
683.65,57.51,1355,COD,23,0,synthetic
468.69,20.01,712,COD,9,0,synthetic
662.99,63.64,1410,Prepaid,20,0,synthetic
523.09,14.39,693,Wallet,15,0,synthetic
251.13,86.8,1318,Wallet,20,0,synthetic
535.13,93.4,1652,Wallet,8,0,synthetic
313.44,83.01,1328,COD,5,0,synthetic
596.1,53.48,1228,Prepaid,8,0,synthetic
548.65,84.84,1562,Wallet,12,0,synthetic
30.7,8.7,182,Wallet,19,0,real_openml_creditcard_42397
21.4,9.31,181,Wallet,16,0,real_openml_creditcard_42397
476.77,33.29,879,Wallet,8,0,synthetic
300.11,95.12,1462,COD,18,0,synthetic
719.63,61.83,1440,Wallet,13,0,synthetic
552.85,80.34,1512,Prepaid,6,0,synthetic
486.5,114.8,1865,Prepaid,15,0,synthetic
43.08,2.44,118,COD,12,0,synthetic
308.39,93.26,1447,COD,22,0,synthetic
130.12,3.49,209,Prepaid,3,0,real_openml_creditcard_42397
257.32,113.51,1644,Wallet,4,0,synthetic
311.08,88.46,1391,Wallet,11,0,synthetic
203.29,4.09,282,COD,9,0,synthetic
10.26,10.23,182,COD,0,0,real_openml_creditcard_42397
114.66,2.4,182,COD,22,0,real_openml_creditcard_42397
92.92,76.84,1056,Wallet,13,1,synthetic
108.28,4.71,204,Wallet,20,0,real_openml_creditcard_42397
206.65,74.6,1131,Prepaid,16,0,synthetic
87.49,21.23,384,COD,22,0,synthetic
116.71,2.25,182,COD,15,0,real_openml_creditcard_42397
173.11,7.85,300,COD,12,0,real_openml_creditcard_42397
180.51,20.88,463,Wallet,19,0,real_openml_creditcard_42397
179.52,14.7,388,Prepaid,23,0,real_openml_creditcard_42397
147.41,11.53,321,COD,16,0,real_openml_creditcard_42397
108.72,6.35,224,COD,23,0,real_openml_creditcard_42397
285.69,40.55,794,Prepaid,7,0,synthetic
146.22,3.95,229,Wallet,11,0,real_openml_creditcard_42397
710.41,92.36,1798,Wallet,9,0,synthetic
416.84,106.66,1705,COD,11,0,synthetic
78.69,22.84,395,Wallet,2,0,synthetic
411.64,102.48,1650,Prepaid,8,0,synthetic
270.15,72.96,1169,Prepaid,7,0,synthetic
97.16,3.71,182,Prepaid,14,0,real_openml_creditcard_42397
552.56,65.49,1333,Wallet,9,0,synthetic
415.01,37.79,877,Wallet,20,0,real_openml_creditcard_42397
605.67,78.79,1541,COD,22,0,synthetic
98.51,3.61,182,COD,15,0,real_openml_creditcard_42397
373.86,49.67,983,COD,11,0,synthetic
270.79,37.98,749,Wallet,13,0,synthetic
374.18,1.57,406,Prepaid,4,0,synthetic
80.59,5.12,184,COD,6,0,real_openml_creditcard_42397
184.88,20.6,464,Wallet,15,0,synthetic
189.06,97.83,1394,Prepaid,21,0,synthetic
704.83,19.3,916,Wallet,23,0,real_openml_creditcard_42397
154.3,3.68,233,Prepaid,8,0,real_openml_creditcard_42397
9.96,17.59,270,Wallet,7,0,real_openml_creditcard_42397
220.39,51.23,863,Wallet,8,0,synthetic
564.19,63.88,1324,Prepaid,2,0,synthetic
485.67,61.06,1220,COD,17,0,synthetic
137.85,28.99,522,COD,0,0,synthetic
154.65,51.54,808,COD,4,0,synthetic
124.77,26.27,477,COD,11,0,synthetic
82.09,4.84,182,COD,10,0,real_openml_creditcard_42397
98.86,12.42,288,Wallet,8,0,real_openml_creditcard_42397
88.9,33.67,534,Prepaid,9,0,real_openml_creditcard_42397
76.21,9.62,234,Prepaid,23,0,real_openml_creditcard_42397
738.91,35.61,1142,Wallet,16,1,synthetic
25.63,9.08,182,Prepaid,19,0,real_openml_creditcard_42397
777.49,60.34,1474,COD,10,1,synthetic
364.15,30.4,743,COD,1,0,synthetic
154.65,1.07,202,Wallet,9,0,real_openml_creditcard_42397
107.05,34.39,559,COD,15,0,real_openml_creditcard_42397
209.86,62.76,992,Prepaid,9,0,synthetic
475.15,57.78,1171,Wallet,0,1,synthetic
33.38,8.66,184,Wallet,9,0,real_openml_creditcard_42397
344.7,9.15,470,COD,0,0,real_openml_creditcard_42397
407.93,25.7,725,COD,21,0,synthetic
32.13,15.51,265,Prepaid,8,0,real_openml_creditcard_42397
695.62,116.51,2074,Prepaid,0,0,synthetic
904.23,34.43,1277,COD,11,0,real_openml_creditcard_42397
468.0,7.73,564,COD,14,0,synthetic
37.56,8.02,180,Prepaid,2,0,real_openml_creditcard_42397
18.36,9.62,182,Wallet,23,0,real_openml_creditcard_42397
77.15,5.21,182,Wallet,7,0,real_openml_creditcard_42397
738.39,70.39,1559,Prepaid,3,0,synthetic
12.57,10.31,185,Prepaid,20,0,real_openml_creditcard_42397
135.21,106.2,1446,Wallet,6,0,synthetic
133.2,0.93,181,Wallet,15,0,real_openml_creditcard_42397
292.07,56.21,987,Wallet,22,0,synthetic
470.0,43.37,993,Prepaid,12,0,synthetic
583.65,17.34,783,Prepaid,23,0,synthetic
117.38,2.11,181,Wallet,21,0,real_openml_creditcard_42397
204.91,100.28,1438,Wallet,20,0,synthetic
229.34,4.13,306,Wallet,23,0,real_openml_creditcard_42397
25.84,9.65,189,COD,12,0,real_openml_creditcard_42397
431.77,115.89,1829,Prepaid,14,0,synthetic
107.36,11.95,290,Prepaid,15,0,real_openml_creditcard_42397
159.87,3.01,230,COD,15,0,real_openml_creditcard_42397
156.51,41.4,688,COD,21,0,synthetic
88.28,5.13,191,Wallet,23,0,real_openml_creditcard_42397
59.55,6.7,184,COD,3,0,real_openml_creditcard_42397
774.05,49.57,1341,Wallet,14,1,synthetic
262.65,48.98,874,Prepaid,20,0,synthetic
3.3,10.75,182,COD,10,0,real_openml_creditcard_42397
88.5,11.78,271,COD,17,0,real_openml_creditcard_42397
353.15,82.74,1361,Prepaid,15,0,synthetic
527.98,71.02,1377,Wallet,2,0,synthetic
351.27,57.41,1055,Wallet,22,0,synthetic
186.33,21.64,477,Wallet,20,0,synthetic
316.64,65.86,1125,Wallet,12,0,synthetic
7.02,25.72,365,Prepaid,18,0,real_openml_creditcard_42397
85.7,4.66,183,Prepaid,13,0,real_openml_creditcard_42397
763.63,18.05,954,COD,17,0,synthetic
119.39,2.3,185,Prepaid,19,0,real_openml_creditcard_42397
406.16,55.01,1076,Wallet,10,0,synthetic
797.49,25.94,1079,Prepaid,9,0,real_openml_creditcard_42397
10.3,23.64,343,COD,8,0,real_openml_creditcard_42397
147.64,0.93,194,Prepaid,6,0,real_openml_creditcard_42397
23.95,11.29,207,COD,14,0,real_openml_creditcard_42397
273.37,72.59,1167,COD,4,1,synthetic
773.97,56.57,1425,Wallet,18,0,synthetic
295.41,0.59,323,Prepaid,20,0,real_openml_creditcard_42397
795.02,57.34,1454,COD,22,0,synthetic
546.5,55.72,1211,Prepaid,11,0,synthetic
677.9,70.3,1504,Prepaid,9,0,synthetic
124.51,6.5,240,Prepaid,6,0,real_openml_creditcard_42397
386.42,110.72,1726,COD,22,0,synthetic
39.16,51.96,709,Wallet,3,0,synthetic
90.98,50.74,741,Wallet,13,0,synthetic
592.96,45.15,1125,Wallet,14,0,synthetic
122.32,1.83,182,Prepaid,9,0,real_openml_creditcard_42397
693.88,31.33,1050,Prepaid,2,1,synthetic
187.12,4.38,271,Wallet,18,0,real_openml_creditcard_42397
504.05,7.13,589,Wallet,8,0,synthetic
618.58,102.73,1839,COD,6,0,synthetic
750.46,62.3,1473,Prepaid,9,0,synthetic
161.62,6.55,274,Wallet,19,0,real_openml_creditcard_42397
703.98,66.86,1486,Prepaid,17,0,synthetic
51.76,82.4,1085,COD,15,0,synthetic
114.28,10.85,283,COD,11,0,real_openml_creditcard_42397
133.94,101.43,1388,Wallet,2,0,synthetic
211.58,98.23,1419,Prepaid,12,0,synthetic
328.17,56.12,1019,Wallet,5,0,synthetic
110.97,2.51,180,COD,22,0,real_openml_creditcard_42397
501.07,59.98,1221,Prepaid,19,0,synthetic
307.23,36.71,767,Prepaid,7,0,real_openml_creditcard_42397
447.22,85.01,1473,Wallet,1,0,synthetic
770.37,107.55,2034,COD,16,0,synthetic
221.16,87.17,1295,COD,21,0,synthetic
700.04,43.82,1206,COD,0,0,synthetic
576.67,56.6,1248,COD,9,0,synthetic
125.92,1.56,182,Wallet,9,0,real_openml_creditcard_42397
625.25,97.92,1788,Prepaid,1,0,synthetic
117.64,4.43,209,COD,21,0,real_openml_creditcard_42397
148.45,82.75,1177,Prepaid,4,1,synthetic
687.91,0.83,679,COD,0,0,synthetic
677.25,43.82,1185,Wallet,6,0,synthetic
42.32,46.4,645,Wallet,8,0,synthetic
315.34,57.93,1029,Prepaid,11,0,real_openml_creditcard_42397
335.2,39.27,823,Wallet,12,0,synthetic
211.55,99.06,1429,COD,6,0,synthetic
129.64,3.11,204,Wallet,14,0,real_openml_creditcard_42397
11.01,11.51,198,Wallet,14,0,real_openml_creditcard_42397
87.68,4.42,182,Wallet,16,0,real_openml_creditcard_42397
443.99,51.98,1073,Wallet,15,0,synthetic
125.61,2.08,188,Prepaid,9,0,real_openml_creditcard_42397
49.42,35.79,524,Prepaid,10,0,real_openml_creditcard_42397
228.61,42.95,771,COD,17,0,synthetic
716.3,84.41,1708,Prepaid,22,1,synthetic
145.15,41.25,676,Prepaid,9,0,synthetic
4.08,12.44,203,Prepaid,12,0,real_openml_creditcard_42397
786.04,8.9,864,Wallet,19,0,synthetic
138.03,3.06,211,Wallet,12,0,real_openml_creditcard_42397
255.34,55.61,947,Prepaid,4,0,synthetic
702.75,75.52,1589,Prepaid,6,0,synthetic
121.61,69.93,999,Wallet,13,0,synthetic
70.29,5.56,180,Wallet,15,0,real_openml_creditcard_42397
136.73,2.0,197,Wallet,18,0,real_openml_creditcard_42397
167.05,6.64,280,Wallet,23,0,real_openml_creditcard_42397
572.45,44.16,1095,Prepaid,11,0,synthetic
523.6,112.26,1868,COD,11,0,synthetic
124.5,1.83,184,COD,12,0,real_openml_creditcard_42397
156.92,32.17,577,COD,8,0,synthetic
755.14,24.28,1021,COD,15,0,real_openml_creditcard_42397
78.5,12.53,271,Prepaid,10,0,real_openml_creditcard_42397
2.47,68.09,869,Prepaid,21,0,synthetic
376.91,57.31,1077,Prepaid,3,0,synthetic
218.84,4.17,297,COD,4,0,real_openml_creditcard_42397
421.72,54.79,1087,COD,22,0,real_openml_creditcard_42397
316.16,83.28,1334,Wallet,3,1,synthetic
614.01,19.78,840,COD,18,0,synthetic
659.55,21.36,900,COD,0,0,synthetic
388.85,101.89,1623,COD,4,0,synthetic
679.24,65.49,1447,Prepaid,2,0,synthetic
271.0,116.09,1687,Wallet,17,0,real_openml_creditcard_42397
77.62,5.18,182,COD,22,0,real_openml_creditcard_42397
771.25,97.98,1920,Wallet,12,0,synthetic
109.94,82.68,1141,COD,12,0,synthetic
734.75,117.88,2126,COD,8,0,synthetic
382.55,95.87,1545,COD,20,0,synthetic
200.98,96.98,1395,COD,11,0,synthetic
302.43,5.4,387,COD,21,0,real_openml_creditcard_42397
436.99,65.45,1229,Wallet,23,0,synthetic
303.5,11.81,465,COD,7,0,synthetic
283.26,39.9,784,Prepaid,12,0,synthetic
280.12,22.49,572,Wallet,15,0,real_openml_creditcard_42397
195.23,59.56,940,Prepaid,19,0,synthetic
68.34,6.46,189,Prepaid,7,0,real_openml_creditcard_42397
92.19,98.52,1315,Prepaid,18,0,synthetic
580.58,72.6,1444,COD,0,0,synthetic
847.23,64.12,1582,Prepaid,9,0,real_openml_creditcard_42397
707.56,53.27,1326,Prepaid,14,0,real_openml_creditcard_42397
213.03,15.65,430,Prepaid,1,0,synthetic
670.13,115.27,2036,Prepaid,18,0,synthetic
514.5,67.95,1328,Wallet,22,0,synthetic
145.07,34.38,593,Prepaid,3,0,synthetic
85.04,6.79,208,Wallet,21,0,real_openml_creditcard_42397
230.92,96.53,1416,Prepaid,0,0,synthetic
38.75,91.59,1184,Wallet,4,1,synthetic
55.66,9.66,216,Wallet,14,0,real_openml_creditcard_42397
338.73,53.33,995,Prepaid,5,0,synthetic
404.18,72.14,1279,Prepaid,14,0,synthetic
266.75,83.8,1296,Wallet,19,0,synthetic
501.47,55.79,1171,Prepaid,14,0,synthetic
250.4,0.97,287,COD,3,0,real_openml_creditcard_42397
66.85,133.49,1712,Prepaid,14,0,real_openml_creditcard_42397
75.91,100.49,1324,COD,19,0,synthetic
685.63,76.64,1587,COD,12,0,synthetic
51.24,8.24,195,Wallet,17,0,real_openml_creditcard_42397
38.2,10.47,210,Prepaid,20,0,real_openml_creditcard_42397
574.52,10.33,691,Wallet,11,0,real_openml_creditcard_42397
782.81,118.66,2178,Prepaid,22,0,synthetic
125.29,46.54,721,Prepaid,4,0,synthetic
139.51,42.04,680,COD,0,0,real_openml_creditcard_42397
436.34,79.43,1396,Prepaid,18,0,synthetic
22.55,11.39,207,Wallet,10,0,real_openml_creditcard_42397
584.31,22.81,850,Wallet,2,0,synthetic
473.85,112.02,1821,COD,6,0,synthetic
137.55,13.26,333,Prepaid,14,0,synthetic
6.99,10.31,180,Wallet,7,0,real_openml_creditcard_42397
94.77,69.94,975,Prepaid,23,0,synthetic
502.33,26.81,824,Prepaid,16,0,synthetic
87.94,4.57,184,COD,21,0,real_openml_creditcard_42397
79.7,28.59,465,Wallet,4,0,synthetic
25.28,25.35,377,Prepaid,18,0,synthetic
154.13,20.95,440,Prepaid,15,1,synthetic
81.27,4.91,182,COD,12,0,real_openml_creditcard_42397
275.71,25.35,602,COD,3,0,synthetic
20.5,10.46,194,COD,11,0,real_openml_creditcard_42397
61.58,6.96,189,Wallet,20,0,real_openml_creditcard_42397
220.51,64.8,1026,Prepaid,14,0,synthetic
654.81,75.37,1544,COD,22,0,synthetic
283.38,112.27,1652,Prepaid,22,0,synthetic
129.5,5.04,227,Prepaid,9,0,real_openml_creditcard_42397
47.86,11.58,232,COD,18,0,real_openml_creditcard_42397
528.15,60.7,1254,COD,15,0,synthetic
181.25,68.91,1040,Prepaid,8,0,synthetic
387.22,80.86,1369,Wallet,1,1,synthetic
167.09,11.14,334,Prepaid,10,0,real_openml_creditcard_42397
125.11,1.78,184,COD,23,0,real_openml_creditcard_42397
75.0,7.04,202,COD,12,0,real_openml_creditcard_42397
99.85,3.51,182,Wallet,11,0,real_openml_creditcard_42397
360.23,98.96,1562,COD,23,0,synthetic
663.76,88.47,1709,Wallet,18,0,synthetic
187.28,1.37,235,COD,23,0,real_openml_creditcard_42397
319.88,111.47,1676,Prepaid,23,0,synthetic
304.83,13.39,485,Prepaid,15,0,real_openml_creditcard_42397
436.34,95.16,1585,Prepaid,21,0,synthetic
78.96,8.58,224,COD,13,0,real_openml_creditcard_42397
450.72,38.86,922,COD,7,0,synthetic
312.89,33.93,739,Wallet,15,0,synthetic
497.55,55.2,1160,COD,0,0,synthetic
446.53,56.15,1126,Prepaid,16,0,synthetic
81.17,14.08,292,Wallet,12,0,real_openml_creditcard_42397
524.44,25.61,829,Wallet,20,0,synthetic
262.99,6.94,370,Prepaid,1,0,real_openml_creditcard_42397
205.49,16.09,428,Wallet,16,0,synthetic
612.14,21.83,863,Prepaid,5,0,synthetic
82.16,5.34,188,COD,4,0,real_openml_creditcard_42397
107.88,3.74,192,COD,15,0,real_openml_creditcard_42397
141.84,3.2,216,Prepaid,23,0,real_openml_creditcard_42397
581.58,28.12,911,Prepaid,5,0,synthetic
55.88,32.68,493,Wallet,15,0,synthetic
84.05,12.11,271,Prepaid,11,0,real_openml_creditcard_42397
50.79,7.19,182,COD,15,0,real_openml_creditcard_42397
134.56,0.91,182,Prepaid,20,0,real_openml_creditcard_42397
266.61,60.56,1017,Prepaid,16,0,synthetic
45.91,25.14,393,Prepaid,19,0,real_openml_creditcard_42397
625.26,57.17,1299,COD,23,0,synthetic
222.27,7.75,343,COD,15,0,real_openml_creditcard_42397
156.92,76.63,1111,COD,13,0,synthetic
380.67,27.45,722,Wallet,22,0,real_openml_creditcard_42397
659.93,24.34,936,Prepaid,23,0,synthetic
111.31,20.15,392,COD,20,0,real_openml_creditcard_42397
116.71,8.16,253,COD,8,0,real_openml_creditcard_42397
157.5,8.52,294,Prepaid,18,0,real_openml_creditcard_42397
120.58,1.96,182,Wallet,17,0,real_openml_creditcard_42397
25.23,10.44,198,Wallet,11,0,real_openml_creditcard_42397
97.58,6.51,216,Wallet,16,0,real_openml_creditcard_42397
340.28,12.81,510,COD,8,0,real_openml_creditcard_42397
614.35,27.26,930,COD,17,0,real_openml_creditcard_42397
186.89,4.82,276,COD,10,0,real_openml_creditcard_42397
239.53,110.53,1592,Wallet,3,0,synthetic
18.7,55.06,728,Prepaid,12,0,synthetic
329.55,62.56,1097,Wallet,11,0,synthetic
149.85,0.93,196,Prepaid,19,0,real_openml_creditcard_42397
242.68,113.73,1633,Prepaid,17,0,synthetic
602.57,88.39,1653,Prepaid,7,0,synthetic
418.39,23.9,713,Prepaid,8,0,synthetic
120.82,76.26,1074,Wallet,2,0,synthetic
67.7,5.92,182,Prepaid,9,0,real_openml_creditcard_42397
74.11,6.78,198,Wallet,15,0,real_openml_creditcard_42397
267.7,85.54,1317,Wallet,15,0,synthetic
9.46,107.77,1352,Prepaid,8,0,synthetic
102.4,107.73,1435,Wallet,2,0,synthetic
225.66,97.54,1424,COD,9,0,synthetic
144.63,0.99,192,Wallet,10,0,real_openml_creditcard_42397
642.81,72.52,1499,Wallet,6,0,synthetic
574.36,119.21,1997,COD,16,0,synthetic
243.65,20.79,519,Prepaid,6,0,synthetic
403.5,65.67,1201,Wallet,3,0,synthetic
114.92,2.55,184,COD,12,0,real_openml_creditcard_42397
279.47,46.04,854,Prepaid,9,0,real_openml_creditcard_42397
231.62,0.55,265,Wallet,12,0,real_openml_creditcard_42397
139.4,2.21,202,Wallet,13,0,real_openml_creditcard_42397
143.28,115.58,1566,Wallet,23,0,synthetic
762.26,27.23,1063,Wallet,15,0,synthetic
191.97,72.24,1090,COD,7,0,synthetic
89.68,65.9,922,COD,21,0,synthetic
142.43,10.15,300,Wallet,22,0,real_openml_creditcard_42397
113.59,4.15,202,Wallet,15,0,real_openml_creditcard_42397
387.44,1.86,421,Wallet,18,0,real_openml_creditcard_42397
686.38,51.38,1284,Prepaid,3,0,synthetic
731.3,45.88,1259,Prepaid,12,0,synthetic
250.53,106.35,1552,Prepaid,17,0,synthetic
778.48,2.22,777,COD,17,0,synthetic
4099.89,81.09,4713,Prepaid,17,0,real_openml_creditcard_42397
13.71,9.89,181,Wallet,15,0,real_openml_creditcard_42397
128.37,2.04,190,COD,8,0,real_openml_creditcard_42397
278.22,22.58,571,Prepaid,6,0,synthetic
113.23,4.01,200,Wallet,12,0,real_openml_creditcard_42397
493.63,93.12,1612,Wallet,12,0,synthetic
77.06,52.42,748,Prepaid,2,0,synthetic
420.73,6.19,503,COD,19,0,synthetic
671.57,2.8,688,Wallet,21,0,real_openml_creditcard_42397
105.5,58.0,841,COD,6,0,synthetic
413.4,116.04,1814,Prepaid,18,0,synthetic
167.81,72.41,1070,Prepaid,9,0,synthetic
633.33,19.49,854,COD,22,0,synthetic
195.5,3.75,271,Prepaid,12,0,real_openml_creditcard_42397
11.61,15.88,251,COD,10,0,real_openml_creditcard_42397
14.81,93.97,1191,Prepaid,0,0,synthetic
537.47,113.34,1894,Wallet,9,0,synthetic
230.96,12.88,412,Wallet,9,0,synthetic
85.78,101.7,1348,Wallet,8,0,synthetic
45.79,9.9,210,Prepaid,16,0,real_openml_creditcard_42397
38.78,7.92,180,COD,7,0,real_openml_creditcard_42397
41.81,8.86,194,COD,12,0,real_openml_creditcard_42397
197.74,15.73,417,Wallet,9,0,synthetic
69.54,5.87,183,Prepaid,22,0,real_openml_creditcard_42397
110.03,49.63,745,Prepaid,14,0,synthetic
61.12,13.83,271,Prepaid,12,0,real_openml_creditcard_42397
44.62,7.9,185,COD,10,0,real_openml_creditcard_42397
104.05,64.82,922,COD,23,0,synthetic
669.51,21.02,905,Prepaid,10,0,synthetic
109.26,11.39,285,Wallet,17,0,real_openml_creditcard_42397
12.32,21.58,320,COD,8,0,real_openml_creditcard_42397
541.33,21.41,794,Prepaid,20,0,synthetic
30.13,8.66,181,Prepaid,8,0,real_openml_creditcard_42397
214.26,44.89,782,Prepaid,20,0,synthetic
688.15,47.87,1244,Prepaid,3,0,synthetic
202.71,72.4,1101,COD,13,0,synthetic
715.01,51.52,1312,Wallet,12,0,synthetic
117.62,81.31,1132,Wallet,19,0,synthetic
704.31,56.72,1365,Prepaid,7,0,synthetic
1085.51,3.42,1068,Wallet,12,0,real_openml_creditcard_42397
318.9,66.39,1134,Prepaid,3,0,synthetic
166.61,0.59,207,COD,6,0,real_openml_creditcard_42397
66.86,8.82,216,COD,15,0,real_openml_creditcard_42397
202.42,4.73,289,COD,7,0,synthetic
135.14,0.86,182,COD,3,0,real_openml_creditcard_42397
40.76,86.54,1125,COD,3,0,synthetic
181.89,60.63,941,Wallet,12,1,synthetic
111.6,19.47,384,Wallet,17,0,synthetic
97.81,5.0,198,Prepaid,7,0,real_openml_creditcard_42397
1970.45,44.22,2354,COD,14,0,real_openml_creditcard_42397
58.99,13.33,263,Wallet,22,0,real_openml_creditcard_42397
532.88,82.26,1517,COD,19,1,synthetic
146.12,2.71,214,Wallet,10,0,real_openml_creditcard_42397
533.61,45.51,1076,Prepaid,7,0,synthetic
120.25,1.98,182,Prepaid,10,0,real_openml_creditcard_42397
140.59,1.46,194,COD,21,0,real_openml_creditcard_42397
33.22,8.67,184,Prepaid,13,0,real_openml_creditcard_42397
244.66,17.48,480,COD,19,0,real_openml_creditcard_42397
447.35,63.07,1209,Wallet,8,0,synthetic
460.17,1.58,483,Wallet,17,0,synthetic
508.26,86.19,1542,Wallet,13,0,synthetic
131.07,89.91,1247,Wallet,7,0,synthetic
176.79,0.57,216,Wallet,19,0,real_openml_creditcard_42397
485.36,20.68,735,Prepaid,11,0,real_openml_creditcard_42397
481.61,117.2,1890,Wallet,8,0,synthetic
8.33,12.46,207,Wallet,15,0,real_openml_creditcard_42397
178.78,21.95,474,Prepaid,11,0,synthetic
156.0,71.04,1043,Wallet,13,0,synthetic
210.78,8.61,343,COD,5,0,real_openml_creditcard_42397
623.16,109.29,1922,COD,2,0,synthetic
582.12,56.49,1252,COD,8,0,synthetic
144.16,109.47,1493,COD,14,0,synthetic
149.95,2.17,211,Wallet,8,0,real_openml_creditcard_42397
545.39,43.78,1066,COD,22,1,synthetic
96.17,3.79,182,COD,12,0,real_openml_creditcard_42397
53.28,15.34,282,COD,13,0,real_openml_creditcard_42397
532.6,32.54,920,Wallet,3,0,synthetic
5.42,11.18,189,Prepaid,19,0,real_openml_creditcard_42397
55.34,17.85,314,COD,15,0,real_openml_creditcard_42397
574.13,21.35,823,Prepaid,9,0,synthetic
2.01,12.43,201,Prepaid,11,0,real_openml_creditcard_42397
202.66,73.16,1110,COD,11,0,synthetic
631.67,54.09,1268,COD,21,0,synthetic
332.06,78.38,1289,Wallet,2,0,synthetic
422.09,78.52,1372,Wallet,3,0,synthetic
79.6,4.95,181,Prepaid,22,0,real_openml_creditcard_42397
63.9,7.79,201,Wallet,17,0,real_openml_creditcard_42397
136.97,4.31,225,Prepaid,21,0,real_openml_creditcard_42397
783.48,83.26,1754,COD,14,1,synthetic
295.46,60.34,1040,Prepaid,6,0,synthetic
186.64,4.42,271,COD,2,0,real_openml_creditcard_42397
127.42,1.61,184,COD,17,0,real_openml_creditcard_42397
204.66,78.71,1179,Wallet,19,0,synthetic
235.97,3.89,309,COD,22,0,real_openml_creditcard_42397
478.67,3.52,523,COD,14,0,real_openml_creditcard_42397
8.21,12.97,213,Prepaid,0,0,real_openml_creditcard_42397
197.59,5.85,298,COD,8,0,real_openml_creditcard_42397
391.9,60.52,1129,Wallet,16,0,synthetic
180.88,4.43,266,Wallet,16,0,real_openml_creditcard_42397
417.87,93.37,1547,Wallet,3,0,synthetic
765.85,12.97,895,COD,4,0,synthetic
691.45,6.89,755,Wallet,20,0,synthetic
32.19,8.75,184,Wallet,21,0,real_openml_creditcard_42397
86.66,11.33,264,Prepaid,19,0,real_openml_creditcard_42397
596.76,87.62,1638,Wallet,3,0,synthetic
518.41,35.05,937,COD,4,0,synthetic
595.67,102.77,1819,Wallet,20,0,synthetic
763.02,74.06,1625,COD,20,0,synthetic
226.11,88.56,1316,Prepaid,17,0,synthetic
154.1,65.95,980,Wallet,4,0,synthetic
268.23,31.25,666,COD,0,0,synthetic
30.52,8.63,181,Prepaid,20,0,real_openml_creditcard_42397
326.71,35.46,770,Wallet,9,0,synthetic
195.71,1.82,248,COD,17,0,real_openml_creditcard_42397
136.8,1.91,196,Prepaid,1,0,real_openml_creditcard_42397
14.76,61.49,801,Wallet,16,0,synthetic
323.28,75.74,1250,Prepaid,13,0,synthetic
5.59,14.91,234,COD,18,0,real_openml_creditcard_42397
510.81,3.69,554,Wallet,0,0,synthetic
40.93,78.62,1030,Wallet,6,0,synthetic
328.55,103.13,1583,Prepaid,18,0,synthetic
91.62,9.8,250,Wallet,17,0,real_openml_creditcard_42397
230.89,92.61,1369,Prepaid,1,0,synthetic
26.16,19.77,311,Wallet,21,0,synthetic
124.38,15.31,346,Wallet,19,1,synthetic
12.56,34.51,475,Wallet,12,0,synthetic
78.17,73.87,1007,Wallet,17,0,synthetic
630.57,66.26,1413,Wallet,17,0,synthetic
1.12,11.42,188,COD,14,0,real_openml_creditcard_42397
57.56,84.82,1120,Wallet,13,0,synthetic
689.41,85.37,1695,Prepaid,9,0,synthetic
145.33,2.93,216,Wallet,14,0,real_openml_creditcard_42397
3318.52,41.44,3534,COD,13,0,real_openml_creditcard_42397
97.03,4.14,187,Wallet,20,0,real_openml_creditcard_42397
135.33,14.43,345,COD,16,0,real_openml_creditcard_42397
454.29,37.55,909,COD,16,0,synthetic
161.2,40.84,685,Wallet,15,0,synthetic
149.62,14.11,354,Wallet,8,0,real_openml_creditcard_42397
203.88,11.46,371,Prepaid,12,0,real_openml_creditcard_42397
167.7,1.42,218,COD,17,0,real_openml_creditcard_42397
238.99,15.41,450,Prepaid,16,0,real_openml_creditcard_42397
352.08,8.26,466,COD,0,0,real_openml_creditcard_42397
702.69,14.57,857,Prepaid,7,0,synthetic
2.07,11.01,184,COD,21,0,real_openml_creditcard_42397
520.24,17.95,734,Prepaid,7,0,synthetic
155.28,1.69,210,Wallet,8,0,real_openml_creditcard_42397
185.0,20.17,459,Prepaid,4,0,synthetic
327.11,58.41,1045,Wallet,4,0,synthetic
35.94,12.14,228,Wallet,7,0,real_openml_creditcard_42397
145.92,1.47,199,Prepaid,14,0,real_openml_creditcard_42397
129.52,1.95,190,Prepaid,3,0,real_openml_creditcard_42397
258.55,1.35,299,Prepaid,14,0,synthetic
24.37,91.78,1173,Prepaid,20,0,synthetic
172.81,5.29,269,COD,19,0,real_openml_creditcard_42397
261.02,12.67,437,COD,12,0,real_openml_creditcard_42397
552.72,36.5,985,COD,2,0,synthetic
21.01,9.42,182,Prepaid,3,0,real_openml_creditcard_42397
127.34,34.74,581,Prepaid,14,1,synthetic
558.98,89.78,1630,COD,23,0,synthetic
41.17,7.91,182,COD,20,0,real_openml_creditcard_42397
196.25,91.69,1327,Prepaid,13,0,synthetic
78.43,3.14,158,Wallet,7,0,synthetic
22.24,9.25,181,Prepaid,10,0,real_openml_creditcard_42397
85.67,8.32,227,Wallet,20,0,real_openml_creditcard_42397
62.83,7.29,194,Wallet,9,0,real_openml_creditcard_42397
102.03,7.68,234,COD,18,0,real_openml_creditcard_42397
4.21,82.81,1047,COD,20,0,synthetic
3.17,10.85,183,Wallet,13,0,real_openml_creditcard_42397
658.87,8.88,750,Wallet,1,0,synthetic
675.77,24.97,958,COD,6,0,synthetic
692.48,46.67,1233,Prepaid,13,0,synthetic
447.12,49.8,1050,Wallet,17,0,real_openml_creditcard_42397
171.8,48.05,781,Prepaid,16,0,synthetic
96.81,96.98,1301,Prepaid,14,0,synthetic
22.87,10.62,198,Wallet,18,0,real_openml_creditcard_42397
194.35,8.09,322,COD,4,0,real_openml_creditcard_42397
506.41,152.69,2338,Wallet,1,0,real_openml_creditcard_42397
752.71,72.62,1599,COD,12,0,synthetic
105.18,49.61,740,Wallet,10,0,synthetic
546.93,33.56,945,Prepaid,8,0,synthetic
494.66,97.63,1667,Prepaid,0,0,synthetic
81.46,4.89,182,Wallet,14,0,real_openml_creditcard_42397
318.73,76.94,1260,Wallet,16,0,synthetic
13.2,106.01,1334,Wallet,16,0,synthetic
148.59,47.86,758,COD,17,0,real_openml_creditcard_42397
65.55,6.25,184,Prepaid,8,0,real_openml_creditcard_42397
1.0,44.34,583,COD,8,0,real_openml_creditcard_42397
322.67,27.76,674,COD,17,0,synthetic
772.37,26.67,1065,COD,6,0,synthetic
423.95,22.84,706,Prepaid,3,0,synthetic
265.26,88.83,1355,COD,21,0,synthetic
306.1,65.72,1114,Wallet,23,0,synthetic
776.14,4.75,805,Prepaid,11,0,synthetic
154.11,16.52,387,Prepaid,19,0,real_openml_creditcard_42397
371.1,32.41,773,Prepaid,20,0,synthetic
702.7,26.85,1005,Wallet,5,0,synthetic
116.21,3.12,192,Wallet,9,0,real_openml_creditcard_42397
70.16,5.74,182,COD,9,0,real_openml_creditcard_42397
312.87,35.76,761,COD,6,0,synthetic
118.25,4.38,209,Wallet,8,0,real_openml_creditcard_42397
34.71,11.4,218,COD,8,0,real_openml_creditcard_42397
326.64,61.89,1087,COD,10,0,synthetic
251.35,8.57,379,Wallet,9,0,real_openml_creditcard_42397
404.06,11.14,547,Wallet,1,0,synthetic
218.32,65.87,1037,Wallet,4,0,synthetic
302.62,116.75,1723,Prepaid,1,0,synthetic
322.01,25.42,645,Prepaid,5,0,synthetic
15.2,33.36,464,COD,16,0,real_openml_creditcard_42397
5.77,11.9,198,Prepaid,18,0,real_openml_creditcard_42397
760.35,94.68,1871,Wallet,18,0,synthetic
157.67,24.94,491,COD,3,0,synthetic
807.21,18.46,998,Wallet,22,0,real_openml_creditcard_42397
7.97,10.82,187,COD,13,0,real_openml_creditcard_42397
143.39,0.83,189,Wallet,19,0,real_openml_creditcard_42397
453.33,83.92,1465,Prepaid,3,0,synthetic
470.89,47.14,1039,Prepaid,12,0,synthetic
245.9,37.45,721,COD,23,1,synthetic
5.45,12.84,209,Wallet,17,0,real_openml_creditcard_42397
81.92,27.68,456,COD,16,0,synthetic
679.33,56.96,1345,Prepaid,17,0,synthetic
167.59,116.14,1595,COD,8,0,synthetic
531.79,49.06,1117,Wallet,10,0,synthetic
178.64,29.35,563,Prepaid,12,0,real_openml_creditcard_42397
173.63,3.64,250,COD,20,0,real_openml_creditcard_42397
491.31,83.25,1491,Prepaid,7,0,synthetic
655.8,78.64,1584,Wallet,16,0,synthetic
598.8,82.23,1576,Prepaid,18,1,synthetic
577.57,37.76,1023,Prepaid,14,0,synthetic
698.04,92.69,1790,COD,5,0,synthetic
58.97,3.39,144,Prepaid,12,0,synthetic
263.84,32.57,678,COD,19,0,synthetic
287.06,82.26,1296,COD,9,0,synthetic
302.65,118.64,1746,Wallet,2,0,synthetic
319.07,114.56,1712,Wallet,6,0,synthetic
219.28,6.54,326,Prepaid,10,0,synthetic
518.28,16.64,716,Prepaid,8,0,synthetic
78.22,6.72,201,Prepaid,13,0,real_openml_creditcard_42397
84.7,4.98,186,Wallet,10,0,real_openml_creditcard_42397
29.14,21.31,332,Prepaid,12,0,real_openml_creditcard_42397
141.58,1.47,195,Wallet,8,0,real_openml_creditcard_42397
593.31,10.71,713,Prepaid,15,0,synthetic
375.08,112.75,1741,COD,19,0,synthetic
125.86,4.64,219,Wallet,2,0,synthetic
723.82,92.27,1809,Prepaid,7,0,synthetic
588.66,60.6,1307,Prepaid,3,0,synthetic
593.23,80.28,1547,Wallet,23,0,synthetic
29.87,16.35,273,Prepaid,6,0,synthetic
179.65,22.42,481,Wallet,13,0,synthetic
615.64,83.79,1610,Wallet,21,0,synthetic
190.47,56.23,896,Prepaid,16,0,synthetic
540.93,26.76,858,Prepaid,20,0,synthetic
204.51,34.11,643,Prepaid,11,1,synthetic
50.35,9.89,214,COD,17,0,real_openml_creditcard_42397
564.65,28.73,903,COD,1,0,synthetic
165.2,12.85,353,COD,4,0,synthetic
263.14,102.54,1517,Wallet,23,0,synthetic
13.19,14.34,234,Wallet,13,0,real_openml_creditcard_42397
212.12,27.88,575,COD,23,0,synthetic
139.88,0.51,182,Wallet,17,0,real_openml_creditcard_42397
78.54,5.28,184,COD,8,0,real_openml_creditcard_42397
85.44,4.51,181,Prepaid,14,0,real_openml_creditcard_42397
788.71,30.76,1129,Wallet,8,0,synthetic
631.45,28.38,959,Prepaid,6,0,synthetic
1.76,27.86,386,COD,6,0,synthetic
267.75,20.7,539,COD,8,0,synthetic
259.81,99.51,1478,Prepaid,12,0,synthetic
768.79,51.72,1363,Wallet,3,0,synthetic
198.38,2.79,262,COD,18,0,real_openml_creditcard_42397
666.09,41.91,1152,Prepaid,9,0,synthetic
185.93,107.09,1502,Prepaid,20,0,synthetic
458.99,113.62,1827,Wallet,2,0,synthetic
43.94,22.62,361,COD,14,0,real_openml_creditcard_42397
456.62,2.31,489,Wallet,8,0,synthetic
151.67,2.12,212,Wallet,13,0,real_openml_creditcard_42397
119.15,67.89,972,Wallet,2,0,synthetic
307.62,11.59,466,Wallet,12,0,real_openml_creditcard_42397
13.15,10.01,182,COD,13,0,real_openml_creditcard_42397
320.16,105.92,1609,Wallet,12,0,synthetic
25.5,20.18,315,COD,12,0,synthetic
161.81,102.06,1420,Prepaid,20,0,synthetic
30.66,14.45,251,COD,13,0,real_openml_creditcard_42397
295.58,60.41,1041,Wallet,1,0,synthetic
1.71,11.12,185,Wallet,21,0,real_openml_creditcard_42397
324.79,59.35,1054,Prepaid,0,0,synthetic
153.63,85.85,1218,Wallet,21,0,synthetic
87.51,7.85,223,COD,10,0,real_openml_creditcard_42397
145.29,2.69,213,Prepaid,22,0,real_openml_creditcard_42397
185.9,26.56,536,Wallet,21,0,synthetic
694.66,64.67,1451,Prepaid,15,0,synthetic
101.46,18.3,361,COD,11,0,synthetic
304.08,53.31,963,Wallet,17,0,synthetic
669.55,86.96,1696,Prepaid,20,0,synthetic
168.64,3.19,240,Prepaid,21,0,real_openml_creditcard_42397
643.69,32.92,1024,COD,15,0,synthetic
218.15,116.83,1648,Wallet,3,1,synthetic
40.97,9.76,204,Wallet,18,0,real_openml_creditcard_42397
76.98,7.48,209,Prepaid,17,0,real_openml_creditcard_42397
212.41,0.82,251,Wallet,21,0,real_openml_creditcard_42397
662.47,73.7,1531,Wallet,14,0,synthetic
548.53,33.5,946,Wallet,10,0,synthetic
41.23,27.49,417,Wallet,15,0,real_openml_creditcard_42397
102.09,7.68,234,Wallet,21,0,real_openml_creditcard_42397
433.66,9.31,552,Wallet,4,0,synthetic
22.0,9.52,184,Wallet,7,0,real_openml_creditcard_42397
187.3,68.95,1046,Wallet,16,0,synthetic
303.03,18.53,545,Prepaid,0,0,synthetic
194.97,42.88,740,COD,11,0,real_openml_creditcard_42397
77.69,5.76,189,COD,10,0,real_openml_creditcard_42397
75.64,116.56,1517,COD,6,0,synthetic
635.16,12.86,776,Prepaid,11,0,synthetic
701.44,104.06,1930,Prepaid,20,0,synthetic
777.13,116.8,2151,COD,3,0,synthetic
54.41,7.0,183,Prepaid,22,0,real_openml_creditcard_42397
602.32,17.47,802,Prepaid,23,1,synthetic
48.12,24.64,389,COD,21,0,real_openml_creditcard_42397
388.79,97.59,1571,Prepaid,23,0,synthetic
422.19,19.07,659,Wallet,13,0,synthetic
533.5,24.4,823,Prepaid,12,0,synthetic
59.46,6.54,182,Wallet,16,0,real_openml_creditcard_42397
35.12,19.37,314,Wallet,9,0,real_openml_creditcard_42397
336.57,98.05,1529,Wallet,10,0,synthetic
139.69,42.55,686,Prepaid,9,0,synthetic
34.81,40.64,569,Wallet,3,0,synthetic
319.59,3.11,375,Wallet,18,0,real_openml_creditcard_42397
180.0,9.67,328,Prepaid,8,0,real_openml_creditcard_42397
97.69,19.85,376,Wallet,6,0,synthetic
277.12,42.34,807,Prepaid,16,0,synthetic
492.6,1.97,517,COD,14,0,real_openml_creditcard_42397
36.93,104.85,1341,Wallet,4,1,synthetic
27.36,52.06,699,Prepaid,8,0,synthetic
550.04,27.7,877,Prepaid,7,0,synthetic
77.35,40.02,600,Wallet,19,0,synthetic
318.33,22.39,605,Prepaid,12,0,synthetic
119.7,23.11,435,COD,11,0,real_openml_creditcard_42397
642.97,78.45,1570,Wallet,0,0,synthetic
128.87,1.33,182,Wallet,17,0,real_openml_creditcard_42397
89.56,5.62,198,Wallet,23,0,real_openml_creditcard_42397
519.48,35.15,939,Wallet,0,0,synthetic
117.54,4.93,215,Wallet,14,0,real_openml_creditcard_42397
80.48,12.46,272,COD,11,0,real_openml_creditcard_42397
51.35,103.1,1333,COD,12,0,synthetic
8.26,12.13,203,Prepaid,19,0,real_openml_creditcard_42397
413.02,82.75,1415,COD,22,1,synthetic
827.53,10.1,916,Wallet,12,0,real_openml_creditcard_42397
258.64,6.04,355,COD,4,0,synthetic
497.14,55.25,1160,Wallet,0,0,synthetic
49.99,23.58,378,Prepaid,13,0,real_openml_creditcard_42397
5.87,12.73,208,COD,9,0,real_openml_creditcard_42397
394.55,53.21,1044,Prepaid,13,0,synthetic
107.21,2.96,182,Wallet,23,0,real_openml_creditcard_42397
1.99,61.23,786,Prepaid,6,0,synthetic
80.45,6.3,198,Prepaid,3,0,real_openml_creditcard_42397
745.86,33.66,1125,Wallet,23,0,synthetic
102.69,3.3,182,Prepaid,13,0,real_openml_creditcard_42397
275.25,99.39,1490,COD,1,0,synthetic
254.73,7.11,365,COD,11,0,synthetic
658.66,48.12,1220,Wallet,16,0,synthetic
88.58,4.36,182,COD,19,0,real_openml_creditcard_42397
34.47,9.75,198,Wallet,15,0,real_openml_creditcard_42397
484.26,62.77,1239,Wallet,18,1,synthetic
284.38,103.75,1551,COD,15,0,synthetic
511.86,34.72,927,COD,4,0,synthetic
79.67,10.19,244,Wallet,23,0,real_openml_creditcard_42397
738.98,32.25,1102,COD,7,0,synthetic
537.92,85.44,1559,Wallet,13,0,synthetic
643.46,66.98,1433,COD,8,0,synthetic
104.12,4.86,202,COD,15,0,real_openml_creditcard_42397
110.97,2.93,185,Wallet,9,0,real_openml_creditcard_42397
362.5,10.55,503,Prepaid,20,0,synthetic
88.02,5.9,200,COD,9,0,real_openml_creditcard_42397
676.78,100.61,1866,Prepaid,14,0,synthetic
133.55,6.23,245,Wallet,13,0,real_openml_creditcard_42397
93.05,5.35,198,COD,9,0,real_openml_creditcard_42397
19.49,9.96,187,Prepaid,1,0,real_openml_creditcard_42397
87.8,5.17,191,Prepaid,0,0,real_openml_creditcard_42397
469.92,89.4,1546,Prepaid,5,0,synthetic
370.51,88.97,1451,Wallet,12,0,synthetic
708.75,74.85,1586,Prepaid,20,0,synthetic
415.79,29.37,777,Wallet,15,0,synthetic
83.02,8.36,225,Prepaid,11,0,real_openml_creditcard_42397
26.79,13.24,233,COD,22,0,real_openml_creditcard_42397
97.55,13.33,298,COD,22,0,synthetic
176.91,3.4,250,Wallet,12,0,real_openml_creditcard_42397
634.31,59.02,1329,COD,5,0,synthetic
4.85,12.3,202,Wallet,22,0,real_openml_creditcard_42397
782.91,113.83,2121,Wallet,1,0,synthetic
71.48,9.22,225,Wallet,18,0,real_openml_creditcard_42397
520.77,47.87,1093,Wallet,16,0,synthetic
385.96,74.87,1296,Prepaid,10,0,synthetic
90.3,4.31,183,Wallet,17,0,real_openml_creditcard_42397
328.2,106.67,1625,Prepaid,4,0,synthetic
749.76,2.6,756,Wallet,19,0,synthetic
84.07,10.61,253,Prepaid,13,0,real_openml_creditcard_42397
93.72,6.8,216,COD,15,0,real_openml_creditcard_42397
769.72,57.15,1428,Prepaid,15,0,synthetic
80.14,8.32,222,Wallet,8,0,real_openml_creditcard_42397
126.57,7.42,253,Wallet,14,0,real_openml_creditcard_42397
125.74,27.4,492,Wallet,10,0,real_openml_creditcard_42397
202.9,54.65,888,COD,22,0,synthetic
123.96,1.7,182,Prepaid,11,0,real_openml_creditcard_42397
178.85,98.92,1398,Prepaid,9,0,real_openml_creditcard_42397
10.66,10.78,189,Prepaid,22,0,real_openml_creditcard_42397
245.32,9.02,379,Prepaid,1,0,real_openml_creditcard_42397
469.25,19.72,709,Prepaid,6,0,synthetic
431.5,99.32,1630,COD,19,0,synthetic
450.6,47.28,1023,Wallet,2,0,synthetic
130.39,1.47,185,Prepaid,17,0,real_openml_creditcard_42397
131.25,5.91,239,Wallet,11,0,real_openml_creditcard_42397
689.04,84.1,1679,Prepaid,5,0,synthetic
182.95,32.94,610,Wallet,20,0,synthetic
153.15,2.35,216,Prepaid,12,0,real_openml_creditcard_42397
91.21,22.41,401,COD,3,0,real_openml_creditcard_42397
35.91,8.31,182,Wallet,23,0,real_openml_creditcard_42397
696.54,63.89,1444,Prepaid,18,0,synthetic
431.86,53.75,1084,COD,18,0,synthetic
114.97,2.21,180,COD,12,0,real_openml_creditcard_42397
646.89,51.56,1251,Prepaid,22,0,synthetic
482.34,8.64,588,Prepaid,21,0,synthetic
524.82,83.09,1519,COD,13,0,synthetic
107.09,4.14,196,COD,18,0,real_openml_creditcard_42397
706.86,50.16,1288,Prepaid,9,0,synthetic
59.82,86.45,1141,Prepaid,15,0,synthetic
470.07,61.21,1208,Wallet,12,0,synthetic
90.76,4.19,182,COD,14,0,real_openml_creditcard_42397
141.29,3.07,214,Wallet,8,0,real_openml_creditcard_42397
106.68,4.17,196,Prepaid,20,0,real_openml_creditcard_42397
108.18,4.97,207,COD,13,0,real_openml_creditcard_42397
144.19,13.6,343,COD,0,0,real_openml_creditcard_42397
799.8,20.56,1017,COD,19,0,synthetic
208.86,60.99,970,COD,21,0,synthetic
35.22,10.19,204,Prepaid,0,0,real_openml_creditcard_42397
285.6,69.53,1141,COD,2,0,synthetic
24.65,9.07,181,Wallet,23,0,real_openml_creditcard_42397
446.84,59.11,1162,COD,1,0,synthetic
704.66,67.54,1495,Prepaid,1,0,synthetic
241.68,56.21,942,Wallet,10,0,synthetic
545.32,47.46,1110,Wallet,23,0,synthetic
61.9,6.44,183,COD,21,0,real_openml_creditcard_42397
799.61,42.22,1276,COD,18,0,synthetic
197.36,75.05,1128,COD,21,0,synthetic
22.11,9.93,189,COD,5,0,real_openml_creditcard_42397
124.55,14.33,334,COD,22,0,real_openml_creditcard_42397
612.98,31.04,974,Prepaid,16,0,synthetic
705.81,36.48,1123,Wallet,0,0,synthetic
122.83,3.62,204,Prepaid,6,0,synthetic
224.06,1.28,267,Wallet,1,0,real_openml_creditcard_42397
662.22,15.04,826,Prepaid,11,0,synthetic
24.09,9.61,187,COD,17,0,real_openml_creditcard_42397
120.45,56.6,838,Wallet,15,0,synthetic
105.41,3.34,185,Wallet,14,0,real_openml_creditcard_42397
179.93,1.09,225,COD,16,0,real_openml_creditcard_42397
367.15,3.13,418,COD,9,0,real_openml_creditcard_42397
678.09,70.03,1501,COD,8,0,synthetic
797.86,54.0,1416,COD,15,0,synthetic
738.02,106.89,1997,COD,2,0,synthetic
359.54,82.26,1361,Wallet,1,0,synthetic
2.36,19.66,288,COD,19,0,real_openml_creditcard_42397
762.49,114.73,2113,Prepaid,21,0,synthetic
721.04,9.89,818,COD,18,0,synthetic
28.2,75.05,976,Prepaid,6,1,synthetic
103.22,7.01,227,Prepaid,20,0,real_openml_creditcard_42397
18.42,116.51,1465,Prepaid,18,1,synthetic
405.23,114.36,1787,Prepaid,15,0,synthetic
46.31,14.19,262,Wallet,11,0,real_openml_creditcard_42397
735.31,17.53,922,Prepaid,2,0,synthetic
21.37,19.65,305,Wallet,9,0,real_openml_creditcard_42397
181.26,18.8,439,Wallet,5,0,synthetic
542.38,99.73,1735,Prepaid,20,0,synthetic
351.77,27.47,696,Prepaid,16,0,synthetic
110.35,8.56,252,Prepaid,11,0,real_openml_creditcard_42397
88.89,16.42,327,Prepaid,9,0,real_openml_creditcard_42397
589.62,80.96,1552,Prepaid,13,0,synthetic
577.81,95.91,1721,Wallet,17,0,real_openml_creditcard_42397
3.46,14.24,224,COD,3,0,real_openml_creditcard_42397
796.06,95.51,1913,Wallet,3,0,synthetic
258.59,27.75,616,Prepaid,1,0,synthetic
184.41,64.73,993,Wallet,3,0,synthetic
506.73,83.22,1505,Wallet,9,0,synthetic
126.1,7.38,252,Prepaid,0,0,real_openml_creditcard_42397
542.65,55.23,1201,Wallet,8,0,synthetic
362.02,12.35,524,COD,23,0,real_openml_creditcard_42397
151.18,1.33,202,COD,9,0,real_openml_creditcard_42397
450.99,89.47,1530,Wallet,17,0,synthetic
66.05,6.13,183,Wallet,16,0,real_openml_creditcard_42397
10.69,11.7,200,COD,21,0,real_openml_creditcard_42397
61.21,6.33,181,Wallet,14,0,real_openml_creditcard_42397
38.98,8.08,182,Wallet,23,0,real_openml_creditcard_42397
495.78,61.43,1233,COD,17,0,synthetic
525.72,108.19,1821,Prepaid,9,0,synthetic
7.87,91.8,1159,Prepaid,2,0,synthetic
623.63,46.65,1171,COD,1,0,synthetic
140.13,4.74,233,COD,10,0,real_openml_creditcard_42397
18.79,72.36,935,Wallet,5,0,synthetic
75.01,7.04,202,COD,20,0,real_openml_creditcard_42397
111.11,16.08,343,Prepaid,21,0,real_openml_creditcard_42397
87.44,4.61,184,COD,20,0,real_openml_creditcard_42397
782.13,37.85,1208,COD,20,0,synthetic
742.87,21.36,975,COD,1,0,synthetic
163.83,8.13,295,Prepaid,9,0,real_openml_creditcard_42397
688.24,80.77,1639,COD,12,0,synthetic
586.06,77.75,1510,COD,2,0,synthetic
18.44,9.7,183,Prepaid,15,0,real_openml_creditcard_42397
624.8,55.34,1276,Prepaid,12,0,synthetic
579.67,9.59,687,COD,9,0,synthetic
49.84,100.07,1296,COD,12,0,synthetic
191.48,39.18,692,Wallet,6,0,synthetic
311.33,1.83,352,Wallet,7,0,synthetic
586.17,108.42,1879,Wallet,18,0,synthetic
224.79,29.06,601,Prepaid,19,0,synthetic
98.91,5.66,207,Prepaid,14,0,real_openml_creditcard_42397
453.21,107.21,1744,Prepaid,10,1,synthetic
450.89,68.91,1283,Wallet,22,0,synthetic
721.83,50.97,1311,Prepaid,1,0,synthetic
334.71,50.18,953,Prepaid,14,0,synthetic
22.08,10.93,201,COD,23,0,real_openml_creditcard_42397
755.61,61.79,1472,COD,20,1,synthetic
129.62,5.61,234,Prepaid,6,0,real_openml_creditcard_42397
117.88,11.66,296,COD,15,0,real_openml_creditcard_42397
1.0,43.11,568,COD,18,0,real_openml_creditcard_42397
705.58,37.85,1139,Prepaid,19,0,synthetic
109.68,4.69,205,Wallet,16,0,real_openml_creditcard_42397
521.31,66.13,1313,Wallet,6,0,synthetic
224.08,54.4,905,COD,22,0,synthetic
21.99,11.35,206,Prepaid,14,0,real_openml_creditcard_42397
126.31,98.07,1340,Prepaid,20,0,synthetic
205.27,4.19,285,COD,9,0,real_openml_creditcard_42397
479.58,60.13,1203,COD,12,0,synthetic
506.18,117.98,1921,Prepaid,2,0,synthetic
762.85,119.47,2170,Prepaid,20,0,synthetic
572.56,117.29,1973,Wallet,15,0,synthetic
667.33,69.09,1480,Wallet,1,0,synthetic
124.1,7.44,251,Prepaid,8,0,real_openml_creditcard_42397
105.13,4.03,193,COD,23,0,real_openml_creditcard_42397
158.38,35.31,616,Prepaid,20,0,synthetic
565.81,75.42,1464,Prepaid,16,0,synthetic
689.14,105.26,1933,Prepaid,14,0,synthetic
428.94,3.7,480,COD,23,0,synthetic
420.84,95.64,1576,Wallet,2,0,synthetic
110.89,38.57,613,Wallet,18,0,synthetic
51.83,6.95,180,Wallet,14,0,real_openml_creditcard_42397
167.82,0.91,212,Wallet,14,0,real_openml_creditcard_42397
526.21,86.57,1562,Prepaid,4,0,synthetic
330.18,23.82,633,COD,20,0,real_openml_creditcard_42397
143.81,1.55,198,Prepaid,6,0,real_openml_creditcard_42397
23.41,77.21,998,Prepaid,16,0,synthetic
280.88,75.41,1208,Prepaid,20,0,synthetic
210.13,47.91,814,Prepaid,12,0,real_openml_creditcard_42397
28.06,37.7,528,Prepaid,20,0,synthetic
9.39,14.63,234,Wallet,14,0,real_openml_creditcard_42397
359.08,60.22,1096,COD,23,0,synthetic
55.37,8.18,198,Wallet,21,0,real_openml_creditcard_42397
533.32,13.59,693,COD,8,0,synthetic
187.23,15.03,399,Wallet,21,0,synthetic
476.57,87.83,1533,Wallet,13,0,synthetic
340.83,5.85,427,COD,18,0,real_openml_creditcard_42397
244.08,113.34,1630,COD,4,0,synthetic
353.78,2.47,398,Wallet,0,0,real_openml_creditcard_42397
142.25,1.66,198,COD,1,0,real_openml_creditcard_42397
133.88,2.29,198,Wallet,22,0,real_openml_creditcard_42397
30.31,10.06,198,Wallet,14,0,real_openml_creditcard_42397
777.44,91.26,1845,Wallet,11,0,synthetic
731.63,9.49,822,Prepaid,14,0,synthetic
133.67,0.98,182,Prepaid,14,0,real_openml_creditcard_42397
322.94,7.7,433,Prepaid,9,0,real_openml_creditcard_42397
33.68,8.39,181,Wallet,11,0,real_openml_creditcard_42397
5.83,18.56,278,Prepaid,9,0,real_openml_creditcard_42397
7.71,11.76,198,Wallet,9,0,real_openml_creditcard_42397
23.31,12.67,223,Prepaid,21,0,real_openml_creditcard_42397
414.03,57.37,1111,Prepaid,15,0,synthetic
814.53,12.74,936,Wallet,15,0,real_openml_creditcard_42397
171.99,2.43,234,COD,13,0,real_openml_creditcard_42397
49.61,8.36,195,COD,9,0,real_openml_creditcard_42397
140.03,1.08,189,COD,17,0,real_openml_creditcard_42397
199.92,2.01,254,Wallet,9,0,real_openml_creditcard_42397
16.02,10.3,188,Prepaid,17,0,real_openml_creditcard_42397
370.23,115.11,1765,Prepaid,0,1,synthetic
445.42,38.95,918,Wallet,4,0,synthetic
797.73,103.93,2015,COD,8,0,synthetic
203.37,26.09,546,Wallet,8,0,synthetic
783.28,113.31,2115,Prepaid,3,1,synthetic
646.74,104.0,1880,COD,15,0,synthetic
168.62,9.02,310,Wallet,19,0,real_openml_creditcard_42397
692.6,67.33,1481,Prepaid,1,0,synthetic
629.13,20.36,861,Wallet,2,1,synthetic
56.34,6.77,182,COD,16,0,real_openml_creditcard_42397
458.61,31.2,837,Prepaid,6,0,synthetic
733.35,109.39,2023,Prepaid,16,0,synthetic
341.11,1.5,375,Prepaid,20,0,real_openml_creditcard_42397
198.77,1.93,252,COD,14,0,real_openml_creditcard_42397
440.6,32.97,842,Wallet,18,0,synthetic
563.14,33.26,956,Prepaid,9,0,synthetic
248.03,56.77,954,Wallet,17,0,synthetic
790.52,24.25,1052,Prepaid,21,0,synthetic
376.28,108.83,1695,Wallet,19,0,synthetic
191.66,3.88,269,COD,16,0,real_openml_creditcard_42397
215.67,0.91,255,COD,13,0,real_openml_creditcard_42397
444.81,96.35,1606,Wallet,6,0,synthetic
20.5,11.55,207,COD,9,0,real_openml_creditcard_42397
356.77,68.99,1199,COD,4,0,synthetic
676.99,4.36,712,Wallet,11,0,synthetic
319.8,41.29,833,COD,19,0,synthetic
13.02,81.02,1034,COD,1,0,synthetic
745.27,82.88,1715,Prepaid,0,0,synthetic
16.99,94.97,1205,Prepaid,5,0,synthetic
29.46,38.85,543,Prepaid,11,0,synthetic
45.04,13.04,247,COD,12,0,synthetic
499.93,22.94,775,Prepaid,10,0,synthetic
10.79,76.05,972,Wallet,0,0,synthetic
399.7,61.12,1143,Wallet,15,0,synthetic
262.71,4.13,336,Wallet,21,0,real_openml_creditcard_42397
780.74,101.14,1966,Wallet,8,0,synthetic
548.33,4.87,602,Prepaid,20,0,real_openml_creditcard_42397
101.14,10.87,271,Wallet,3,0,synthetic
179.04,19.16,441,COD,9,0,real_openml_creditcard_42397
69.9,101.62,1332,COD,2,0,synthetic
107.18,8.21,245,Prepaid,20,0,real_openml_creditcard_42397
138.0,9.15,284,COD,20,0,real_openml_creditcard_42397
265.85,77.75,1222,COD,10,0,synthetic
53.1,21.43,355,Wallet,2,0,real_openml_creditcard_42397
291.23,27.19,638,Prepaid,0,0,synthetic
134.97,0.88,182,COD,9,0,real_openml_creditcard_42397
188.17,3.64,263,Wallet,18,0,real_openml_creditcard_42397
386.27,75.8,1307,COD,6,0,synthetic
384.0,96.49,1554,Wallet,13,0,synthetic
536.25,10.78,662,COD,15,0,real_openml_creditcard_42397
506.58,29.44,859,Wallet,1,0,synthetic
690.36,98.8,1857,Wallet,22,0,synthetic
620.24,57.53,1299,Prepaid,7,1,synthetic
584.31,63.11,1333,COD,13,0,synthetic
120.4,3.72,203,COD,8,0,real_openml_creditcard_42397
290.72,92.62,1423,COD,0,0,synthetic
123.81,2.63,193,COD,23,0,real_openml_creditcard_42397
53.62,7.9,193,Wallet,19,0,real_openml_creditcard_42397
132.21,8.5,271,Prepaid,16,0,real_openml_creditcard_42397
451.8,25.93,768,Prepaid,14,0,synthetic
658.32,27.24,969,Prepaid,3,0,synthetic
89.38,4.3,182,Wallet,12,0,real_openml_creditcard_42397
332.39,84.34,1361,Prepaid,21,0,synthetic
775.41,81.39,1725,Prepaid,15,0,synthetic
329.87,7.03,431,Wallet,3,0,synthetic
84.2,4.68,182,COD,16,0,real_openml_creditcard_42397
57.12,7.3,189,Wallet,18,0,synthetic
392.62,94.4,1536,Prepaid,20,0,synthetic
415.99,72.84,1298,Wallet,19,0,synthetic
353.29,92.32,1476,Wallet,21,0,synthetic
252.02,1.76,298,Wallet,12,0,real_openml_creditcard_42397
1800.29,54.81,2328,Prepaid,0,0,real_openml_creditcard_42397
523.01,58.75,1226,Prepaid,0,0,synthetic
111.98,69.04,979,COD,14,0,synthetic
330.27,24.89,646,Wallet,1,0,synthetic
140.79,97.27,1344,COD,10,0,real_openml_creditcard_42397
535.92,35.74,961,COD,20,0,synthetic
167.41,110.85,1531,Prepaid,1,0,synthetic
44.69,24.2,381,Prepaid,22,0,synthetic
139.84,1.68,196,Wallet,8,0,real_openml_creditcard_42397
599.84,92.37,1698,Prepaid,15,0,synthetic
673.86,47.17,1223,Prepaid,2,0,synthetic
443.31,67.33,1257,COD,19,1,synthetic
42.79,47.66,660,COD,3,0,synthetic
237.69,1.92,287,COD,11,0,real_openml_creditcard_42397
201.9,44.44,765,Wallet,17,0,synthetic
126.59,92.97,1280,Prepaid,1,0,synthetic
178.47,5.03,271,COD,13,0,real_openml_creditcard_42397
257.36,65.9,1072,Prepaid,1,0,synthetic
50.96,7.43,185,Wallet,10,0,real_openml_creditcard_42397
343.45,56.0,1031,COD,14,0,synthetic
170.81,42.41,713,Wallet,0,0,synthetic
443.17,2.02,473,COD,17,0,synthetic
84.68,12.23,273,COD,10,0,real_openml_creditcard_42397
145.67,8.32,281,Prepaid,15,0,real_openml_creditcard_42397
741.63,47.63,1289,Prepaid,9,0,synthetic
63.98,6.37,184,Prepaid,17,0,real_openml_creditcard_42397
790.87,39.65,1238,Prepaid,12,0,synthetic
148.96,0.99,196,Prepaid,19,0,real_openml_creditcard_42397
11.87,11.28,196,Prepaid,11,0,real_openml_creditcard_42397
125.6,1.75,184,COD,21,0,real_openml_creditcard_42397
137.73,0.67,182,Wallet,0,0,real_openml_creditcard_42397
515.01,7.36,602,Wallet,0,0,synthetic
325.34,31.6,722,Wallet,16,0,real_openml_creditcard_42397
76.7,5.33,183,Wallet,22,0,real_openml_creditcard_42397
194.54,83.28,1224,Prepaid,3,0,synthetic
202.68,40.64,720,Prepaid,11,1,synthetic
251.12,2.58,307,Wallet,10,0,real_openml_creditcard_42397
31.32,9.23,189,COD,23,0,real_openml_creditcard_42397
4.17,27.85,388,Prepaid,13,0,real_openml_creditcard_42397
55.17,6.86,182,Wallet,21,0,real_openml_creditcard_42397
110.33,82.3,1137,Prepaid,10,1,synthetic
53.58,30.45,464,COD,16,0,synthetic
692.08,111.35,2009,Wallet,0,1,synthetic
40.06,11.75,227,Wallet,19,0,real_openml_creditcard_42397
96.18,3.79,182,Wallet,0,0,real_openml_creditcard_42397
677.3,62.79,1413,Prepaid,9,0,synthetic
417.87,2.29,454,Wallet,10,0,synthetic
764.35,38.24,1197,COD,5,0,synthetic
230.93,1.6,277,Prepaid,18,0,real_openml_creditcard_42397
35.67,13.66,246,COD,3,0,real_openml_creditcard_42397
61.5,94.59,1240,COD,2,0,synthetic
791.87,9.35,875,COD,0,0,synthetic
101.37,3.4,182,COD,8,0,real_openml_creditcard_42397
29.57,10.62,204,Prepaid,15,0,real_openml_creditcard_42397
357.53,35.8,801,Prepaid,15,0,synthetic
32.85,8.54,182,Prepaid,3,0,real_openml_creditcard_42397
747.67,115.14,2105,Wallet,17,0,synthetic
9.8,12.35,207,Prepaid,21,0,real_openml_creditcard_42397
192.38,25.9,534,Wallet,12,0,real_openml_creditcard_42397
670.79,97.87,1828,COD,21,0,synthetic
13.27,10.17,184,COD,0,0,real_openml_creditcard_42397
139.8,21.3,431,COD,0,0,synthetic
82.33,10.72,253,COD,18,1,synthetic
44.82,7.56,181,Prepaid,20,0,real_openml_creditcard_42397
325.92,14.38,516,COD,9,0,synthetic
204.2,118.6,1657,Prepaid,2,0,synthetic
101.7,15.12,323,Prepaid,8,0,real_openml_creditcard_42397
646.89,27.95,968,COD,21,0,synthetic
489.04,62.45,1240,COD,17,0,synthetic
777.08,9.17,859,Wallet,13,0,synthetic
17.66,13.01,222,Prepaid,17,0,real_openml_creditcard_42397
492.78,34.79,911,Wallet,15,0,real_openml_creditcard_42397
57.63,43.09,619,COD,20,0,real_openml_creditcard_42397
97.36,3.86,184,COD,15,0,real_openml_creditcard_42397
527.8,116.75,1926,Prepaid,16,0,synthetic
6.5,83.57,1059,Prepaid,4,0,synthetic
141.3,91.15,1271,Wallet,19,0,synthetic
205.35,59.13,944,COD,8,0,synthetic
417.61,19.76,663,Wallet,9,0,real_openml_creditcard_42397
126.03,1.55,182,Prepaid,15,0,real_openml_creditcard_42397
794.84,7.14,851,Prepaid,17,0,real_openml_creditcard_42397
439.37,76.65,1365,Wallet,10,1,synthetic
21.79,100.43,1275,COD,8,0,synthetic
193.95,103.8,1470,COD,14,0,synthetic
267.75,29.34,643,COD,0,0,synthetic
167.31,1.79,222,Prepaid,16,0,real_openml_creditcard_42397
75.84,6.06,191,Prepaid,10,0,real_openml_creditcard_42397
605.29,38.91,1062,Prepaid,18,0,synthetic
74.29,80.27,1080,Prepaid,3,0,synthetic
267.39,12.61,442,Prepaid,13,0,real_openml_creditcard_42397
583.87,113.89,1942,Wallet,7,0,synthetic
352.09,106.71,1647,COD,18,0,synthetic
162.23,0.67,204,Prepaid,10,0,real_openml_creditcard_42397
372.4,68.3,1205,Wallet,8,0,synthetic
453.97,114.32,1830,Wallet,11,0,synthetic
130.26,96.04,1320,Wallet,5,0,synthetic
568.3,114.91,1940,Prepaid,20,1,synthetic
222.37,1.66,270,Prepaid,16,0,real_openml_creditcard_42397
401.03,24.42,704,Prepaid,1,0,synthetic
72.18,7.25,202,Prepaid,9,0,real_openml_creditcard_42397
376.55,86.44,1426,Wallet,21,0,synthetic
181.88,2.78,247,COD,14,0,real_openml_creditcard_42397
46.51,12.26,239,COD,11,0,real_openml_creditcard_42397
27.98,8.9,182,COD,22,0,real_openml_creditcard_42397
796.38,92.77,1880,COD,10,0,synthetic
498.68,88.06,1555,COD,2,0,synthetic
11.67,10.13,182,COD,20,0,real_openml_creditcard_42397
609.47,59.36,1311,Wallet,10,0,synthetic
143.22,0.59,186,Wallet,8,0,real_openml_creditcard_42397
784.18,73.58,1639,COD,12,0,synthetic
188.99,5.24,283,Wallet,10,0,real_openml_creditcard_42397
312.65,28.0,667,COD,18,0,synthetic
54.17,8.27,198,Prepaid,10,0,real_openml_creditcard_42397
47.2,7.46,182,COD,6,0,real_openml_creditcard_42397
125.01,1.71,183,COD,9,0,real_openml_creditcard_42397
193.13,16.68,424,Wallet,22,0,real_openml_creditcard_42397
49.53,50.29,698,Wallet,12,0,real_openml_creditcard_42397
260.23,77.19,1211,COD,14,0,synthetic
107.73,36.25,582,Prepaid,8,0,real_openml_creditcard_42397
328.01,51.34,961,Wallet,21,1,synthetic
22.94,42.78,584,Wallet,3,0,synthetic
366.14,20.16,621,Wallet,6,0,synthetic
98.19,3.64,182,Prepaid,11,0,real_openml_creditcard_42397
30.25,9.48,191,COD,21,0,real_openml_creditcard_42397
358.61,2.91,408,COD,22,0,synthetic
17.8,21.92,329,Wallet,16,0,real_openml_creditcard_42397
89.14,11.73,271,Wallet,12,0,real_openml_creditcard_42397
76.97,21.81,381,Prepaid,21,0,real_openml_creditcard_42397
242.78,89.3,1340,Prepaid,23,0,synthetic
172.33,77.77,1138,Prepaid,11,0,synthetic
45.18,7.61,182,Wallet,18,0,real_openml_creditcard_42397
192.78,96.55,1382,Wallet,6,0,synthetic
700.21,73.42,1561,Prepaid,8,0,synthetic
320.03,39.75,815,Prepaid,15,0,real_openml_creditcard_42397
181.49,1.3,229,Prepaid,18,0,real_openml_creditcard_42397
108.75,45.29,691,Prepaid,9,0,synthetic
582.06,42.79,1087,Wallet,0,0,synthetic
716.21,8.08,792,Prepaid,23,0,synthetic
72.61,6.55,194,COD,19,0,real_openml_creditcard_42397
539.82,71.66,1396,COD,13,1,synthetic
34.89,8.47,183,COD,0,0,real_openml_creditcard_42397
117.43,3.53,198,COD,7,0,real_openml_creditcard_42397
46.84,39.57,567,COD,12,0,real_openml_creditcard_42397
692.9,78.14,1611,Wallet,3,0,synthetic
89.82,4.85,189,COD,19,0,real_openml_creditcard_42397
808.37,23.62,1061,COD,11,0,real_openml_creditcard_42397
510.19,59.56,1224,COD,18,0,synthetic
66.21,77.95,1045,Wallet,6,0,synthetic
84.59,16.91,329,COD,18,0,real_openml_creditcard_42397
160.3,7.39,283,COD,9,0,real_openml_creditcard_42397
657.59,11.71,782,Prepaid,12,0,synthetic
82.99,5.78,194,COD,6,0,real_openml_creditcard_42397
203.94,106.51,1512,Wallet,7,0,synthetic
573.58,91.32,1662,Prepaid,23,0,synthetic
179.24,0.97,223,COD,12,0,real_openml_creditcard_42397
77.52,5.19,182,COD,14,0,real_openml_creditcard_42397
276.01,45.19,841,Prepaid,19,0,synthetic
719.84,91.29,1793,COD,0,0,synthetic
129.42,37.54,617,Wallet,0,0,synthetic
165.88,6.23,274,Wallet,16,0,real_openml_creditcard_42397
183.05,43.61,738,Wallet,8,0,synthetic
19.84,9.35,180,COD,8,0,real_openml_creditcard_42397
45.85,8.98,199,COD,18,0,real_openml_creditcard_42397
384.98,69.75,1233,COD,16,0,synthetic
213.26,31.86,624,COD,3,0,synthetic
179.12,117.34,1619,Wallet,14,0,synthetic
749.99,62.57,1476,Prepaid,8,0,synthetic
13.66,103.29,1302,Prepaid,8,1,synthetic
195.64,1.74,247,Wallet,8,0,real_openml_creditcard_42397
143.18,50.94,790,Prepaid,0,0,synthetic
562.74,112.34,1905,Prepaid,0,0,synthetic
40.13,11.32,222,COD,1,0,real_openml_creditcard_42397
633.0,4.19,670,Prepaid,23,0,real_openml_creditcard_42397
134.19,1.35,187,Prepaid,9,0,real_openml_creditcard_42397
64.28,8.43,209,Wallet,18,0,synthetic
94.91,3.8,181,Prepaid,21,0,real_openml_creditcard_42397
476.25,5.37,543,COD,2,0,synthetic
371.52,40.45,870,Prepaid,10,0,synthetic
53.83,7.55,189,Prepaid,8,0,real_openml_creditcard_42397
62.6,7.47,196,COD,19,0,real_openml_creditcard_42397
199.24,1.31,245,Prepaid,4,0,real_openml_creditcard_42397
295.85,80.3,1280,Prepaid,13,0,synthetic
25.79,38.06,530,Prepaid,20,0,synthetic
474.33,1.44,494,COD,5,0,synthetic
790.3,90.89,1852,Wallet,15,0,real_openml_creditcard_42397
98.79,3.51,181,Prepaid,20,0,real_openml_creditcard_42397
387.34,79.85,1357,COD,17,0,synthetic
784.53,27.72,1089,COD,22,0,synthetic
118.85,5.84,227,COD,16,0,real_openml_creditcard_42397
420.88,117.0,1833,Wallet,9,0,synthetic
205.82,9.94,355,Wallet,10,0,synthetic
281.97,19.18,534,Prepaid,21,0,synthetic
179.83,0.93,223,COD,18,0,real_openml_creditcard_42397
121.94,10.77,289,Wallet,2,0,real_openml_creditcard_42397
42.64,19.55,323,COD,11,0,real_openml_creditcard_42397
38.74,18.51,307,Prepaid,13,0,real_openml_creditcard_42397
4.46,36.33,490,Wallet,21,0,synthetic
591.37,28.61,926,Wallet,23,1,synthetic
469.36,83.58,1475,Prepaid,3,0,synthetic
413.1,41.43,919,Wallet,18,0,synthetic
55.62,7.33,188,Prepaid,21,0,real_openml_creditcard_42397
560.59,43.05,1071,Prepaid,16,0,synthetic
215.48,21.09,497,Wallet,18,0,real_openml_creditcard_42397
549.82,109.06,1854,COD,22,0,synthetic
119.33,2.8,191,COD,11,0,real_openml_creditcard_42397
431.07,37.08,883,Prepaid,10,0,synthetic
133.49,96.22,1325,Prepaid,20,0,synthetic
100.7,3.28,180,COD,12,0,real_openml_creditcard_42397
294.71,109.79,1633,Wallet,23,1,synthetic
283.6,12.06,450,COD,14,0,real_openml_creditcard_42397
373.57,119.28,1818,COD,15,0,synthetic
430.1,2.67,469,Wallet,0,0,synthetic
91.1,7.75,225,Prepaid,8,0,real_openml_creditcard_42397
580.42,31.62,952,COD,5,0,synthetic
500.77,78.45,1442,COD,20,0,synthetic
115.88,3.64,198,Wallet,14,0,real_openml_creditcard_42397
318.21,67.63,1148,Wallet,20,0,synthetic
763.1,66.15,1531,COD,18,1,synthetic
494.34,59.03,1203,COD,19,0,synthetic
293.94,10.04,435,Prepaid,8,0,real_openml_creditcard_42397
68.55,5.86,182,Prepaid,20,0,real_openml_creditcard_42397
1.0,27.46,380,COD,12,0,real_openml_creditcard_42397
194.7,78.41,1166,COD,7,0,synthetic
174.21,18.18,425,COD,15,0,real_openml_creditcard_42397
102.11,4.34,194,Wallet,18,0,real_openml_creditcard_42397
70.08,12.08,258,COD,21,0,real_openml_creditcard_42397
104.11,67.31,951,COD,22,0,synthetic
30.82,9.02,186,COD,4,0,real_openml_creditcard_42397
35.18,9.36,194,Wallet,19,0,real_openml_creditcard_42397
12.8,36.89,504,Prepaid,6,0,synthetic
716.61,119.89,2134,Prepaid,11,0,synthetic
99.96,49.55,735,Prepaid,15,0,synthetic
421.78,32.87,824,Prepaid,16,0,synthetic
431.85,5.86,509,Wallet,13,0,real_openml_creditcard_42397
296.02,19.96,556,Wallet,12,0,synthetic
279.54,18.2,520,Wallet,23,0,synthetic
121.26,1.91,182,COD,18,0,real_openml_creditcard_42397
230.47,21.47,515,COD,12,0,synthetic
468.38,80.55,1438,COD,21,0,synthetic
784.22,27.45,1085,Prepaid,21,0,synthetic
492.64,20.56,740,Wallet,15,0,synthetic
114.37,3.92,200,COD,14,0,real_openml_creditcard_42397
100.5,102.85,1375,Wallet,12,0,synthetic
761.84,47.3,1303,Wallet,23,0,synthetic
599.83,35.29,1013,COD,4,0,synthetic
509.82,79.39,1461,Wallet,21,1,synthetic
683.44,3.6,708,Prepaid,8,0,synthetic
349.9,119.38,1797,Prepaid,2,0,synthetic
40.27,18.06,303,Prepaid,12,0,real_openml_creditcard_42397
766.68,13.35,900,Prepaid,19,0,synthetic
336.57,78.57,1296,COD,3,0,synthetic
736.01,3.12,750,COD,22,0,synthetic
541.3,34.42,950,Wallet,9,0,synthetic
38.46,73.94,972,Wallet,21,0,synthetic
307.39,19.86,565,Wallet,17,0,real_openml_creditcard_42397
54.83,17.55,310,Prepaid,12,0,real_openml_creditcard_42397
114.19,4.6,208,Prepaid,23,0,real_openml_creditcard_42397
88.82,5.67,198,COD,22,0,real_openml_creditcard_42397
575.71,82.98,1564,Prepaid,18,0,synthetic
41.96,44.38,620,Wallet,17,0,synthetic
90.21,16.23,326,Wallet,23,0,real_openml_creditcard_42397
182.67,14.88,393,Prepaid,9,0,real_openml_creditcard_42397
124.01,1.95,185,COD,15,0,synthetic
553.3,38.95,1015,COD,9,0,synthetic
140.39,3.3,216,COD,10,0,real_openml_creditcard_42397
608.58,56.97,1281,Prepaid,12,0,synthetic
663.57,113.59,2010,Prepaid,13,0,synthetic
85.52,35.42,552,Prepaid,18,0,real_openml_creditcard_42397
737.75,88.5,1776,Prepaid,10,0,real_openml_creditcard_42397
451.57,21.23,711,COD,10,1,synthetic
592.04,66.01,1375,Prepaid,15,0,synthetic
347.06,75.16,1264,Prepaid,4,0,synthetic
377.4,24.57,685,Prepaid,6,0,synthetic
470.67,38.73,938,COD,3,0,synthetic
420.43,2.19,455,Wallet,5,0,synthetic
84.2,4.68,182,COD,0,0,real_openml_creditcard_42397
189.5,109.0,1529,Wallet,1,0,synthetic
75.27,11.11,251,Prepaid,3,0,real_openml_creditcard_42397
96.11,41.37,633,Wallet,11,0,real_openml_creditcard_42397
649.43,69.39,1467,Wallet,10,0,synthetic
214.73,49.34,835,COD,16,0,synthetic
76.36,5.27,182,COD,22,0,real_openml_creditcard_42397
558.1,64.06,1321,Wallet,20,0,synthetic
636.34,60.34,1347,Prepaid,14,0,synthetic
107.88,83.73,1152,Wallet,1,0,synthetic
543.34,96.86,1701,Prepaid,17,0,synthetic
77.68,53.1,757,Wallet,20,1,synthetic
241.47,14.81,445,Wallet,17,0,real_openml_creditcard_42397
333.58,37.06,795,Wallet,14,0,synthetic
193.28,98.35,1404,COD,15,0,synthetic
152.28,8.66,291,COD,11,0,real_openml_creditcard_42397
10.3,32.14,445,Prepaid,20,0,synthetic
272.9,103.25,1535,Wallet,3,0,synthetic
551.9,49.59,1142,COD,1,0,synthetic
81.15,7.0,207,Wallet,9,0,real_openml_creditcard_42397
212.55,22.14,507,Prepaid,10,0,real_openml_creditcard_42397
403.89,104.72,1670,COD,2,1,synthetic
42.06,9.35,200,Wallet,14,0,real_openml_creditcard_42397
162.09,55.1,857,Wallet,3,0,synthetic
93.99,4.12,184,Prepaid,14,0,real_openml_creditcard_42397
415.87,59.02,1133,Wallet,2,0,synthetic
194.78,1.64,245,Wallet,17,0,real_openml_creditcard_42397
1.83,11.03,184,COD,14,0,real_openml_creditcard_42397
22.4,9.32,182,COD,22,0,real_openml_creditcard_42397
96.01,44.11,666,Wallet,2,0,synthetic
136.61,12.34,321,Prepaid,0,0,real_openml_creditcard_42397
690.7,11.89,814,COD,0,0,synthetic
460.83,39.91,944,COD,16,0,synthetic
520.62,98.27,1698,Wallet,10,0,synthetic
33.36,59.73,797,Prepaid,2,0,synthetic
138.61,78.35,1115,COD,10,0,synthetic
262.7,19.63,522,COD,18,0,synthetic
68.24,6.3,187,COD,16,0,real_openml_creditcard_42397
274.9,20.77,547,Prepaid,20,0,synthetic
700.38,119.64,2116,COD,22,0,synthetic
121.09,4.17,209,Wallet,14,0,real_openml_creditcard_42397
552.75,51.46,1165,Prepaid,19,0,synthetic
2603.37,6.25,2468,Prepaid,11,0,real_openml_creditcard_42397
652.85,21.59,897,COD,10,0,synthetic
287.63,4.35,361,COD,2,0,synthetic
226.69,75.39,1159,Prepaid,15,0,synthetic
166.6,2.09,225,Prepaid,19,0,real_openml_creditcard_42397
560.7,11.95,698,Wallet,12,0,real_openml_creditcard_42397
125.28,2.1,188,Prepaid,16,0,real_openml_creditcard_42397
795.04,47.83,1340,Prepaid,12,0,synthetic
74.24,6.02,189,Prepaid,23,0,real_openml_creditcard_42397
127.46,1.61,184,Wallet,22,0,real_openml_creditcard_42397
6000.0,46.75,6011,Prepaid,10,0,real_openml_creditcard_42397
156.25,111.96,1534,COD,17,0,synthetic
727.8,18.9,932,COD,1,0,synthetic
727.39,43.14,1222,COD,8,0,synthetic
479.38,35.19,904,COD,0,0,synthetic
288.59,58.66,1014,COD,0,0,synthetic
257.68,85.17,1304,Wallet,0,0,synthetic
137.59,46.6,733,Wallet,12,0,real_openml_creditcard_42397
85.31,5.44,192,COD,18,0,real_openml_creditcard_42397
79.26,4.97,181,Prepaid,16,0,real_openml_creditcard_42397
182.71,6.38,291,COD,8,0,real_openml_creditcard_42397
131.45,8.56,271,COD,18,0,real_openml_creditcard_42397
504.87,61.78,1246,Wallet,0,0,synthetic
639.31,66.16,1419,Prepaid,14,0,synthetic
109.09,111.0,1480,Prepaid,18,0,synthetic
700.99,81.87,1663,Prepaid,14,0,synthetic
139.39,4.88,234,Prepaid,23,0,real_openml_creditcard_42397
29.24,10.14,198,COD,21,0,real_openml_creditcard_42397
147.17,1.3,198,Prepaid,13,0,real_openml_creditcard_42397
164.33,1.26,213,Prepaid,20,0,real_openml_creditcard_42397
27.13,74.5,968,Wallet,23,0,synthetic
677.43,31.18,1034,Prepaid,21,0,synthetic
101.29,10.82,271,COD,11,0,real_openml_creditcard_42397
603.35,2.32,621,Wallet,5,0,synthetic
602.78,34.22,1003,Wallet,5,0,synthetic
267.14,30.38,655,Wallet,23,0,real_openml_creditcard_42397
595.38,42.51,1096,Prepaid,20,0,synthetic
484.26,0.76,495,Wallet,18,0,real_openml_creditcard_42397
364.64,62.17,1124,COD,18,0,synthetic
195.24,26.71,546,Wallet,2,0,synthetic
159.55,45.55,740,COD,22,0,synthetic
668.89,107.87,1946,Prepaid,2,0,synthetic
283.97,22.95,581,COD,7,0,synthetic
262.86,49.03,875,Prepaid,5,0,synthetic
13.44,10.41,187,Wallet,19,0,real_openml_creditcard_42397
244.11,19.26,501,Wallet,6,0,synthetic
91.2,4.33,184,COD,15,0,real_openml_creditcard_42397
775.66,85.82,1778,Wallet,4,0,synthetic
168.55,83.11,1199,COD,21,0,synthetic
29.61,50.75,686,Wallet,8,0,synthetic
24.01,9.2,182,Wallet,9,0,real_openml_creditcard_42397
302.01,74.44,1215,COD,3,0,synthetic
92.98,4.28,185,Wallet,22,0,real_openml_creditcard_42397
421.14,17.04,634,Prepaid,6,0,synthetic
38.43,8.37,185,Prepaid,8,0,real_openml_creditcard_42397
23.78,12.3,219,COD,18,0,real_openml_creditcard_42397
369.13,2.57,413,COD,18,0,real_openml_creditcard_42397
700.16,78.51,1622,COD,21,0,synthetic
266.03,12.8,443,Wallet,11,0,real_openml_creditcard_42397
25.78,33.05,470,COD,1,0,synthetic
101.41,7.39,230,COD,15,0,real_openml_creditcard_42397
145.38,1.1,194,Prepaid,9,0,real_openml_creditcard_42397
730.49,25.38,1012,Prepaid,20,0,synthetic
664.97,113.05,2005,Prepaid,16,0,synthetic
368.57,22.19,648,Prepaid,1,0,synthetic
617.86,6.76,687,Wallet,6,0,synthetic
41.33,41.16,581,COD,19,0,synthetic
82.2,4.83,182,Wallet,8,0,real_openml_creditcard_42397
557.89,78.97,1500,COD,5,0,synthetic
39.64,10.69,214,COD,8,0,real_openml_creditcard_42397
100.82,3.94,188,Prepaid,14,0,real_openml_creditcard_42397
501.93,86.05,1534,COD,5,0,synthetic
145.18,6.61,260,Prepaid,16,0,real_openml_creditcard_42397
19.19,13.89,234,COD,5,0,real_openml_creditcard_42397
755.04,100.26,1933,COD,5,0,synthetic
163.84,93.6,1321,Prepaid,22,0,synthetic
624.84,105.89,1883,Prepaid,17,0,synthetic
101.76,18.62,365,COD,22,0,real_openml_creditcard_42397
389.93,97.59,1572,Prepaid,2,0,synthetic
168.3,1.38,218,Wallet,14,0,real_openml_creditcard_42397
983.15,74.6,1830,COD,19,0,real_openml_creditcard_42397
303.77,29.29,675,Prepaid,21,0,synthetic
728.92,62.08,1451,Prepaid,13,0,synthetic
92.01,79.29,1084,Wallet,7,0,synthetic
70.85,8.77,219,COD,21,0,real_openml_creditcard_42397
39.19,104.94,1345,Prepaid,16,0,synthetic
439.49,14.28,617,COD,21,0,synthetic
617.97,30.34,970,COD,17,0,synthetic
538.28,43.84,1061,COD,14,0,synthetic
87.72,48.81,715,Wallet,17,0,synthetic
79.24,6.22,196,COD,20,0,real_openml_creditcard_42397
33.91,9.21,191,COD,22,0,real_openml_creditcard_42397
84.76,72.89,1001,COD,23,0,real_openml_creditcard_42397
744.24,35.84,1150,COD,2,0,synthetic
634.24,91.56,1720,Prepaid,2,0,synthetic
455.73,97.3,1628,COD,15,0,synthetic
674.4,22.71,929,Wallet,3,0,synthetic
64.96,6.21,183,COD,21,0,real_openml_creditcard_42397
103.7,9.39,256,COD,15,0,real_openml_creditcard_42397
110.53,26.54,468,Prepaid,16,0,real_openml_creditcard_42397
365.92,32.09,764,Wallet,13,0,synthetic
711.13,48.23,1269,Wallet,17,0,synthetic
92.71,4.13,183,Wallet,16,0,real_openml_creditcard_42397
96.4,3.69,181,Wallet,11,0,real_openml_creditcard_42397
119.92,92.4,1267,Prepaid,18,0,synthetic
1157.42,10.19,1214,Wallet,18,0,real_openml_creditcard_42397
348.48,10.03,484,Wallet,1,0,synthetic
727.78,68.16,1523,Prepaid,8,0,synthetic
141.97,39.63,653,Wallet,2,0,synthetic
64.17,12.8,261,Wallet,6,0,synthetic
779.02,98.95,1938,COD,20,0,synthetic
20.56,9.46,182,Prepaid,7,0,real_openml_creditcard_42397
230.99,10.76,387,COD,17,0,real_openml_creditcard_42397
151.64,95.53,1333,Wallet,10,0,synthetic
591.94,24.85,881,Wallet,7,0,synthetic
360.12,47.53,944,Prepaid,0,0,synthetic
563.66,67.36,1366,Wallet,17,0,synthetic
43.43,7.74,182,Prepaid,22,0,real_openml_creditcard_42397
414.23,67.93,1238,Wallet,1,0,synthetic
89.74,78.62,1074,Prepaid,6,0,synthetic
621.74,89.69,1686,COD,16,0,synthetic
148.77,4.18,234,COD,11,0,real_openml_creditcard_42397
68.83,20.75,361,Prepaid,9,0,real_openml_creditcard_42397
723.45,113.71,2066,COD,14,0,synthetic
521.12,92.83,1633,Wallet,2,0,synthetic
31.81,23.2,357,Wallet,12,0,real_openml_creditcard_42397
26.95,8.98,182,Wallet,20,0,real_openml_creditcard_42397
401.77,2.03,436,Prepaid,19,0,real_openml_creditcard_42397
753.09,84.35,1740,COD,17,0,real_openml_creditcard_42397
1.99,24.43,345,Prepaid,7,0,real_openml_creditcard_42397
390.55,50.87,1012,Wallet,16,0,synthetic
108.51,64.56,922,Prepaid,7,0,synthetic
198.89,19.07,458,Prepaid,15,0,synthetic
740.03,23.93,1003,Prepaid,4,0,synthetic
340.16,119.18,1786,COD,9,0,synthetic
3.84,10.55,180,Wallet,20,0,real_openml_creditcard_42397
462.91,59.85,1185,Wallet,4,0,synthetic
759.44,68.93,1561,Prepaid,11,1,synthetic
670.26,18.73,878,COD,22,0,synthetic
89.39,74.61,1026,COD,11,0,synthetic
130.3,34.64,583,Prepaid,22,0,real_openml_creditcard_42397
390.21,13.32,561,COD,9,0,synthetic
364.06,98.3,1557,COD,12,0,synthetic
260.49,8.3,384,COD,16,0,real_openml_creditcard_42397
107.65,5.76,216,COD,19,0,real_openml_creditcard_42397
14.18,12.69,215,COD,15,0,real_openml_creditcard_42397
52.29,66.9,900,COD,13,0,synthetic
1537.53,119.77,2871,Wallet,16,0,real_openml_creditcard_42397
136.19,0.95,184,COD,18,0,real_openml_creditcard_42397
408.51,37.61,869,Wallet,16,0,synthetic
409.33,10.37,543,Prepaid,22,0,synthetic
763.65,108.95,2045,COD,9,0,synthetic
418.48,115.92,1818,Prepaid,10,0,synthetic
52.7,19.38,330,Prepaid,0,0,real_openml_creditcard_42397
619.36,56.64,1287,Prepaid,16,0,synthetic
417.61,75.35,1330,Prepaid,6,0,synthetic
26.47,17.93,289,Wallet,21,0,real_openml_creditcard_42397
224.23,5.09,313,Prepaid,23,0,synthetic
72.54,7.64,207,Prepaid,14,0,real_openml_creditcard_42397
71.76,93.98,1242,Wallet,8,0,synthetic
238.49,36.13,698,Wallet,2,0,synthetic
81.27,27.32,451,Prepaid,2,0,synthetic
306.0,101.6,1545,COD,20,0,synthetic
392.15,12.37,551,Wallet,16,1,synthetic
603.17,54.69,1249,Wallet,4,0,synthetic
625.81,67.5,1423,COD,19,0,synthetic
150.63,15.54,372,Wallet,15,0,real_openml_creditcard_42397
22.34,9.41,183,Prepaid,17,0,real_openml_creditcard_42397
143.27,48.95,766,Prepaid,11,0,synthetic
1.0,34.66,467,Prepaid,1,0,real_openml_creditcard_42397
61.51,9.14,215,Prepaid,23,0,real_openml_creditcard_42397
374.33,23.82,673,COD,4,1,synthetic
132.32,3.91,216,Prepaid,11,0,real_openml_creditcard_42397
195.79,14.23,397,COD,20,0,real_openml_creditcard_42397
91.55,94.57,1267,Wallet,21,0,synthetic
273.74,9.3,408,COD,12,0,real_openml_creditcard_42397
352.66,78.14,1305,Wallet,22,0,synthetic
66.18,8.12,207,Prepaid,3,0,real_openml_creditcard_42397
46.84,68.64,916,Prepaid,6,0,synthetic
716.35,59.24,1406,COD,20,0,synthetic
401.72,3.37,452,Prepaid,13,0,real_openml_creditcard_42397
271.85,59.12,1004,COD,6,0,synthetic
448.44,37.13,899,COD,11,1,synthetic
417.85,79.15,1376,Wallet,3,0,synthetic
66.47,7.76,203,Wallet,19,0,real_openml_creditcard_42397
69.04,7.41,201,COD,17,0,real_openml_creditcard_42397
359.5,21.01,626,COD,11,0,synthetic
684.3,1.28,681,Wallet,22,0,synthetic
577.62,99.14,1760,Wallet,15,1,synthetic
87.27,8.55,231,Prepaid,12,0,synthetic
89.15,4.4,183,COD,21,0,real_openml_creditcard_42397
500.24,71.03,1353,COD,10,0,synthetic
640.8,67.3,1434,COD,19,0,synthetic
576.25,96.3,1724,Wallet,20,0,synthetic
216.74,0.74,254,Wallet,21,0,real_openml_creditcard_42397
26.04,92.42,1182,Wallet,13,0,synthetic
133.1,10.93,301,COD,14,0,real_openml_creditcard_42397
218.85,2.09,272,Prepaid,12,0,real_openml_creditcard_42397
199.61,15.7,418,Wallet,14,0,real_openml_creditcard_42397
92.62,6.64,213,Prepaid,22,0,real_openml_creditcard_42397
719.43,57.67,1390,Prepaid,16,1,synthetic
88.24,4.47,183,COD,20,0,real_openml_creditcard_42397
170.26,2.65,235,Wallet,9,0,synthetic
154.23,0.6,196,Prepaid,0,0,real_openml_creditcard_42397
512.66,65.76,1301,COD,19,0,synthetic
74.56,6.49,195,Wallet,10,0,real_openml_creditcard_42397
334.93,1.13,365,COD,23,0,real_openml_creditcard_42397
601.45,94.08,1720,Wallet,1,0,synthetic
505.84,54.26,1156,Prepaid,12,0,synthetic
409.99,4.67,475,Wallet,11,0,real_openml_creditcard_42397
145.7,4.41,234,COD,23,0,real_openml_creditcard_42397
190.76,18.25,441,Prepaid,14,0,synthetic
795.4,105.03,2026,Wallet,19,0,synthetic
679.93,71.65,1522,Prepaid,22,0,synthetic
98.22,3.63,182,Wallet,17,0,real_openml_creditcard_42397
32.43,16.65,279,Wallet,16,0,real_openml_creditcard_42397
636.03,35.54,1049,Prepaid,4,0,synthetic
366.66,105.54,1647,Wallet,20,0,synthetic
457.23,62.25,1209,Prepaid,23,0,synthetic
362.37,6.57,455,Prepaid,10,0,real_openml_creditcard_42397
45.65,34.3,503,Prepaid,3,0,synthetic
387.62,15.79,588,Prepaid,15,0,synthetic
73.78,6.8,198,Prepaid,9,0,real_openml_creditcard_42397
8.4,10.54,184,Wallet,22,0,real_openml_creditcard_42397
709.74,46.54,1247,Wallet,10,0,synthetic
129.7,2.02,191,Prepaid,23,0,real_openml_creditcard_42397
237.53,12.7,416,Prepaid,15,0,synthetic
78.22,5.22,183,Prepaid,23,0,real_openml_creditcard_42397
29.25,8.72,181,COD,23,0,real_openml_creditcard_42397
124.67,2.23,189,Prepaid,12,0,real_openml_creditcard_42397
155.03,8.03,286,Prepaid,12,0,synthetic
99.41,3.71,184,Wallet,10,0,real_openml_creditcard_42397
47.21,10.04,213,Wallet,15,0,real_openml_creditcard_42397
27.1,12.55,225,COD,10,0,real_openml_creditcard_42397
647.94,29.99,993,COD,5,0,synthetic
375.61,100.99,1600,Prepaid,19,0,synthetic
198.46,74.91,1128,Wallet,15,0,synthetic
320.46,13.45,500,Wallet,19,0,synthetic
510.02,52.57,1140,Prepaid,9,0,synthetic
169.94,2.75,236,Wallet,21,0,real_openml_creditcard_42397
246.57,25.32,576,Wallet,0,0,synthetic
8.26,10.38,182,COD,18,0,real_openml_creditcard_42397
764.47,67.84,1552,COD,21,0,synthetic
189.7,8.52,323,Wallet,10,0,real_openml_creditcard_42397
42.22,9.17,198,Prepaid,8,0,real_openml_creditcard_42397
118.57,16.67,357,Wallet,0,0,synthetic
376.17,35.2,811,COD,15,0,real_openml_creditcard_42397
66.26,8.81,215,COD,7,0,synthetic
130.22,1.23,182,COD,15,0,real_openml_creditcard_42397
788.99,92.99,1876,Wallet,11,0,real_openml_creditcard_42397
662.49,11.86,789,Wallet,13,0,synthetic
226.92,59.82,972,Wallet,3,0,synthetic
118.33,48.13,734,COD,16,0,synthetic
17.38,11.03,198,COD,9,0,real_openml_creditcard_42397
50.97,7.18,182,Wallet,14,0,real_openml_creditcard_42397
360.4,12.7,527,COD,7,0,synthetic
159.63,0.86,204,Wallet,10,0,real_openml_creditcard_42397
129.23,8.64,270,COD,19,0,synthetic
268.41,87.04,1336,Wallet,4,0,synthetic
674.99,24.67,954,COD,11,0,synthetic
656.68,99.28,1832,COD,19,0,synthetic
84.39,4.92,185,Prepaid,0,0,real_openml_creditcard_42397
411.0,54.03,1068,COD,16,0,synthetic
294.03,47.22,881,Prepaid,10,0,synthetic
155.73,3.57,233,COD,14,0,real_openml_creditcard_42397
263.14,92.57,1398,Prepaid,12,0,synthetic
1.0,21.16,305,COD,5,0,real_openml_creditcard_42397
697.26,16.0,870,COD,19,0,synthetic
15.26,87.17,1110,COD,23,0,synthetic
172.26,85.27,1228,Prepaid,1,0,synthetic
436.08,49.96,1042,Wallet,18,0,synthetic
410.1,61.19,1153,Prepaid,6,0,synthetic
759.13,37.93,1188,Wallet,12,0,synthetic
319.02,73.79,1223,Prepaid,19,0,synthetic
675.24,12.9,813,COD,20,0,synthetic
672.55,38.38,1116,Prepaid,21,0,synthetic
22.28,10.91,201,COD,19,0,real_openml_creditcard_42397
37.03,8.72,188,Prepaid,5,0,real_openml_creditcard_42397
279.46,17.7,514,Prepaid,1,0,synthetic
71.66,5.63,182,COD,9,0,real_openml_creditcard_42397
280.09,111.55,1641,Wallet,8,0,synthetic
134.19,7.94,266,Prepaid,15,0,real_openml_creditcard_42397
206.55,84.63,1251,COD,19,0,synthetic
394.86,37.68,858,Prepaid,9,1,synthetic
132.42,86.68,1209,COD,21,0,synthetic
90.11,8.58,234,COD,23,0,real_openml_creditcard_42397
77.06,9.05,228,Wallet,16,0,real_openml_creditcard_42397
186.8,11.07,351,Wallet,2,0,synthetic
787.55,40.74,1248,Prepaid,15,0,synthetic
35.18,8.86,188,COD,22,0,real_openml_creditcard_42397
471.25,0.91,485,COD,21,0,real_openml_creditcard_42397
119.84,2.43,187,Prepaid,16,0,real_openml_creditcard_42397
138.44,0.7,183,Wallet,8,0,real_openml_creditcard_42397
41.93,71.27,943,COD,23,0,synthetic
29.61,8.95,184,Wallet,23,0,real_openml_creditcard_42397
114.5,4.91,212,Wallet,23,0,real_openml_creditcard_42397
342.68,79.7,1315,COD,22,0,synthetic
78.89,64.43,894,Prepaid,5,0,synthetic
80.36,7.81,216,COD,15,0,real_openml_creditcard_42397
431.99,15.97,630,Wallet,0,0,synthetic
781.64,115.84,2144,Prepaid,3,0,synthetic
761.48,54.2,1386,Prepaid,7,0,synthetic
136.99,32.23,560,Wallet,7,0,synthetic
484.25,70.24,1329,COD,22,0,synthetic
6.68,14.0,224,Prepaid,23,0,real_openml_creditcard_42397
56.21,89.75,1178,COD,14,0,synthetic
47.88,8.74,198,Wallet,19,0,real_openml_creditcard_42397
369.86,37.31,831,COD,22,0,synthetic
288.4,21.2,564,Wallet,17,1,synthetic
378.22,47.78,964,Prepaid,14,1,synthetic
624.14,24.51,906,COD,4,0,synthetic
696.97,40.06,1158,COD,1,0,synthetic
28.45,99.04,1264,Prepaid,3,0,synthetic
430.22,64.84,1215,Wallet,1,0,synthetic
563.02,10.35,681,COD,5,0,synthetic
444.04,26.21,764,Wallet,7,0,synthetic
64.86,6.64,188,Wallet,9,0,real_openml_creditcard_42397
755.15,20.54,976,COD,11,0,synthetic
306.01,10.66,453,Wallet,4,0,synthetic
711.3,111.54,2029,Prepaid,2,1,synthetic
68.6,96.38,1268,Prepaid,19,0,synthetic
426.46,68.56,1257,Prepaid,7,0,synthetic
27.28,9.95,194,COD,22,0,real_openml_creditcard_42397
199.01,7.99,325,Prepaid,18,0,real_openml_creditcard_42397
659.76,118.44,2065,Prepaid,20,0,synthetic
494.74,34.66,911,Prepaid,11,0,synthetic
480.19,116.76,1883,Wallet,9,0,synthetic
699.78,85.85,1710,COD,0,0,synthetic
11.1,74.96,960,COD,19,0,synthetic
230.58,2.08,282,COD,18,0,synthetic
298.79,6.32,395,COD,8,0,synthetic
190.08,109.49,1535,Wallet,14,0,synthetic
154.3,3.26,228,Prepaid,13,0,real_openml_creditcard_42397
52.04,7.1,182,COD,10,0,real_openml_creditcard_42397
666.19,82.28,1637,COD,20,0,synthetic
725.69,43.56,1226,Wallet,0,0,synthetic
552.64,52.49,1177,Prepaid,1,0,synthetic
225.7,8.41,354,Wallet,12,0,real_openml_creditcard_42397
154.27,6.76,270,Prepaid,23,0,real_openml_creditcard_42397
770.53,118.59,2167,Prepaid,23,0,synthetic
67.54,49.81,709,Wallet,11,0,synthetic
134.1,106.46,1448,COD,3,0,synthetic
94.98,8.21,234,Prepaid,17,0,real_openml_creditcard_42397
410.96,98.8,1605,Wallet,6,0,synthetic
155.96,67.62,1002,Wallet,15,0,synthetic
205.77,1.48,253,Wallet,10,0,real_openml_creditcard_42397
583.69,37.5,1025,Prepaid,11,0,synthetic
23.45,9.66,187,Wallet,18,0,real_openml_creditcard_42397
310.81,80.36,1294,COD,22,0,synthetic
75.31,7.43,207,Prepaid,18,0,real_openml_creditcard_42397
377.28,4.87,448,COD,6,0,real_openml_creditcard_42397
153.98,15.37,373,Wallet,12,0,real_openml_creditcard_42397
64.31,6.18,182,Prepaid,17,0,real_openml_creditcard_42397
639.76,112.86,1980,Prepaid,10,0,synthetic
633.47,52.11,1245,COD,16,0,synthetic
112.38,59.47,865,Prepaid,23,0,synthetic
691.3,96.19,1826,Wallet,2,0,synthetic
227.62,110.06,1576,COD,13,0,synthetic
170.31,27.42,532,Prepaid,4,0,synthetic
157.29,0.7,200,Prepaid,10,0,real_openml_creditcard_42397
209.39,2.63,270,Prepaid,18,0,real_openml_creditcard_42397
322.88,81.71,1321,Prepaid,23,0,synthetic
541.83,20.63,785,Wallet,9,0,synthetic
151.68,7.96,282,Prepaid,10,0,real_openml_creditcard_42397
207.9,1.32,253,Wallet,17,0,real_openml_creditcard_42397
549.55,82.08,1530,COD,0,0,synthetic
375.27,29.11,737,Wallet,7,0,synthetic
614.37,73.43,1484,Wallet,18,0,synthetic
117.29,2.45,185,Prepaid,20,0,real_openml_creditcard_42397
47.74,7.25,180,Wallet,22,0,real_openml_creditcard_42397
354.21,42.83,883,Prepaid,18,0,synthetic
113.14,7.6,243,COD,18,0,real_openml_creditcard_42397
119.44,4.46,211,Wallet,17,0,real_openml_creditcard_42397
569.66,29.3,914,COD,14,0,synthetic
64.44,6.33,184,Prepaid,6,0,real_openml_creditcard_42397
634.31,9.89,740,Prepaid,13,0,synthetic
551.76,67.36,1355,Wallet,2,0,synthetic
342.01,62.68,1110,COD,14,0,synthetic
83.96,4.95,185,Wallet,16,0,real_openml_creditcard_42397
727.46,4.91,764,Wallet,19,0,synthetic
502.07,27.61,833,Prepaid,3,0,synthetic
548.39,71.87,1406,COD,2,0,synthetic
41.25,9.07,196,Wallet,17,0,real_openml_creditcard_42397
645.75,112.46,1981,Prepaid,5,0,synthetic
719.78,13.56,860,Prepaid,15,0,synthetic
410.25,112.41,1768,COD,0,1,synthetic
690.92,91.33,1768,COD,1,0,synthetic
525.33,109.84,1841,COD,5,0,synthetic
192.53,0.89,234,Prepaid,8,0,real_openml_creditcard_42397
37.07,17.55,294,Wallet,11,0,real_openml_creditcard_42397
757.8,54.95,1391,COD,8,0,synthetic
525.65,30.34,887,COD,17,0,synthetic
400.03,21.29,666,Wallet,4,0,synthetic
454.84,98.2,1638,COD,23,0,synthetic
360.6,82.02,1359,Wallet,23,0,synthetic
100.33,18.23,359,Prepaid,20,0,real_openml_creditcard_42397
86.32,46.94,691,COD,13,0,real_openml_creditcard_42397
438.78,111.02,1777,COD,0,0,synthetic
730.25,110.41,2032,Prepaid,23,0,synthetic
178.09,14.6,385,Wallet,10,0,synthetic
1914.38,137.17,3419,Wallet,17,0,real_openml_creditcard_42397
453.02,87.7,1510,COD,16,0,synthetic
671.3,6.57,733,Prepaid,18,0,real_openml_creditcard_42397
621.06,20.84,859,COD,22,0,synthetic
778.28,18.77,976,Prepaid,2,0,synthetic
472.88,68.77,1301,Wallet,9,0,synthetic
694.38,77.21,1602,Prepaid,9,0,synthetic
795.28,7.08,851,Prepaid,8,1,synthetic
745.54,94.03,1849,Prepaid,20,0,synthetic
270.68,27.35,622,Prepaid,18,0,synthetic
299.25,109.19,1630,Wallet,14,0,synthetic
192.03,1.93,246,Wallet,15,0,real_openml_creditcard_42397
15.51,13.92,231,Prepaid,16,0,real_openml_creditcard_42397
5.91,10.97,187,Prepaid,20,0,real_openml_creditcard_42397
20.74,16.03,261,Wallet,22,0,real_openml_creditcard_42397
593.86,59.95,1304,Wallet,1,0,synthetic
574.49,114.17,1937,COD,10,0,synthetic
9.91,10.17,181,Prepaid,20,0,real_openml_creditcard_42397
424.96,85.89,1463,COD,4,0,synthetic
261.18,81.73,1266,Prepaid,10,1,synthetic
266.5,100.95,1501,Prepaid,23,0,synthetic
617.41,26.88,928,COD,11,1,synthetic
604.47,24.53,888,Prepaid,11,0,synthetic
306.77,118.16,1744,Prepaid,8,0,synthetic
521.48,3.47,561,Prepaid,21,0,real_openml_creditcard_42397
68.11,116.88,1514,COD,10,0,synthetic
104.28,8.26,243,Wallet,16,0,real_openml_creditcard_42397
41.97,12.54,238,COD,1,0,synthetic
734.38,42.53,1221,Wallet,2,0,synthetic
396.25,65.48,1192,Wallet,8,0,synthetic
46.81,75.23,995,Prepaid,19,0,synthetic
24.02,9.2,182,Prepaid,23,0,real_openml_creditcard_42397
601.44,14.71,768,COD,18,0,synthetic
8.08,10.64,185,COD,22,0,real_openml_creditcard_42397
1500.82,124.94,2900,Prepaid,10,0,real_openml_creditcard_42397
751.46,29.55,1081,Prepaid,18,0,synthetic
623.04,90.76,1700,Prepaid,17,0,synthetic
210.16,110.59,1566,Wallet,6,0,synthetic
146.73,1.58,201,Wallet,18,0,real_openml_creditcard_42397
98.14,9.56,253,COD,1,0,real_openml_creditcard_42397
471.49,51.72,1095,Prepaid,0,0,synthetic
339.74,47.04,920,COD,7,0,synthetic
548.56,6.78,625,COD,15,0,synthetic
102.37,112.56,1493,Prepaid,5,0,synthetic
718.12,83.33,1696,Prepaid,22,0,synthetic
13.06,12.85,216,Wallet,9,0,real_openml_creditcard_42397
218.41,112.48,1596,Wallet,8,0,synthetic
720.71,66.27,1494,Wallet,7,0,synthetic
120.21,116.6,1557,Wallet,2,0,synthetic
116.78,2.24,182,Wallet,10,0,real_openml_creditcard_42397
9.49,10.29,182,COD,23,0,real_openml_creditcard_42397
424.56,13.41,593,Wallet,10,0,real_openml_creditcard_42397
84.94,49.05,715,Wallet,8,0,real_openml_creditcard_42397
177.65,23.34,490,COD,6,0,real_openml_creditcard_42397
505.76,90.86,1595,Wallet,10,0,synthetic
422.9,117.77,1844,Prepaid,4,0,synthetic
260.97,103.97,1532,Wallet,0,0,synthetic
248.42,66.06,1066,COD,3,0,synthetic
195.55,11.25,361,Prepaid,9,0,real_openml_creditcard_42397
144.95,1.05,193,Wallet,21,0,real_openml_creditcard_42397
288.41,77.31,1237,Prepaid,0,0,synthetic
96.95,9.4,250,COD,15,0,real_openml_creditcard_42397
638.24,31.78,1006,Wallet,21,0,synthetic
761.98,55.07,1397,Wallet,6,0,synthetic
59.41,14.88,282,Wallet,16,0,real_openml_creditcard_42397
141.76,2.7,210,COD,3,0,real_openml_creditcard_42397
487.39,91.94,1592,Prepaid,2,0,synthetic
773.79,81.34,1722,COD,16,0,synthetic
183.92,18.96,443,Prepaid,13,0,real_openml_creditcard_42397
92.95,5.95,205,Wallet,19,0,real_openml_creditcard_42397
127.84,2.25,192,COD,17,0,real_openml_creditcard_42397
192.32,31.03,596,Wallet,21,0,synthetic
381.55,61.3,1129,Wallet,12,0,synthetic
394.36,53.31,1045,Prepaid,4,0,synthetic
145.38,1.1,194,Wallet,11,0,real_openml_creditcard_42397
65.32,8.93,216,Prepaid,16,0,real_openml_creditcard_42397
115.71,24.24,445,COD,9,0,real_openml_creditcard_42397
108.69,3.02,184,COD,5,0,real_openml_creditcard_42397
271.75,23.4,575,COD,6,0,synthetic
770.8,70.02,1584,COD,14,0,synthetic
23.77,23.72,356,Prepaid,20,0,real_openml_creditcard_42397
552.72,111.45,1885,Prepaid,13,0,synthetic
221.97,2.02,274,Prepaid,18,0,real_openml_creditcard_42397
286.56,49.01,896,Prepaid,19,0,synthetic
632.56,85.03,1640,Prepaid,22,0,synthetic
86.43,84.77,1145,COD,7,0,synthetic
71.16,59.41,827,COD,16,0,synthetic
257.91,12.32,430,Wallet,15,0,real_openml_creditcard_42397
644.62,26.37,947,COD,2,0,synthetic
214.0,10.78,372,COD,21,0,real_openml_creditcard_42397
57.39,6.95,185,Prepaid,17,0,real_openml_creditcard_42397
51.67,101.38,1313,Wallet,9,0,synthetic
439.13,104.9,1704,Prepaid,15,0,synthetic
408.06,21.29,673,Prepaid,10,0,synthetic
778.96,49.23,1342,COD,13,0,synthetic
366.77,111.77,1721,COD,18,0,synthetic
127.56,14.52,339,COD,21,0,real_openml_creditcard_42397
180.93,12.35,361,Wallet,19,0,real_openml_creditcard_42397
666.9,25.01,950,COD,11,0,synthetic
56.3,8.11,198,Prepaid,10,0,real_openml_creditcard_42397
88.1,14.48,303,Wallet,9,0,real_openml_creditcard_42397
730.12,3.13,745,Wallet,3,0,synthetic
102.55,51.44,760,Wallet,5,0,synthetic
703.91,105.16,1945,Wallet,1,0,synthetic
59.12,10.15,225,COD,0,0,real_openml_creditcard_42397
50.36,7.47,185,COD,20,0,real_openml_creditcard_42397
468.92,90.22,1555,Wallet,12,0,synthetic
4.97,10.63,182,COD,8,0,real_openml_creditcard_42397
593.73,12.99,740,Prepaid,5,1,synthetic
118.13,2.22,183,Wallet,16,0,real_openml_creditcard_42397
204.45,3.42,275,Prepaid,14,0,real_openml_creditcard_42397
31.92,71.69,939,COD,10,0,synthetic
136.72,1.33,189,Wallet,18,0,real_openml_creditcard_42397
67.01,8.56,213,COD,8,0,real_openml_creditcard_42397
772.7,103.75,1990,COD,11,0,synthetic
48.17,8.72,198,Prepaid,1,0,real_openml_creditcard_42397
532.37,37.0,973,Wallet,0,0,synthetic
330.68,54.81,1005,COD,0,0,synthetic
10.36,61.33,795,COD,0,0,synthetic
315.15,7.62,425,Wallet,19,0,synthetic
165.91,22.35,468,Wallet,23,0,synthetic
472.35,21.52,733,Prepaid,17,0,synthetic
720.64,61.64,1438,Wallet,5,0,synthetic
32.25,28.65,423,COD,18,0,synthetic
76.78,5.82,189,COD,20,0,real_openml_creditcard_42397
72.07,52.34,743,Prepaid,11,0,real_openml_creditcard_42397
24.95,13.11,230,Wallet,17,0,synthetic
144.52,8.74,285,Prepaid,13,0,real_openml_creditcard_42397
301.55,21.13,575,COD,1,0,real_openml_creditcard_42397
394.79,0.89,416,Prepaid,10,0,real_openml_creditcard_42397
364.12,45.6,925,Prepaid,11,0,synthetic
38.98,8.24,184,Wallet,13,0,real_openml_creditcard_42397
741.63,73.25,1596,Prepaid,2,0,synthetic
356.99,108.18,1670,Prepaid,9,0,synthetic
209.51,27.12,564,Wallet,6,0,real_openml_creditcard_42397
44.28,98.38,1270,COD,6,0,synthetic
503.71,12.82,657,COD,15,1,synthetic
73.2,77.4,1045,Wallet,18,0,synthetic
56.56,104.12,1350,Wallet,19,0,synthetic
306.42,4.22,376,Wallet,7,0,synthetic
132.4,1.07,182,COD,14,0,real_openml_creditcard_42397
702.14,114.54,2056,COD,21,0,synthetic
44.65,22.73,363,Prepaid,11,0,real_openml_creditcard_42397
125.28,33.1,560,COD,17,0,real_openml_creditcard_42397
61.16,22.41,374,Prepaid,6,0,real_openml_creditcard_42397
541.65,70.47,1383,COD,21,0,synthetic
587.68,91.77,1680,Wallet,14,0,synthetic
489.91,2.09,516,Prepaid,12,0,real_openml_creditcard_42397
2459.36,32.96,2659,Wallet,9,0,real_openml_creditcard_42397
597.8,41.01,1080,Prepaid,18,0,synthetic
419.2,67.23,1234,Wallet,3,0,synthetic
523.83,0.8,531,Wallet,23,0,real_openml_creditcard_42397
29.98,8.92,184,Wallet,21,0,real_openml_creditcard_42397
762.52,5.97,808,Wallet,12,0,synthetic
213.01,28.15,580,Wallet,12,0,synthetic
95.39,22.66,408,Prepaid,17,0,synthetic
641.71,20.84,878,Prepaid,19,0,synthetic
21.89,11.44,207,COD,20,0,real_openml_creditcard_42397
255.07,60.79,1009,Wallet,17,0,synthetic
105.82,3.23,184,COD,16,0,real_openml_creditcard_42397
89.47,114.75,1507,COD,19,0,synthetic
119.83,6.1,231,Wallet,22,0,real_openml_creditcard_42397
212.71,1.8,263,Wallet,9,0,real_openml_creditcard_42397
454.04,0.61,466,COD,10,0,real_openml_creditcard_42397
506.82,5.83,576,COD,8,0,synthetic
48.59,16.27,289,Wallet,18,0,real_openml_creditcard_42397
90.86,7.02,216,COD,11,0,real_openml_creditcard_42397
103.47,11.43,280,Wallet,5,0,synthetic
440.57,21.44,704,Wallet,23,0,synthetic
120.12,63.77,923,Prepaid,18,0,synthetic
554.52,76.07,1462,COD,4,0,synthetic
217.61,11.68,386,COD,14,0,real_openml_creditcard_42397
67.32,14.12,280,COD,17,0,real_openml_creditcard_42397
477.32,108.24,1778,Prepaid,11,0,synthetic
52.96,7.61,189,Wallet,23,0,real_openml_creditcard_42397
87.81,4.41,182,Prepaid,16,0,real_openml_creditcard_42397
4.17,11.1,187,COD,17,0,real_openml_creditcard_42397
546.67,104.73,1799,COD,19,0,synthetic
367.0,33.3,780,COD,4,0,synthetic
73.09,5.52,182,COD,13,0,real_openml_creditcard_42397
592.61,7.76,677,Prepaid,5,0,synthetic
56.8,8.07,198,Prepaid,11,0,real_openml_creditcard_42397
21.09,9.5,183,COD,14,0,real_openml_creditcard_42397
387.45,102.27,1626,Wallet,21,0,synthetic
69.26,26.49,430,Prepaid,8,0,synthetic
148.98,1.58,203,Prepaid,19,0,real_openml_creditcard_42397
531.15,109.28,1839,Wallet,10,0,synthetic
126.92,12.87,319,Prepaid,16,0,synthetic
400.98,49.06,1000,COD,0,0,synthetic
29.82,8.93,184,COD,11,0,real_openml_creditcard_42397
596.28,39.96,1066,COD,20,0,synthetic
598.37,104.27,1840,COD,4,1,synthetic
2828.31,10.21,2718,Wallet,11,0,real_openml_creditcard_42397
363.87,59.96,1097,Wallet,11,0,synthetic
785.87,117.77,2171,Wallet,8,0,synthetic
757.61,39.26,1203,Prepaid,3,0,synthetic
522.08,1.43,537,Prepaid,15,0,real_openml_creditcard_42397
773.54,26.23,1061,Wallet,3,0,synthetic
50.75,7.19,182,Prepaid,21,0,real_openml_creditcard_42397
241.75,87.23,1314,Wallet,6,0,synthetic
423.7,4.89,490,Wallet,11,0,real_openml_creditcard_42397
340.96,0.93,368,COD,15,0,real_openml_creditcard_42397
74.54,5.66,185,Wallet,21,0,real_openml_creditcard_42397
42.32,83.91,1095,Wallet,5,0,synthetic
364.34,104.31,1630,Wallet,20,0,synthetic
536.72,74.43,1426,COD,13,0,synthetic
474.19,5.67,545,COD,6,0,synthetic
1008.58,2.36,986,Prepaid,19,0,real_openml_creditcard_42397
99.25,81.31,1115,Wallet,12,0,synthetic
448.16,48.38,1034,Wallet,17,0,synthetic
124.72,1.65,182,COD,0,0,real_openml_creditcard_42397
429.98,88.83,1503,Wallet,13,0,real_openml_creditcard_42397
207.37,29.78,594,Wallet,16,0,synthetic
201.65,63.24,990,Prepaid,0,0,synthetic
337.77,2.42,383,Prepaid,14,0,real_openml_creditcard_42397
191.41,68.51,1044,Prepaid,2,0,synthetic
98.45,69.51,973,Wallet,16,0,synthetic
673.16,38.14,1114,Wallet,23,1,synthetic
660.82,11.33,781,COD,3,0,synthetic
65.55,13.5,271,COD,22,0,real_openml_creditcard_42397
468.48,110.44,1797,Wallet,7,0,synthetic
372.73,68.0,1201,Wallet,18,0,synthetic
523.04,42.18,1027,Prepaid,19,1,synthetic
229.2,48.24,835,Prepaid,19,1,synthetic
444.15,74.85,1348,COD,15,0,synthetic
692.56,77.11,1599,COD,21,1,synthetic
117.29,2.2,182,Wallet,22,0,real_openml_creditcard_42397
185.6,4.5,271,COD,17,0,real_openml_creditcard_42397
81.55,93.19,1242,COD,15,0,synthetic
108.41,8.45,249,COD,13,0,real_openml_creditcard_42397
484.62,45.47,1032,Wallet,0,0,synthetic
29.28,87.39,1125,COD,15,0,synthetic
79.81,108.83,1428,Prepaid,20,0,synthetic
201.67,2.54,262,Prepaid,9,0,real_openml_creditcard_42397
46.08,7.46,181,Wallet,12,0,real_openml_creditcard_42397
689.35,58.04,1367,Wallet,8,0,synthetic
758.8,67.92,1548,Wallet,22,0,synthetic
683.36,102.5,1895,Prepaid,17,0,synthetic
561.73,65.4,1340,COD,0,0,synthetic
14.33,10.09,184,Wallet,10,0,real_openml_creditcard_42397
267.58,34.11,700,Wallet,5,1,synthetic
632.2,23.74,904,Wallet,10,0,synthetic
8.42,16.95,261,Prepaid,12,0,real_openml_creditcard_42397
717.7,76.67,1616,Wallet,12,0,synthetic
33.9,10.54,207,Wallet,14,0,real_openml_creditcard_42397
93.17,5.76,203,COD,11,0,real_openml_creditcard_42397
773.16,51.62,1365,COD,10,0,synthetic
46.93,8.9,199,Prepaid,23,0,real_openml_creditcard_42397
474.08,22.06,741,Wallet,21,0,synthetic
221.2,119.58,1684,COD,1,0,synthetic
31.02,11.09,211,Prepaid,21,0,real_openml_creditcard_42397
51.56,56.57,775,Wallet,10,0,synthetic
776.18,3.72,793,Prepaid,21,0,synthetic
32.29,8.83,185,COD,20,0,real_openml_creditcard_42397
58.77,6.51,181,Prepaid,23,0,real_openml_creditcard_42397
195.43,36.45,663,Prepaid,18,0,synthetic
242.34,82.77,1261,COD,23,0,synthetic
34.98,8.38,182,COD,6,0,real_openml_creditcard_42397
58.27,9.3,214,COD,18,0,real_openml_creditcard_42397
13.86,98.59,1246,COD,6,0,synthetic
303.23,115.73,1712,Wallet,16,0,synthetic
42.26,43.59,611,COD,23,0,synthetic
118.15,3.47,198,COD,23,0,real_openml_creditcard_42397
135.58,16.16,366,COD,23,0,real_openml_creditcard_42397
782.35,14.09,923,Wallet,7,0,synthetic
40.33,32.77,480,COD,4,0,synthetic
6.63,14.59,231,Wallet,8,0,real_openml_creditcard_42397
16.14,9.96,184,COD,23,0,real_openml_creditcard_42397
24.04,10.11,193,COD,13,0,real_openml_creditcard_42397
389.87,112.72,1753,Wallet,20,0,synthetic
302.89,63.89,1089,Prepaid,4,1,synthetic
569.42,2.7,595,Prepaid,7,0,synthetic
203.82,28.64,577,Prepaid,21,0,synthetic
662.35,15.41,831,Prepaid,5,0,synthetic
205.39,81.05,1207,Wallet,4,0,synthetic
62.43,21.23,361,Wallet,6,0,real_openml_creditcard_42397
314.59,2.24,360,COD,21,0,real_openml_creditcard_42397
562.89,112.12,1902,Wallet,12,0,synthetic
441.29,19.21,678,Prepaid,10,0,synthetic
325.22,82.36,1331,Wallet,14,0,synthetic
67.5,8.19,209,Prepaid,3,0,real_openml_creditcard_42397
24.6,22.66,344,Prepaid,22,0,real_openml_creditcard_42397
419.97,14.01,596,Prepaid,21,0,synthetic
487.74,85.95,1520,Prepaid,14,0,synthetic
233.09,49.76,857,Wallet,0,0,synthetic
678.87,51.93,1284,Wallet,17,0,synthetic
15.98,12.13,210,Prepaid,22,0,real_openml_creditcard_42397
644.01,46.8,1191,COD,21,0,synthetic
500.61,0.97,512,Prepaid,21,0,synthetic
24.09,9.36,184,Wallet,11,0,real_openml_creditcard_42397
267.18,92.27,1398,COD,12,0,synthetic
125.79,1.82,185,COD,16,0,real_openml_creditcard_42397
39.77,86.58,1125,COD,2,0,synthetic
316.07,1.63,354,Wallet,16,0,real_openml_creditcard_42397
651.12,69.32,1468,Wallet,1,0,synthetic
8.54,10.28,181,COD,16,0,real_openml_creditcard_42397
411.63,48.05,997,COD,13,0,synthetic
14.48,11.58,202,Wallet,19,0,real_openml_creditcard_42397
472.76,63.98,1243,Wallet,15,0,synthetic
344.67,39.01,828,COD,10,0,synthetic
96.32,3.78,182,Wallet,21,0,real_openml_creditcard_42397
13.82,34.27,474,Prepaid,2,0,synthetic
45.0,33.04,487,COD,8,0,synthetic
559.72,96.43,1711,COD,16,1,synthetic
375.26,107.15,1674,COD,7,0,synthetic
724.3,62.86,1456,Wallet,10,0,synthetic
62.06,11.43,243,COD,12,0,real_openml_creditcard_42397
563.63,35.63,985,Prepaid,2,0,synthetic
144.4,1.25,195,Wallet,10,0,real_openml_creditcard_42397
345.8,36.66,801,Prepaid,18,0,synthetic
472.11,92.98,1591,Prepaid,7,1,synthetic
473.82,107.92,1772,Wallet,22,0,synthetic
452.27,28.02,793,COD,15,1,synthetic
578.6,45.99,1123,Prepaid,1,0,synthetic
139.5,7.37,264,COD,17,0,real_openml_creditcard_42397
149.64,74.76,1082,Prepaid,2,0,synthetic
631.46,104.49,1872,Wallet,8,0,synthetic
110.95,8.93,257,Wallet,22,0,real_openml_creditcard_42397
636.93,70.17,1465,COD,2,0,synthetic
82.45,109.31,1436,Wallet,4,0,synthetic
57.95,96.99,1266,Wallet,14,0,synthetic
71.73,20.09,356,Prepaid,21,0,synthetic
745.61,53.78,1366,Prepaid,23,0,synthetic
90.82,5.52,198,COD,16,0,real_openml_creditcard_42397
657.73,107.76,1935,Wallet,0,0,synthetic
154.9,0.88,200,Wallet,17,0,real_openml_creditcard_42397
2.49,102.06,1277,Wallet,21,0,synthetic
65.44,6.09,182,Prepaid,19,0,real_openml_creditcard_42397
217.92,23.57,529,Prepaid,0,1,synthetic
485.36,77.07,1412,COD,2,0,synthetic
381.65,21.7,654,Prepaid,4,0,synthetic
45.99,31.72,472,Prepaid,10,0,real_openml_creditcard_42397
96.27,3.86,183,Prepaid,16,0,real_openml_creditcard_42397
445.55,64.17,1221,Wallet,16,0,synthetic
115.45,4.42,207,Wallet,21,0,real_openml_creditcard_42397
121.71,2.21,186,Wallet,20,0,real_openml_creditcard_42397
782.84,47.71,1327,COD,20,0,synthetic
154.8,2.22,216,COD,18,0,real_openml_creditcard_42397
383.94,95.91,1546,Wallet,12,0,synthetic
748.34,48.49,1305,Prepaid,8,0,synthetic
77.51,96.15,1274,Prepaid,12,0,synthetic
496.5,76.89,1419,Wallet,12,1,synthetic
150.98,2.76,219,Wallet,9,0,real_openml_creditcard_42397
557.37,97.34,1720,Prepaid,5,0,synthetic
499.4,93.54,1622,Prepaid,5,0,synthetic
100.11,10.83,270,Wallet,23,0,real_openml_creditcard_42397
555.49,23.15,828,Wallet,15,0,synthetic
493.63,37.05,939,Wallet,13,0,synthetic
132.89,1.28,185,COD,12,0,real_openml_creditcard_42397
344.64,28.33,700,COD,11,0,synthetic
289.99,20.42,556,Prepaid,10,0,real_openml_creditcard_42397
639.36,46.15,1179,COD,6,0,synthetic
218.09,57.66,938,Prepaid,16,0,synthetic
40.25,8.56,189,Prepaid,22,0,real_openml_creditcard_42397
649.0,52.56,1265,Wallet,13,0,synthetic
11.5,12.47,210,Prepaid,20,0,real_openml_creditcard_42397
287.82,98.4,1490,Wallet,11,0,synthetic
173.77,38.94,674,Prepaid,16,0,synthetic
97.16,59.53,852,Prepaid,15,0,synthetic
634.18,31.92,1004,COD,11,0,synthetic
517.37,40.92,1007,Wallet,5,0,synthetic
356.99,19.03,600,Prepaid,18,0,synthetic
275.54,82.23,1285,COD,5,0,synthetic
118.99,2.83,191,COD,18,0,real_openml_creditcard_42397
119.33,42.54,668,COD,23,0,synthetic
237.92,4.41,317,COD,13,0,real_openml_creditcard_42397
128.54,1.61,185,Prepaid,15,0,real_openml_creditcard_42397
181.69,3.29,253,COD,22,0,real_openml_creditcard_42397
652.98,82.96,1633,Wallet,8,0,synthetic
44.06,7.86,184,COD,11,0,real_openml_creditcard_42397
123.12,7.93,256,COD,8,0,real_openml_creditcard_42397
213.49,72.2,1109,COD,8,0,synthetic
298.57,57.14,1004,COD,21,0,synthetic
754.21,1.38,745,COD,3,0,synthetic
539.47,65.97,1327,COD,19,0,synthetic
778.53,12.02,895,COD,22,0,synthetic
115.13,15.2,336,Wallet,9,0,real_openml_creditcard_42397
22.6,15.14,252,Prepaid,11,0,real_openml_creditcard_42397
763.14,47.56,1308,Wallet,17,0,synthetic
514.81,98.36,1694,COD,9,0,synthetic
452.67,7.91,552,COD,6,0,synthetic
142.59,97.58,1349,Wallet,22,0,synthetic
759.09,70.99,1585,Prepaid,13,0,synthetic
398.22,97.66,1580,COD,16,0,synthetic
374.83,35.82,817,Prepaid,19,0,synthetic
280.94,74.28,1194,Wallet,5,0,synthetic
134.63,70.39,1016,Wallet,23,0,synthetic
203.49,3.57,276,COD,19,0,real_openml_creditcard_42397
117.07,17.99,371,Prepaid,22,0,synthetic
628.48,119.39,2048,Wallet,20,1,synthetic
22.65,114.12,1440,COD,11,0,synthetic
333.42,82.22,1337,COD,20,0,synthetic
375.82,32.06,773,Prepaid,23,0,synthetic
490.17,46.75,1052,Wallet,3,0,synthetic
389.84,6.56,480,Prepaid,14,0,synthetic
60.77,7.78,198,COD,21,0,real_openml_creditcard_42397
305.35,17.52,535,Wallet,10,0,real_openml_creditcard_42397
683.63,79.87,1624,COD,4,0,synthetic
333.84,114.36,1723,Prepaid,21,0,synthetic
550.35,1.09,558,Wallet,18,0,synthetic
120.8,2.52,189,Prepaid,19,0,real_openml_creditcard_42397
104.92,20.05,385,Wallet,1,0,real_openml_creditcard_42397
102.74,3.46,184,COD,17,0,real_openml_creditcard_42397
45.51,16.5,289,COD,22,0,real_openml_creditcard_42397
303.96,64.17,1094,Prepaid,15,0,synthetic
1.51,77.56,982,Wallet,23,0,synthetic
85.1,5.12,188,Wallet,21,0,real_openml_creditcard_42397
170.59,2.71,236,COD,15,0,real_openml_creditcard_42397
30.67,10.45,203,Prepaid,10,0,real_openml_creditcard_42397
79.86,36.07,555,Wallet,13,0,synthetic
4.78,10.72,183,COD,10,0,real_openml_creditcard_42397
56.36,10.36,225,Wallet,0,0,real_openml_creditcard_42397
77.12,7.3,207,Prepaid,17,0,real_openml_creditcard_42397
447.86,111.2,1787,Wallet,23,0,synthetic
29.88,11.59,216,Prepaid,21,0,real_openml_creditcard_42397
335.1,43.14,869,Prepaid,0,0,synthetic
437.46,58.19,1142,Wallet,14,0,synthetic
524.68,98.45,1704,COD,18,0,synthetic
141.68,1.21,192,Wallet,20,0,real_openml_creditcard_42397
712.08,117.14,2097,Wallet,19,0,synthetic
752.93,94.86,1866,COD,14,0,synthetic
700.94,64.95,1460,COD,11,0,synthetic
229.77,84.74,1274,Wallet,12,0,synthetic
94.55,26.24,450,Prepaid,22,0,real_openml_creditcard_42397
147.02,1.56,201,Prepaid,5,0,real_openml_creditcard_42397
3.62,11.73,194,COD,16,0,real_openml_creditcard_42397
137.56,0.85,184,COD,20,0,real_openml_creditcard_42397
45.62,8.91,198,Wallet,14,0,real_openml_creditcard_42397
3.43,65.31,837,COD,5,0,synthetic
152.58,4.06,236,Prepaid,14,0,real_openml_creditcard_42397
428.62,61.88,1178,Prepaid,16,0,synthetic
216.02,19.01,473,Wallet,1,0,synthetic
248.09,24.78,571,COD,18,0,synthetic
378.64,60.25,1114,COD,4,0,synthetic
110.86,16.98,354,Prepaid,6,0,synthetic
776.94,31.43,1126,Prepaid,21,0,synthetic
139.86,16.0,368,COD,17,0,synthetic
776.57,42.99,1265,COD,12,0,synthetic
275.41,67.68,1110,Wallet,15,0,real_openml_creditcard_42397
713.13,78.14,1629,Prepaid,9,0,synthetic
227.13,16.93,458,Prepaid,4,0,synthetic
457.99,26.05,775,Wallet,1,0,synthetic
49.8,35.67,523,COD,18,0,synthetic
312.16,28.87,677,Prepaid,5,0,synthetic
253.37,15.66,466,Prepaid,17,0,real_openml_creditcard_42397
179.61,7.86,306,Prepaid,15,0,real_openml_creditcard_42397
396.0,36.08,839,Wallet,12,0,synthetic
20.9,10.68,197,Wallet,14,0,real_openml_creditcard_42397
714.93,54.48,1347,Wallet,15,0,synthetic
186.73,93.39,1339,Wallet,13,0,synthetic
508.49,73.65,1391,COD,1,0,synthetic
147.43,3.61,226,Prepaid,9,0,real_openml_creditcard_42397
221.06,105.97,1521,Prepaid,4,0,synthetic
138.24,1.13,188,Wallet,4,0,real_openml_creditcard_42397
347.29,13.67,527,COD,8,0,synthetic
93.84,76.7,1055,Prepaid,10,0,synthetic
28.69,32.1,461,Prepaid,16,0,synthetic
71.84,63.23,873,COD,0,0,synthetic
504.09,16.82,705,Wallet,1,0,synthetic
656.65,9.69,757,Wallet,6,1,synthetic
503.18,21.02,755,Wallet,19,0,synthetic
302.9,61.21,1057,Wallet,14,0,synthetic
57.0,61.47,839,COD,23,0,synthetic
186.46,19.52,452,Prepaid,17,0,real_openml_creditcard_42397
652.59,95.27,1781,Wallet,0,0,synthetic
139.96,13.0,332,Prepaid,23,0,real_openml_creditcard_42397
535.22,96.95,1695,COD,11,0,synthetic
122.46,1.73,181,Wallet,18,0,real_openml_creditcard_42397
135.3,115.11,1553,Prepaid,4,0,synthetic
336.48,3.35,393,Wallet,18,0,real_openml_creditcard_42397
560.17,108.31,1854,COD,1,0,synthetic
700.17,112.5,2030,Prepaid,13,0,synthetic
547.76,66.3,1339,Wallet,19,0,synthetic
26.78,71.82,936,Wallet,8,0,synthetic
506.37,47.76,1079,COD,3,0,synthetic
3.76,63.44,815,COD,6,0,synthetic
573.83,82.72,1559,COD,14,0,synthetic
35.32,8.6,185,Wallet,6,0,real_openml_creditcard_42397
629.2,101.91,1839,Wallet,3,0,synthetic
217.01,92.29,1353,COD,19,0,synthetic
9.68,28.68,403,COD,18,0,synthetic
249.81,110.99,1607,Prepaid,4,0,synthetic
772.52,86.48,1783,Prepaid,4,0,synthetic
179.54,8.62,315,Wallet,13,0,real_openml_creditcard_42397
161.23,1.57,214,COD,21,0,real_openml_creditcard_42397
37.08,8.05,180,Prepaid,23,0,real_openml_creditcard_42397
269.88,104.26,1544,COD,3,0,synthetic
175.98,90.25,1291,COD,9,0,synthetic
214.18,5.44,308,Prepaid,19,0,real_openml_creditcard_42397
738.78,99.41,1908,Wallet,1,0,synthetic
34.28,57.35,769,Wallet,17,0,real_openml_creditcard_42397
424.2,101.8,1653,COD,20,0,synthetic
71.96,99.41,1308,Wallet,15,0,synthetic
140.46,2.3,204,Prepaid,10,0,real_openml_creditcard_42397
96.7,78.23,1076,COD,12,0,synthetic
27.69,8.92,182,COD,9,0,real_openml_creditcard_42397
1037.82,23.0,1260,Prepaid,14,0,real_openml_creditcard_42397
6.35,42.94,571,COD,9,0,synthetic
250.9,7.1,361,COD,14,0,real_openml_creditcard_42397
202.94,63.33,993,Prepaid,22,0,synthetic
147.74,1.92,206,COD,13,0,real_openml_creditcard_42397
82.33,4.74,181,Wallet,18,0,real_openml_creditcard_42397
158.31,17.96,408,COD,7,0,real_openml_creditcard_42397
351.35,4.48,420,Wallet,11,0,real_openml_creditcard_42397
632.29,27.36,947,Wallet,11,1,synthetic
55.27,109.18,1410,COD,4,0,synthetic
7.56,10.43,182,COD,22,0,real_openml_creditcard_42397
105.88,2.98,181,Wallet,19,0,real_openml_creditcard_42397
283.37,46.48,863,Prepaid,23,0,synthetic
78.27,6.96,204,Wallet,9,0,real_openml_creditcard_42397
204.41,118.47,1656,Wallet,10,0,synthetic
560.74,48.78,1140,Prepaid,2,0,synthetic
376.52,49.89,988,Prepaid,22,0,synthetic
881.51,41.3,1339,COD,9,0,real_openml_creditcard_42397
641.35,75.77,1536,COD,6,0,synthetic
582.61,42.22,1081,Wallet,13,0,synthetic
337.85,9.08,463,Prepaid,18,0,real_openml_creditcard_42397
254.76,36.6,718,Wallet,7,0,synthetic
130.52,2.88,202,Prepaid,23,0,real_openml_creditcard_42397
43.93,7.87,184,COD,21,0,real_openml_creditcard_42397
362.23,110.67,1704,Prepaid,19,0,synthetic
180.35,4.14,262,COD,19,0,real_openml_creditcard_42397
58.91,7.58,194,Wallet,19,0,real_openml_creditcard_42397
126.67,3.75,209,Prepaid,15,0,real_openml_creditcard_42397
509.14,10.74,637,Wallet,12,0,synthetic
55.79,46.07,653,Wallet,11,0,synthetic
242.44,59.35,980,COD,15,0,synthetic
103.01,69.23,974,Prepaid,9,0,synthetic
54.25,87.8,1152,Prepaid,10,0,synthetic
8.97,11.08,191,Prepaid,21,0,real_openml_creditcard_42397
96.97,118.08,1554,Wallet,12,0,synthetic
523.06,43.44,1042,Prepaid,13,0,synthetic
120.16,2.57,189,COD,22,0,real_openml_creditcard_42397
51.4,7.89,191,COD,17,0,real_openml_creditcard_42397
125.4,93.36,1283,Prepaid,11,0,synthetic
359.36,19.55,608,COD,15,0,real_openml_creditcard_42397
27.86,12.16,221,Wallet,11,0,real_openml_creditcard_42397
112.83,2.95,187,Wallet,18,0,real_openml_creditcard_42397
648.26,70.33,1477,Prepaid,21,0,synthetic
128.37,8.71,270,Prepaid,21,0,real_openml_creditcard_42397
93.62,47.15,700,Wallet,4,0,synthetic
12.95,117.86,1476,Prepaid,4,0,synthetic
72.45,6.9,198,Prepaid,17,0,real_openml_creditcard_42397
32.49,9.31,191,Prepaid,16,0,real_openml_creditcard_42397
231.99,84.15,1269,COD,23,0,synthetic
565.28,67.23,1365,Wallet,15,0,synthetic
33.57,8.57,183,Wallet,11,0,real_openml_creditcard_42397
148.26,2.8,217,Wallet,18,0,real_openml_creditcard_42397
215.38,63.33,1004,COD,19,0,synthetic
218.39,92.46,1356,Wallet,11,0,synthetic
286.37,42.94,823,Wallet,20,0,synthetic
32.26,4.93,138,COD,11,0,synthetic
99.05,3.74,184,COD,14,0,real_openml_creditcard_42397
281.83,94.23,1434,COD,20,0,synthetic
387.7,68.22,1218,Prepaid,4,0,synthetic
88.02,5.32,193,Wallet,20,0,real_openml_creditcard_42397
132.69,2.38,198,Prepaid,14,0,real_openml_creditcard_42397
536.78,11.23,668,COD,8,0,synthetic
440.25,27.47,776,COD,15,0,synthetic
203.67,0.56,240,Wallet,18,0,real_openml_creditcard_42397
289.18,101.62,1530,Wallet,14,0,synthetic
87.91,6.66,209,Wallet,9,0,real_openml_creditcard_42397
61.69,6.21,180,Prepaid,17,0,real_openml_creditcard_42397
394.37,3.29,444,Wallet,3,0,synthetic
21.26,83.48,1071,Wallet,6,0,synthetic
112.1,34.86,569,COD,19,0,synthetic
60.81,19.86,343,Prepaid,13,0,real_openml_creditcard_42397
679.99,57.87,1356,Wallet,13,0,synthetic
398.68,21.94,672,Prepaid,4,0,synthetic
408.62,4.8,475,Prepaid,14,0,synthetic
100.19,3.57,183,COD,11,0,real_openml_creditcard_42397
137.26,1.97,197,COD,1,0,synthetic
128.96,14.18,336,Prepaid,17,0,synthetic
48.56,16.86,296,COD,18,0,real_openml_creditcard_42397
572.76,75.32,1469,COD,16,0,synthetic
87.7,4.42,182,Prepaid,7,0,real_openml_creditcard_42397
701.93,81.17,1656,Wallet,1,0,synthetic
768.73,82.3,1729,Wallet,21,0,synthetic
274.58,26.34,613,Wallet,3,0,synthetic
17.7,22.51,336,COD,22,0,real_openml_creditcard_42397
186.17,11.57,356,Wallet,23,0,synthetic
108.26,10.38,272,Prepaid,11,0,real_openml_creditcard_42397
87.29,117.25,1536,COD,9,0,synthetic
168.49,83.77,1207,Prepaid,5,0,synthetic
751.7,79.47,1680,Prepaid,22,0,synthetic
252.04,62.66,1029,Prepaid,4,0,synthetic
392.22,13.5,565,COD,18,0,real_openml_creditcard_42397
766.26,42.35,1248,Prepaid,21,0,synthetic
83.32,50.71,734,Prepaid,21,0,synthetic
134.27,0.93,182,Wallet,1,0,real_openml_creditcard_42397
415.59,2.68,456,Prepaid,13,0,synthetic
752.08,106.61,2006,Wallet,0,0,synthetic
648.14,81.92,1616,COD,11,0,synthetic
83.09,7.77,218,Wallet,0,0,real_openml_creditcard_42397
141.19,6.33,253,Prepaid,20,0,real_openml_creditcard_42397
1.84,10.94,183,Prepaid,14,0,real_openml_creditcard_42397
159.67,75.41,1099,Wallet,2,0,synthetic
51.71,83.56,1099,Wallet,20,0,synthetic
45.98,8.22,190,COD,21,0,real_openml_creditcard_42397
276.68,47.83,873,COD,12,0,synthetic
98.36,3.62,182,COD,23,0,real_openml_creditcard_42397
150.71,86.06,1218,COD,5,0,synthetic
463.01,88.86,1533,Prepaid,19,1,synthetic
34.17,9.44,194,Prepaid,7,0,real_openml_creditcard_42397
287.22,23.28,588,COD,20,0,synthetic
27.5,10.85,205,Prepaid,4,0,real_openml_creditcard_42397
612.7,94.93,1741,COD,16,0,synthetic
439.28,89.38,1518,COD,19,0,synthetic
681.25,117.98,2079,Wallet,16,0,synthetic
420.41,23.25,707,Wallet,6,0,synthetic
76.2,8.12,216,Wallet,8,0,real_openml_creditcard_42397
564.41,44.26,1089,COD,13,0,synthetic
772.61,83.22,1744,COD,0,0,synthetic
114.68,63.88,920,Prepaid,3,0,synthetic
535.41,53.01,1168,Prepaid,17,0,synthetic
688.69,92.34,1778,COD,16,0,synthetic
26.46,10.02,194,COD,16,0,real_openml_creditcard_42397
503.55,21.4,760,Wallet,15,0,real_openml_creditcard_42397
480.84,101.72,1703,COD,7,0,synthetic
723.33,81.18,1675,COD,16,0,synthetic
576.39,56.43,1246,Prepaid,23,0,synthetic
210.78,85.77,1269,COD,18,0,synthetic
242.02,0.77,277,COD,11,0,real_openml_creditcard_42397
128.84,1.34,182,Wallet,14,0,real_openml_creditcard_42397
107.12,3.63,190,COD,21,0,real_openml_creditcard_42397
364.91,5.63,446,Wallet,5,1,synthetic
719.5,2.2,724,Wallet,20,0,real_openml_creditcard_42397
64.97,6.46,186,Wallet,23,0,real_openml_creditcard_42397
364.56,21.87,641,Wallet,11,0,synthetic
218.55,36.16,681,Prepaid,15,0,synthetic
121.72,1.29,175,Prepaid,8,0,synthetic
320.46,29.3,690,COD,10,0,synthetic
676.84,57.31,1347,COD,21,0,synthetic
344.27,116.03,1752,Wallet,5,0,synthetic
1.4,10.89,182,COD,23,0,real_openml_creditcard_42397
520.32,69.17,1348,Prepaid,13,0,synthetic
676.29,73.6,1542,COD,9,0,synthetic
68.56,8.86,218,Wallet,0,0,real_openml_creditcard_42397
182.39,8.57,317,COD,0,0,real_openml_creditcard_42397
347.63,34.4,776,Prepaid,3,0,synthetic
587.15,103.94,1826,Wallet,5,0,synthetic
29.95,16.67,277,Wallet,9,0,real_openml_creditcard_42397
263.1,63.49,1049,COD,3,0,synthetic
8.58,11.69,198,Prepaid,19,0,real_openml_creditcard_42397
573.07,2.94,601,Wallet,23,0,synthetic
111.59,6.3,226,Prepaid,11,0,real_openml_creditcard_42397
743.58,14.35,891,COD,9,0,synthetic
213.19,25.21,544,Prepaid,12,0,synthetic
67.37,9.53,225,COD,21,0,real_openml_creditcard_42397
654.62,84.79,1657,Prepaid,21,1,synthetic
215.88,70.46,1090,COD,21,0,synthetic
288.1,4.31,361,Prepaid,15,0,real_openml_creditcard_42397
137.07,1.14,187,COD,2,0,real_openml_creditcard_42397
8.62,10.35,182,COD,14,0,real_openml_creditcard_42397
286.03,67.63,1119,COD,3,0,synthetic
755.24,47.54,1300,Wallet,4,0,synthetic
195.61,88.64,1290,Wallet,19,0,synthetic
126.4,9.1,273,COD,13,0,real_openml_creditcard_42397
70.7,6.53,192,COD,9,0,real_openml_creditcard_42397
196.04,3.63,270,Prepaid,5,0,synthetic
130.36,11.97,311,COD,17,0,real_openml_creditcard_42397
602.71,82.08,1577,Prepaid,9,0,synthetic
433.76,55.02,1101,COD,23,0,synthetic
221.75,88.69,1314,COD,7,0,synthetic
43.29,10.42,214,COD,20,0,real_openml_creditcard_42397
135.24,1.27,187,COD,16,0,real_openml_creditcard_42397
685.88,85.19,1690,Prepaid,23,0,synthetic
632.57,27.18,945,Wallet,17,0,synthetic
150.41,6.72,266,COD,11,0,real_openml_creditcard_42397
20.24,0.83,78,Prepaid,7,0,synthetic
48.99,7.49,184,Prepaid,18,0,real_openml_creditcard_42397
151.67,63.75,951,Wallet,12,0,synthetic
33.2,11.09,213,COD,19,0,real_openml_creditcard_42397
108.97,2.83,182,Prepaid,20,0,real_openml_creditcard_42397
153.6,4.73,245,COD,20,0,real_openml_creditcard_42397
96.42,6.94,220,COD,17,0,real_openml_creditcard_42397
217.2,65.3,1029,Prepaid,9,0,synthetic
67.84,82.67,1103,Wallet,4,0,synthetic
284.81,2.0,330,Prepaid,10,0,synthetic
269.84,110.15,1615,Prepaid,11,0,synthetic
266.46,10.36,414,COD,10,0,synthetic
333.75,111.02,1683,Wallet,10,0,synthetic
355.09,10.4,494,Wallet,10,0,synthetic
39.07,100.1,1286,Prepaid,10,0,synthetic
85.85,5.31,191,Wallet,10,0,real_openml_creditcard_42397
13.35,24.08,351,COD,9,0,real_openml_creditcard_42397
157.55,7.79,285,Wallet,19,0,synthetic
452.98,22.11,723,Wallet,17,0,real_openml_creditcard_42397
660.35,60.97,1376,COD,13,1,synthetic
229.57,77.51,1187,Prepaid,3,0,synthetic
349.55,58.09,1062,Prepaid,2,0,synthetic
430.31,8.76,542,Wallet,0,1,synthetic
651.65,58.63,1340,Wallet,7,0,synthetic
444.51,36.6,889,COD,22,0,synthetic
65.27,29.02,457,Prepaid,17,0,real_openml_creditcard_42397
266.98,1.45,308,COD,1,0,synthetic
48.53,7.44,183,Wallet,23,0,real_openml_creditcard_42397
108.34,3.71,192,Prepaid,7,0,real_openml_creditcard_42397
178.07,1.23,225,Prepaid,9,0,real_openml_creditcard_42397
568.7,26.54,880,Prepaid,23,0,synthetic
187.2,24.68,515,Wallet,21,0,synthetic
5.86,12.14,201,Wallet,5,0,real_openml_creditcard_42397
517.64,43.42,1037,Prepaid,15,0,synthetic
742.39,64.36,1490,Prepaid,1,0,synthetic
498.54,90.23,1581,Wallet,15,0,synthetic
767.34,41.34,1237,COD,5,0,synthetic
205.6,1.16,249,Prepaid,21,0,real_openml_creditcard_42397
462.11,102.25,1693,COD,14,0,synthetic
617.86,50.36,1210,COD,1,0,synthetic
22.82,80.78,1040,Prepaid,23,0,synthetic
123.99,43.87,688,Wallet,16,0,real_openml_creditcard_42397
261.94,87.09,1331,Wallet,4,0,synthetic
142.61,81.53,1157,Wallet,23,1,synthetic
128.09,29.56,520,Prepaid,0,0,synthetic
324.4,92.92,1457,Prepaid,1,0,synthetic
88.09,4.98,189,Wallet,10,0,real_openml_creditcard_42397
14.67,9.98,183,Prepaid,10,0,real_openml_creditcard_42397
641.87,103.04,1864,Wallet,18,0,synthetic
514.7,107.42,1802,COD,23,0,synthetic
104.68,107.64,1436,COD,22,0,synthetic
1389.51,57.7,1993,COD,13,0,real_openml_creditcard_42397
261.41,2.81,319,Prepaid,17,0,real_openml_creditcard_42397
152.88,109.79,1505,Prepaid,13,0,synthetic
135.47,2.67,204,COD,16,0,real_openml_creditcard_42397
162.96,3.13,234,Wallet,3,0,synthetic
421.33,32.28,817,Wallet,21,0,synthetic
113.5,3.15,190,Prepaid,20,0,real_openml_creditcard_42397
697.29,49.98,1277,COD,14,0,synthetic
52.93,13.45,259,Prepaid,20,0,real_openml_creditcard_42397
33.71,9.47,194,Prepaid,11,0,real_openml_creditcard_42397
12.48,90.7,1150,Prepaid,0,0,synthetic
202.13,2.76,265,COD,11,0,real_openml_creditcard_42397
44.62,60.66,818,COD,16,0,synthetic
36.1,19.82,320,Wallet,8,0,synthetic
679.17,61.02,1394,COD,13,0,synthetic
45.55,8.5,193,Prepaid,3,0,real_openml_creditcard_42397
5.59,117.71,1468,Wallet,12,0,synthetic
622.98,74.37,1503,COD,13,0,synthetic
568.28,70.23,1404,Prepaid,14,0,synthetic
32.72,96.85,1242,COD,21,0,synthetic
527.35,60.54,1251,Prepaid,7,0,synthetic
207.81,101.57,1456,COD,23,0,synthetic
164.77,118.51,1620,COD,18,0,synthetic
44.26,12.51,240,Wallet,17,0,real_openml_creditcard_42397
70.9,88.38,1174,Prepaid,9,0,synthetic
63.28,6.25,182,Wallet,12,0,real_openml_creditcard_42397
557.66,94.87,1690,Wallet,17,1,synthetic
68.08,90.48,1197,COD,10,0,real_openml_creditcard_42397
241.99,61.04,1000,Wallet,0,0,synthetic
32.07,8.51,181,COD,19,0,real_openml_creditcard_42397
496.02,52.17,1122,COD,7,0,synthetic
15.25,3.46,105,Wallet,18,0,synthetic
228.16,7.3,343,Wallet,5,0,real_openml_creditcard_42397
385.36,13.74,562,COD,11,0,synthetic
246.8,31.87,655,COD,5,0,synthetic
504.13,11.64,643,Prepaid,15,0,synthetic
95.04,12.46,285,COD,18,0,real_openml_creditcard_42397
602.78,112.92,1948,Prepaid,5,0,synthetic
1333.11,141.02,2942,Prepaid,7,0,real_openml_creditcard_42397
226.13,51.34,870,COD,23,0,synthetic
727.11,25.97,1016,COD,15,0,real_openml_creditcard_42397
545.13,82.45,1530,Prepaid,3,0,synthetic
160.79,118.48,1617,COD,9,0,synthetic
329.11,23.93,633,COD,19,0,synthetic
103.98,8.45,245,Wallet,18,0,real_openml_creditcard_42397
61.95,6.6,185,Prepaid,15,0,real_openml_creditcard_42397
22.62,15.55,257,COD,8,0,real_openml_creditcard_42397
52.9,95.82,1247,COD,15,0,synthetic
5.24,16.94,258,Prepaid,19,0,real_openml_creditcard_42397
287.22,10.37,433,Prepaid,14,0,real_openml_creditcard_42397
29.32,12.13,222,COD,20,0,real_openml_creditcard_42397
44.48,8.08,187,Wallet,11,0,real_openml_creditcard_42397
518.01,41.41,1013,Prepaid,16,0,synthetic
73.9,5.46,182,COD,12,0,real_openml_creditcard_42397
391.73,101.26,1618,COD,10,0,synthetic
131.4,67.82,982,Prepaid,19,0,synthetic
47.69,8.42,194,Wallet,21,0,real_openml_creditcard_42397
170.0,11.17,337,Wallet,10,0,real_openml_creditcard_42397
329.1,115.22,1729,Wallet,11,0,synthetic
101.86,4.11,191,Wallet,9,0,real_openml_creditcard_42397
760.4,59.51,1449,Wallet,17,0,synthetic
56.56,2.18,127,Prepaid,16,0,synthetic
260.66,115.44,1670,Prepaid,20,0,synthetic
38.74,8.09,182,Prepaid,17,0,real_openml_creditcard_42397
57.83,12.25,249,COD,22,0,real_openml_creditcard_42397
264.42,76.7,1208,Prepaid,9,0,synthetic
33.15,24.68,376,COD,10,0,synthetic
73.2,9.18,226,Prepaid,20,0,real_openml_creditcard_42397
156.14,0.62,198,Wallet,8,0,real_openml_creditcard_42397
75.83,7.4,207,COD,19,0,real_openml_creditcard_42397
266.42,112.44,1639,COD,6,0,synthetic
420.54,3.04,465,COD,20,0,real_openml_creditcard_42397
682.68,80.35,1629,Wallet,2,0,synthetic
377.19,76.8,1311,COD,15,0,synthetic
161.47,38.72,660,Wallet,4,0,synthetic
229.17,40.48,742,Prepaid,23,0,real_openml_creditcard_42397
139.39,6.71,256,Prepaid,22,0,real_openml_creditcard_42397
457.9,18.85,688,Wallet,15,0,synthetic
90.57,61.87,874,Wallet,12,0,synthetic
658.12,43.54,1165,Prepaid,12,0,synthetic
55.83,16.15,294,Prepaid,18,0,real_openml_creditcard_42397
102.84,79.8,1100,COD,3,0,synthetic
632.67,38.49,1081,Wallet,21,0,synthetic
122.75,21.04,413,Wallet,12,0,synthetic
302.22,66.26,1117,COD,10,0,synthetic
148.42,2.62,215,Prepaid,13,0,real_openml_creditcard_42397
43.38,8.75,194,COD,2,0,real_openml_creditcard_42397
131.36,1.15,182,Prepaid,0,0,real_openml_creditcard_42397
690.02,64.75,1448,Wallet,21,0,synthetic
439.73,23.61,729,Wallet,0,0,synthetic
454.0,95.77,1608,COD,8,0,synthetic
348.13,116.12,1757,Wallet,19,0,synthetic
5.88,15.81,245,COD,1,0,real_openml_creditcard_42397
349.42,95.59,1512,Wallet,7,0,synthetic
173.66,9.73,323,Wallet,14,0,real_openml_creditcard_42397
244.99,28.49,612,Wallet,11,0,synthetic
795.86,66.9,1569,Wallet,0,0,synthetic
208.97,102.02,1462,COD,8,1,synthetic
186.6,11.86,360,Prepaid,11,0,synthetic
83.38,1.32,141,Wallet,8,0,synthetic
66.1,23.9,396,COD,20,0,synthetic
793.43,0.98,776,COD,22,0,synthetic
442.32,72.58,1319,Prepaid,20,0,synthetic
122.15,14.82,338,Prepaid,5,0,synthetic
205.48,2.26,262,COD,22,0,real_openml_creditcard_42397
648.53,56.38,1310,Prepaid,17,0,synthetic
281.7,61.51,1042,Wallet,14,0,synthetic
94.69,5.48,201,COD,17,0,real_openml_creditcard_42397
773.29,99.13,1936,COD,10,0,synthetic
61.69,22.56,376,Wallet,13,0,synthetic
405.41,74.9,1314,COD,13,0,synthetic
172.12,10.01,325,COD,11,0,real_openml_creditcard_42397
298.4,39.77,796,Wallet,9,1,synthetic
550.62,61.88,1288,Prepaid,12,0,synthetic
152.15,47.15,753,Wallet,19,0,synthetic
80.05,5.16,184,COD,23,0,real_openml_creditcard_42397
231.0,28.48,600,Prepaid,18,0,synthetic
60.34,6.47,182,COD,22,0,real_openml_creditcard_42397
182.22,24.58,509,Prepaid,12,0,real_openml_creditcard_42397
52.51,12.65,249,Wallet,17,0,real_openml_creditcard_42397
662.61,42.44,1156,Wallet,10,0,synthetic
415.24,52.91,1059,COD,10,0,synthetic
646.74,65.83,1422,Wallet,23,0,synthetic
550.64,11.12,679,Prepaid,2,0,synthetic
428.57,77.66,1368,Prepaid,22,0,synthetic
182.08,4.67,270,Wallet,4,0,synthetic
407.16,45.62,964,COD,15,0,synthetic
357.83,33.57,775,Prepaid,23,0,synthetic
41.15,7.91,182,Prepaid,3,0,real_openml_creditcard_42397
530.46,114.34,1900,Prepaid,19,0,synthetic
703.12,110.01,2003,COD,2,0,synthetic
716.94,28.29,1035,Prepaid,2,0,synthetic
606.36,112.14,1941,Prepaid,4,0,synthetic
14.29,11.59,202,Wallet,14,0,real_openml_creditcard_42397
551.36,92.82,1660,Wallet,14,0,synthetic
289.11,36.97,754,COD,22,0,synthetic
655.04,105.62,1907,COD,21,0,synthetic
5.85,10.56,182,COD,23,0,real_openml_creditcard_42397
272.12,63.94,1062,COD,17,0,synthetic
524.81,74.8,1420,Prepaid,0,0,synthetic
180.33,6.23,287,Wallet,22,0,real_openml_creditcard_42397
187.27,4.37,271,Prepaid,14,0,real_openml_creditcard_42397
493.58,49.83,1092,Prepaid,22,0,synthetic
172.54,54.51,859,COD,23,0,synthetic
135.02,0.87,182,Prepaid,22,0,real_openml_creditcard_42397
21.06,9.42,182,Wallet,18,0,real_openml_creditcard_42397
394.67,108.14,1703,Prepaid,13,0,synthetic
550.99,7.83,640,Wallet,17,0,synthetic
99.74,21.76,401,COD,8,0,synthetic
69.42,46.22,667,COD,9,0,synthetic
350.59,84.9,1384,COD,10,0,synthetic
691.11,3.14,710,Prepaid,3,0,synthetic
351.13,65.55,1153,Prepaid,13,0,synthetic
109.57,10.2,271,Prepaid,11,0,real_openml_creditcard_42397
642.99,41.36,1125,Wallet,21,0,synthetic
59.39,10.63,231,Prepaid,14,0,real_openml_creditcard_42397
543.36,25.82,849,COD,5,0,synthetic
58.41,6.62,182,COD,7,0,real_openml_creditcard_42397
85.1,95.83,1277,COD,3,0,synthetic
254.72,21.08,532,Wallet,9,0,synthetic
256.96,32.87,676,COD,9,0,synthetic
331.59,112.13,1694,Wallet,0,0,synthetic
655.97,0.87,651,Prepaid,10,0,synthetic
83.29,4.75,182,Prepaid,3,0,real_openml_creditcard_42397
